time,CO2
1534204800,0.160044755
1534205100,0.160044755
1534205400,0.160044755
1534205700,0.160044755
1534206000,0.160044755
1534206300,0.160044755
1534206600,0.160044755
1534206900,0.160044755
1534207200,0.160044755
1534207500,0.160044755
1534207800,0.160044755
1534208100,0.160044755
1534208400,0.160044755
1534208700,0.160044755
1534209000,0.160044755
1534209300,0.160044755
1534209600,0.160044755
1534209900,0.160044755
1534210200,0.160044755
1534210500,0.160044755
1534210800,0.160044755
1534211100,0.160044755
1534211400,0.160044755
1534211700,0.160044755
1534212000,0.160044755
1534212300,0.160044755
1534212600,0.160044755
1534212900,0.160044755
1534213200,0.160044755
1534213500,0.160044755
1534213800,0.160044755
1534214100,0.160044755
1534214400,0.160044755
1534214700,0.160044755
1534215000,0.160044755
1534215300,0.160044755
1534215600,0.160044755
1534215900,0.160044755
1534216200,0.160044755
1534216500,0.160044755
1534216800,0.160044755
1534217100,0.160044755
1534217400,0.160044755
1534217700,0.160044755
1534218000,0.160044755
1534218300,0.160044755
1534218600,0.160044755
1534218900,0.160044755
1534219200,0.160044755
1534219500,0.160044755
1534219800,0.160044755
1534220100,0.160044755
1534220400,0.160044755
1534220700,0.160044755
1534221000,0.160044755
1534221300,0.160044755
1534221600,0.160044755
1534221900,0.160044755
1534222200,0.160044755
1534222500,0.160044755
1534222800,0.160044755
1534223100,0.160044755
1534223400,0.160044755
1534223700,0.160044755
1534224000,0.160044755
1534224300,0.160044755
1534224600,0.160044755
1534224900,0.160044755
1534225200,0.160044755
1534225500,0.160044755
1534225800,0.160044755
1534226100,0.160044755
1534226400,0.160044755
1534226700,0.160044755
1534227000,0.160044755
1534227300,0.160044755
1534227600,0.160044755
1534227900,0.160044755
1534228200,0.160044755
1534228500,0.160044755
1534228800,0.160044755
1534229100,0.160044755
1534229400,0.160044755
1534229700,0.160044755
1534230000,0.160044755
1534230300,0.160044755
1534230600,0.160044755
1534230900,0.160044755
1534231200,0.160044755
1534231500,0.160044755
1534231800,0.160044755
1534232100,0.160044755
1534232400,0.160044755
1534232700,0.160044755
1534233000,0.160044755
1534233300,0.160044755
1534233600,0.160044755
1534233900,0.160044755
1534234200,0.160044755
1534234500,0.160044755
1534234800,0.160044755
1534235100,0.160044755
1534235400,0.160044755
1534235700,0.160044755
1534236000,0.160044755
1534236300,0.160044755
1534236600,0.160044755
1534236900,0.160044755
1534237200,0.160044755
1534237500,0.160044755
1534237800,0.160044755
1534238100,0.160044755
1534238400,0.160044755
1534238700,0.160044755
1534239000,0.160044755
1534239300,0.160044755
1534239600,0.160044755
1534239900,0.160044755
1534240200,0.160044755
1534240500,0.160044755
1534240800,0.160044755
1534241100,0.160044755
1534241400,0.160044755
1534241700,0.160044755
1534242000,0.160044755
1534242300,0.160044755
1534242600,0.160044755
1534242900,0.160044755
1534243200,0.160044755
1534243500,0.160044755
1534243800,0.160044755
1534244100,0.160044755
1534244400,0.160044755
1534244700,0.160044755
1534245000,0.160044755
1534245300,0.160044755
1534245600,0.160044755
1534245900,0.160044755
1534246200,0.160044755
1534246500,0.160044755
1534246800,0.160044755
1534247100,0.160044755
1534247400,0.160044755
1534247700,0.160044755
1534248000,0.160044755
1534248300,0.160044755
1534248600,0.160044755
1534248900,0.160044755
1534249200,0.160044755
1534249500,0.160044755
1534249800,0.160044755
1534250100,0.160044755
1534250400,0.160044755
1534250700,0.160044755
1534251000,0.160044755
1534251300,0.160044755
1534251600,0.160044755
1534251900,0.160044755
1534252200,0.160044755
1534252500,0.160044755
1534252800,0.160044755
1534253100,0.160044755
1534253400,0.160044755
1534253700,0.160044755
1534254000,0.160044755
1534254300,0.160044755
1534254600,0.160044755
1534254900,0.160044755
1534255200,0.160044755
1534255500,0.160044755
1534255800,0.160044755
1534256100,0.160044755
1534256400,0.160044755
1534256700,0.160044755
1534257000,0.160044755
1534257300,0.160044755
1534257600,0.160044755
1534257900,0.160044755
1534258200,0.160044755
1534258500,0.160044755
1534258800,0.160044755
1534259100,0.160044755
1534259400,0.160044755
1534259700,0.160044755
1534260000,0.160044755
1534260300,0.160044755
1534260600,0.160044755
1534260900,0.160044755
1534261200,0.160044755
1534261500,0.160044755
1534261800,0.160044755
1534262100,0.160044755
1534262400,0.160044755
1534262700,0.160044755
1534263000,0.160044755
1534263300,0.160044755
1534263600,0.160044755
1534263900,0.160044755
1534264200,0.160044755
1534264500,0.160044755
1534264800,0.160044755
1534265100,0.160044755
1534265400,0.160044755
1534265700,0.160044755
1534266000,0.160044755
1534266300,0.160044755
1534266600,0.160044755
1534266900,0.160044755
1534267200,0.160044755
1534267500,0.160044755
1534267800,0.160044755
1534268100,0.160044755
1534268400,0.160044755
1534268700,0.160044755
1534269000,0.160044755
1534269300,0.160044755
1534269600,0.160044755
1534269900,0.160044755
1534270200,0.160044755
1534270500,0.160044755
1534270800,0.160044755
1534271100,0.160044755
1534271400,0.160044755
1534271700,0.160044755
1534272000,0.160044755
1534272300,0.160044755
1534272600,0.160044755
1534272900,0.160044755
1534273200,0.160044755
1534273500,0.160044755
1534273800,0.160044755
1534274100,0.160044755
1534274400,0.160044755
1534274700,0.160044755
1534275000,0.160044755
1534275300,0.160044755
1534275600,0.160044755
1534275900,0.160044755
1534276200,0.160044755
1534276500,0.160044755
1534276800,0.160044755
1534277100,0.160044755
1534277400,0.160044755
1534277700,0.160044755
1534278000,0.160044755
1534278300,0.160044755
1534278600,0.160044755
1534278900,0.160044755
1534279200,0.160044755
1534279500,0.160044755
1534279800,0.160044755
1534280100,0.160044755
1534280400,0.160044755
1534280700,0.160044755
1534281000,0.160044755
1534281300,0.160044755
1534281600,0.160044755
1534281900,0.160044755
1534282200,0.160044755
1534282500,0.160044755
1534282800,0.160044755
1534283100,0.160044755
1534283400,0.160044755
1534283700,0.160044755
1534284000,0.160044755
1534284300,0.160044755
1534284600,0.160044755
1534284900,0.160044755
1534285200,0.160044755
1534285500,0.160044755
1534285800,0.160044755
1534286100,0.160044755
1534286400,0.160044755
1534286700,0.160044755
1534287000,0.160044755
1534287300,0.160044755
1534287600,0.160044755
1534287900,0.160044755
1534288200,0.160044755
1534288500,0.160044755
1534288800,0.160044755
1534289100,0.160044755
1534289400,0.160044755
1534289700,0.160044755
1534290000,0.160044755
1534290300,0.160044755
1534290600,0.160044755
1534290900,0.160044755
1534291200,0.162133333
1534291500,0.162133333
1534291800,0.162133333
1534292100,0.162133333
1534292400,0.162133333
1534292700,0.162133333
1534293000,0.162133333
1534293300,0.162133333
1534293600,0.162133333
1534293900,0.162133333
1534294200,0.162133333
1534294500,0.162133333
1534294800,0.162133333
1534295100,0.162133333
1534295400,0.162133333
1534295700,0.162133333
1534296000,0.162133333
1534296300,0.162133333
1534296600,0.162133333
1534296900,0.162133333
1534297200,0.162133333
1534297500,0.162133333
1534297800,0.162133333
1534298100,0.162133333
1534298400,0.162133333
1534298700,0.162133333
1534299000,0.162133333
1534299300,0.162133333
1534299600,0.162133333
1534299900,0.162133333
1534300200,0.162133333
1534300500,0.162133333
1534300800,0.162133333
1534301100,0.162133333
1534301400,0.162133333
1534301700,0.162133333
1534302000,0.162133333
1534302300,0.162133333
1534302600,0.162133333
1534302900,0.162133333
1534303200,0.162133333
1534303500,0.162133333
1534303800,0.162133333
1534304100,0.162133333
1534304400,0.162133333
1534304700,0.162133333
1534305000,0.162133333
1534305300,0.162133333
1534305600,0.162133333
1534305900,0.162133333
1534306200,0.162133333
1534306500,0.162133333
1534306800,0.162133333
1534307100,0.162133333
1534307400,0.162133333
1534307700,0.162133333
1534308000,0.162133333
1534308300,0.162133333
1534308600,0.162133333
1534308900,0.162133333
1534309200,0.162133333
1534309500,0.162133333
1534309800,0.162133333
1534310100,0.162133333
1534310400,0.162133333
1534310700,0.162133333
1534311000,0.162133333
1534311300,0.162133333
1534311600,0.162133333
1534311900,0.162133333
1534312200,0.162133333
1534312500,0.162133333
1534312800,0.162133333
1534313100,0.162133333
1534313400,0.162133333
1534313700,0.162133333
1534314000,0.162133333
1534314300,0.162133333
1534314600,0.162133333
1534314900,0.162133333
1534315200,0.162133333
1534315500,0.162133333
1534315800,0.162133333
1534316100,0.162133333
1534316400,0.162133333
1534316700,0.162133333
1534317000,0.162133333
1534317300,0.162133333
1534317600,0.162133333
1534317900,0.162133333
1534318200,0.162133333
1534318500,0.162133333
1534318800,0.162133333
1534319100,0.162133333
1534319400,0.162133333
1534319700,0.162133333
1534320000,0.162133333
1534320300,0.162133333
1534320600,0.162133333
1534320900,0.162133333
1534321200,0.162133333
1534321500,0.162133333
1534321800,0.162133333
1534322100,0.162133333
1534322400,0.162133333
1534322700,0.162133333
1534323000,0.162133333
1534323300,0.162133333
1534323600,0.162133333
1534323900,0.162133333
1534324200,0.162133333
1534324500,0.162133333
1534324800,0.162133333
1534325100,0.162133333
1534325400,0.162133333
1534325700,0.162133333
1534326000,0.162133333
1534326300,0.162133333
1534326600,0.162133333
1534326900,0.162133333
1534327200,0.162133333
1534327500,0.162133333
1534327800,0.162133333
1534328100,0.162133333
1534328400,0.162133333
1534328700,0.162133333
1534329000,0.162133333
1534329300,0.162133333
1534329600,0.162133333
1534329900,0.162133333
1534330200,0.162133333
1534330500,0.162133333
1534330800,0.162133333
1534331100,0.162133333
1534331400,0.162133333
1534331700,0.162133333
1534332000,0.162133333
1534332300,0.162133333
1534332600,0.162133333
1534332900,0.162133333
1534333200,0.162133333
1534333500,0.162133333
1534333800,0.162133333
1534334100,0.162133333
1534334400,0.162133333
1534334700,0.162133333
1534335000,0.162133333
1534335300,0.162133333
1534335600,0.162133333
1534335900,0.162133333
1534336200,0.162133333
1534336500,0.162133333
1534336800,0.162133333
1534337100,0.162133333
1534337400,0.162133333
1534337700,0.162133333
1534338000,0.162133333
1534338300,0.162133333
1534338600,0.162133333
1534338900,0.162133333
1534339200,0.162133333
1534339500,0.162133333
1534339800,0.162133333
1534340100,0.162133333
1534340400,0.162133333
1534340700,0.162133333
1534341000,0.162133333
1534341300,0.162133333
1534341600,0.162133333
1534341900,0.162133333
1534342200,0.162133333
1534342500,0.162133333
1534342800,0.162133333
1534343100,0.162133333
1534343400,0.162133333
1534343700,0.162133333
1534344000,0.162133333
1534344300,0.162133333
1534344600,0.162133333
1534344900,0.162133333
1534345200,0.162133333
1534345500,0.162133333
1534345800,0.162133333
1534346100,0.162133333
1534346400,0.162133333
1534346700,0.162133333
1534347000,0.162133333
1534347300,0.162133333
1534347600,0.162133333
1534347900,0.162133333
1534348200,0.162133333
1534348500,0.162133333
1534348800,0.162133333
1534349100,0.162133333
1534349400,0.162133333
1534349700,0.162133333
1534350000,0.162133333
1534350300,0.162133333
1534350600,0.162133333
1534350900,0.162133333
1534351200,0.162133333
1534351500,0.162133333
1534351800,0.162133333
1534352100,0.162133333
1534352400,0.162133333
1534352700,0.162133333
1534353000,0.162133333
1534353300,0.162133333
1534353600,0.162133333
1534353900,0.162133333
1534354200,0.162133333
1534354500,0.162133333
1534354800,0.162133333
1534355100,0.162133333
1534355400,0.162133333
1534355700,0.162133333
1534356000,0.162133333
1534356300,0.162133333
1534356600,0.162133333
1534356900,0.162133333
1534357200,0.162133333
1534357500,0.162133333
1534357800,0.162133333
1534358100,0.162133333
1534358400,0.162133333
1534358700,0.162133333
1534359000,0.162133333
1534359300,0.162133333
1534359600,0.162133333
1534359900,0.162133333
1534360200,0.162133333
1534360500,0.162133333
1534360800,0.162133333
1534361100,0.162133333
1534361400,0.162133333
1534361700,0.162133333
1534362000,0.162133333
1534362300,0.162133333
1534362600,0.162133333
1534362900,0.162133333
1534363200,0.162133333
1534363500,0.162133333
1534363800,0.162133333
1534364100,0.162133333
1534364400,0.162133333
1534364700,0.162133333
1534365000,0.162133333
1534365300,0.162133333
1534365600,0.162133333
1534365900,0.162133333
1534366200,0.162133333
1534366500,0.162133333
1534366800,0.162133333
1534367100,0.162133333
1534367400,0.162133333
1534367700,0.162133333
1534368000,0.162133333
1534368300,0.162133333
1534368600,0.162133333
1534368900,0.162133333
1534369200,0.162133333
1534369500,0.162133333
1534369800,0.162133333
1534370100,0.162133333
1534370400,0.162133333
1534370700,0.162133333
1534371000,0.162133333
1534371300,0.162133333
1534371600,0.162133333
1534371900,0.162133333
1534372200,0.162133333
1534372500,0.162133333
1534372800,0.162133333
1534373100,0.162133333
1534373400,0.162133333
1534373700,0.162133333
1534374000,0.162133333
1534374300,0.162133333
1534374600,0.162133333
1534374900,0.162133333
1534375200,0.162133333
1534375500,0.162133333
1534375800,0.162133333
1534376100,0.162133333
1534376400,0.162133333
1534376700,0.162133333
1534377000,0.162133333
1534377300,0.162133333
1534377600,0.154666667
1534377900,0.154666667
1534378200,0.154666667
1534378500,0.154666667
1534378800,0.154666667
1534379100,0.154666667
1534379400,0.154666667
1534379700,0.154666667
1534380000,0.154666667
1534380300,0.154666667
1534380600,0.154666667
1534380900,0.154666667
1534381200,0.154666667
1534381500,0.154666667
1534381800,0.154666667
1534382100,0.154666667
1534382400,0.154666667
1534382700,0.154666667
1534383000,0.154666667
1534383300,0.154666667
1534383600,0.154666667
1534383900,0.154666667
1534384200,0.154666667
1534384500,0.154666667
1534384800,0.154666667
1534385100,0.154666667
1534385400,0.154666667
1534385700,0.154666667
1534386000,0.154666667
1534386300,0.154666667
1534386600,0.154666667
1534386900,0.154666667
1534387200,0.154666667
1534387500,0.154666667
1534387800,0.154666667
1534388100,0.154666667
1534388400,0.154666667
1534388700,0.154666667
1534389000,0.154666667
1534389300,0.154666667
1534389600,0.154666667
1534389900,0.154666667
1534390200,0.154666667
1534390500,0.154666667
1534390800,0.154666667
1534391100,0.154666667
1534391400,0.154666667
1534391700,0.154666667
1534392000,0.154666667
1534392300,0.154666667
1534392600,0.154666667
1534392900,0.154666667
1534393200,0.154666667
1534393500,0.154666667
1534393800,0.154666667
1534394100,0.154666667
1534394400,0.154666667
1534394700,0.154666667
1534395000,0.154666667
1534395300,0.154666667
1534395600,0.154666667
1534395900,0.154666667
1534396200,0.154666667
1534396500,0.154666667
1534396800,0.154666667
1534397100,0.154666667
1534397400,0.154666667
1534397700,0.154666667
1534398000,0.154666667
1534398300,0.154666667
1534398600,0.154666667
1534398900,0.154666667
1534399200,0.154666667
1534399500,0.154666667
1534399800,0.154666667
1534400100,0.154666667
1534400400,0.154666667
1534400700,0.154666667
1534401000,0.154666667
1534401300,0.154666667
1534401600,0.154666667
1534401900,0.154666667
1534402200,0.154666667
1534402500,0.154666667
1534402800,0.154666667
1534403100,0.154666667
1534403400,0.154666667
1534403700,0.154666667
1534404000,0.154666667
1534404300,0.154666667
1534404600,0.154666667
1534404900,0.154666667
1534405200,0.154666667
1534405500,0.154666667
1534405800,0.154666667
1534406100,0.154666667
1534406400,0.154666667
1534406700,0.154666667
1534407000,0.154666667
1534407300,0.154666667
1534407600,0.154666667
1534407900,0.154666667
1534408200,0.154666667
1534408500,0.154666667
1534408800,0.154666667
1534409100,0.154666667
1534409400,0.154666667
1534409700,0.154666667
1534410000,0.154666667
1534410300,0.154666667
1534410600,0.154666667
1534410900,0.154666667
1534411200,0.154666667
1534411500,0.154666667
1534411800,0.154666667
1534412100,0.154666667
1534412400,0.154666667
1534412700,0.154666667
1534413000,0.154666667
1534413300,0.154666667
1534413600,0.154666667
1534413900,0.154666667
1534414200,0.154666667
1534414500,0.154666667
1534414800,0.154666667
1534415100,0.154666667
1534415400,0.154666667
1534415700,0.154666667
1534416000,0.154666667
1534416300,0.154666667
1534416600,0.154666667
1534416900,0.154666667
1534417200,0.154666667
1534417500,0.154666667
1534417800,0.154666667
1534418100,0.154666667
1534418400,0.154666667
1534418700,0.154666667
1534419000,0.154666667
1534419300,0.154666667
1534419600,0.154666667
1534419900,0.154666667
1534420200,0.154666667
1534420500,0.154666667
1534420800,0.154666667
1534421100,0.154666667
1534421400,0.154666667
1534421700,0.154666667
1534422000,0.154666667
1534422300,0.154666667
1534422600,0.154666667
1534422900,0.154666667
1534423200,0.154666667
1534423500,0.154666667
1534423800,0.154666667
1534424100,0.154666667
1534424400,0.154666667
1534424700,0.154666667
1534425000,0.154666667
1534425300,0.154666667
1534425600,0.154666667
1534425900,0.154666667
1534426200,0.154666667
1534426500,0.154666667
1534426800,0.154666667
1534427100,0.154666667
1534427400,0.154666667
1534427700,0.154666667
1534428000,0.154666667
1534428300,0.154666667
1534428600,0.154666667
1534428900,0.154666667
1534429200,0.154666667
1534429500,0.154666667
1534429800,0.154666667
1534430100,0.154666667
1534430400,0.154666667
1534430700,0.154666667
1534431000,0.154666667
1534431300,0.154666667
1534431600,0.154666667
1534431900,0.154666667
1534432200,0.154666667
1534432500,0.154666667
1534432800,0.154666667
1534433100,0.154666667
1534433400,0.154666667
1534433700,0.154666667
1534434000,0.154666667
1534434300,0.154666667
1534434600,0.154666667
1534434900,0.154666667
1534435200,0.154666667
1534435500,0.154666667
1534435800,0.154666667
1534436100,0.154666667
1534436400,0.154666667
1534436700,0.154666667
1534437000,0.154666667
1534437300,0.154666667
1534437600,0.154666667
1534437900,0.154666667
1534438200,0.154666667
1534438500,0.154666667
1534438800,0.154666667
1534439100,0.154666667
1534439400,0.154666667
1534439700,0.154666667
1534440000,0.154666667
1534440300,0.154666667
1534440600,0.154666667
1534440900,0.154666667
1534441200,0.154666667
1534441500,0.154666667
1534441800,0.154666667
1534442100,0.154666667
1534442400,0.154666667
1534442700,0.154666667
1534443000,0.154666667
1534443300,0.154666667
1534443600,0.154666667
1534443900,0.154666667
1534444200,0.154666667
1534444500,0.154666667
1534444800,0.154666667
1534445100,0.154666667
1534445400,0.154666667
1534445700,0.154666667
1534446000,0.154666667
1534446300,0.154666667
1534446600,0.154666667
1534446900,0.154666667
1534447200,0.154666667
1534447500,0.154666667
1534447800,0.154666667
1534448100,0.154666667
1534448400,0.154666667
1534448700,0.154666667
1534449000,0.154666667
1534449300,0.154666667
1534449600,0.154666667
1534449900,0.154666667
1534450200,0.154666667
1534450500,0.154666667
1534450800,0.154666667
1534451100,0.154666667
1534451400,0.154666667
1534451700,0.154666667
1534452000,0.154666667
1534452300,0.154666667
1534452600,0.154666667
1534452900,0.154666667
1534453200,0.154666667
1534453500,0.154666667
1534453800,0.154666667
1534454100,0.154666667
1534454400,0.154666667
1534454700,0.154666667
1534455000,0.154666667
1534455300,0.154666667
1534455600,0.154666667
1534455900,0.154666667
1534456200,0.154666667
1534456500,0.154666667
1534456800,0.154666667
1534457100,0.154666667
1534457400,0.154666667
1534457700,0.154666667
1534458000,0.154666667
1534458300,0.154666667
1534458600,0.154666667
1534458900,0.154666667
1534459200,0.154666667
1534459500,0.154666667
1534459800,0.154666667
1534460100,0.154666667
1534460400,0.154666667
1534460700,0.154666667
1534461000,0.154666667
1534461300,0.154666667
1534461600,0.154666667
1534461900,0.154666667
1534462200,0.154666667
1534462500,0.154666667
1534462800,0.154666667
1534463100,0.154666667
1534463400,0.154666667
1534463700,0.154666667
1534464000,0.1344
1534464300,0.1344
1534464600,0.1344
1534464900,0.1344
1534465200,0.1344
1534465500,0.1344
1534465800,0.1344
1534466100,0.1344
1534466400,0.1344
1534466700,0.1344
1534467000,0.1344
1534467300,0.1344
1534467600,0.1344
1534467900,0.1344
1534468200,0.1344
1534468500,0.1344
1534468800,0.1344
1534469100,0.1344
1534469400,0.1344
1534469700,0.1344
1534470000,0.1344
1534470300,0.1344
1534470600,0.1344
1534470900,0.1344
1534471200,0.1344
1534471500,0.1344
1534471800,0.1344
1534472100,0.1344
1534472400,0.1344
1534472700,0.1344
1534473000,0.1344
1534473300,0.1344
1534473600,0.1344
1534473900,0.1344
1534474200,0.1344
1534474500,0.1344
1534474800,0.1344
1534475100,0.1344
1534475400,0.1344
1534475700,0.1344
1534476000,0.1344
1534476300,0.1344
1534476600,0.1344
1534476900,0.1344
1534477200,0.1344
1534477500,0.1344
1534477800,0.1344
1534478100,0.1344
1534478400,0.1344
1534478700,0.1344
1534479000,0.1344
1534479300,0.1344
1534479600,0.1344
1534479900,0.1344
1534480200,0.1344
1534480500,0.1344
1534480800,0.1344
1534481100,0.1344
1534481400,0.1344
1534481700,0.1344
1534482000,0.1344
1534482300,0.1344
1534482600,0.1344
1534482900,0.1344
1534483200,0.1344
1534483500,0.1344
1534483800,0.1344
1534484100,0.1344
1534484400,0.1344
1534484700,0.1344
1534485000,0.1344
1534485300,0.1344
1534485600,0.1344
1534485900,0.1344
1534486200,0.1344
1534486500,0.1344
1534486800,0.1344
1534487100,0.1344
1534487400,0.1344
1534487700,0.1344
1534488000,0.1344
1534488300,0.1344
1534488600,0.1344
1534488900,0.1344
1534489200,0.1344
1534489500,0.1344
1534489800,0.1344
1534490100,0.1344
1534490400,0.1344
1534490700,0.1344
1534491000,0.1344
1534491300,0.1344
1534491600,0.1344
1534491900,0.1344
1534492200,0.1344
1534492500,0.1344
1534492800,0.1344
1534493100,0.1344
1534493400,0.1344
1534493700,0.1344
1534494000,0.1344
1534494300,0.1344
1534494600,0.1344
1534494900,0.1344
1534495200,0.1344
1534495500,0.1344
1534495800,0.1344
1534496100,0.1344
1534496400,0.1344
1534496700,0.1344
1534497000,0.1344
1534497300,0.1344
1534497600,0.1344
1534497900,0.1344
1534498200,0.1344
1534498500,0.1344
1534498800,0.1344
1534499100,0.1344
1534499400,0.1344
1534499700,0.1344
1534500000,0.1344
1534500300,0.1344
1534500600,0.1344
1534500900,0.1344
1534501200,0.1344
1534501500,0.1344
1534501800,0.1344
1534502100,0.1344
1534502400,0.1344
1534502700,0.1344
1534503000,0.1344
1534503300,0.1344
1534503600,0.1344
1534503900,0.1344
1534504200,0.1344
1534504500,0.1344
1534504800,0.1344
1534505100,0.1344
1534505400,0.1344
1534505700,0.1344
1534506000,0.1344
1534506300,0.1344
1534506600,0.1344
1534506900,0.1344
1534507200,0.1344
1534507500,0.1344
1534507800,0.1344
1534508100,0.1344
1534508400,0.1344
1534508700,0.1344
1534509000,0.1344
1534509300,0.1344
1534509600,0.1344
1534509900,0.1344
1534510200,0.1344
1534510500,0.1344
1534510800,0.1344
1534511100,0.1344
1534511400,0.1344
1534511700,0.1344
1534512000,0.1344
1534512300,0.1344
1534512600,0.1344
1534512900,0.1344
1534513200,0.1344
1534513500,0.1344
1534513800,0.1344
1534514100,0.1344
1534514400,0.1344
1534514700,0.1344
1534515000,0.1344
1534515300,0.1344
1534515600,0.1344
1534515900,0.1344
1534516200,0.1344
1534516500,0.1344
1534516800,0.1344
1534517100,0.1344
1534517400,0.1344
1534517700,0.1344
1534518000,0.1344
1534518300,0.1344
1534518600,0.1344
1534518900,0.1344
1534519200,0.1344
1534519500,0.1344
1534519800,0.1344
1534520100,0.1344
1534520400,0.1344
1534520700,0.1344
1534521000,0.1344
1534521300,0.1344
1534521600,0.1344
1534521900,0.1344
1534522200,0.1344
1534522500,0.1344
1534522800,0.1344
1534523100,0.1344
1534523400,0.1344
1534523700,0.1344
1534524000,0.1344
1534524300,0.1344
1534524600,0.1344
1534524900,0.1344
1534525200,0.1344
1534525500,0.1344
1534525800,0.1344
1534526100,0.1344
1534526400,0.1344
1534526700,0.1344
1534527000,0.1344
1534527300,0.1344
1534527600,0.1344
1534527900,0.1344
1534528200,0.1344
1534528500,0.1344
1534528800,0.1344
1534529100,0.1344
1534529400,0.1344
1534529700,0.1344
1534530000,0.1344
1534530300,0.1344
1534530600,0.1344
1534530900,0.1344
1534531200,0.1344
1534531500,0.1344
1534531800,0.1344
1534532100,0.1344
1534532400,0.1344
1534532700,0.1344
1534533000,0.1344
1534533300,0.1344
1534533600,0.1344
1534533900,0.1344
1534534200,0.1344
1534534500,0.1344
1534534800,0.1344
1534535100,0.1344
1534535400,0.1344
1534535700,0.1344
1534536000,0.1344
1534536300,0.1344
1534536600,0.1344
1534536900,0.1344
1534537200,0.1344
1534537500,0.1344
1534537800,0.1344
1534538100,0.1344
1534538400,0.1344
1534538700,0.1344
1534539000,0.1344
1534539300,0.1344
1534539600,0.1344
1534539900,0.1344
1534540200,0.1344
1534540500,0.1344
1534540800,0.1344
1534541100,0.1344
1534541400,0.1344
1534541700,0.1344
1534542000,0.1344
1534542300,0.1344
1534542600,0.1344
1534542900,0.1344
1534543200,0.1344
1534543500,0.1344
1534543800,0.1344
1534544100,0.1344
1534544400,0.1344
1534544700,0.1344
1534545000,0.1344
1534545300,0.1344
1534545600,0.1344
1534545900,0.1344
1534546200,0.1344
1534546500,0.1344
1534546800,0.1344
1534547100,0.1344
1534547400,0.1344
1534547700,0.1344
1534548000,0.1344
1534548300,0.1344
1534548600,0.1344
1534548900,0.1344
1534549200,0.1344
1534549500,0.1344
1534549800,0.1344
1534550100,0.1344
1534550400,0.1408
1534550700,0.1408
1534551000,0.1408
1534551300,0.1408
1534551600,0.1408
1534551900,0.1408
1534552200,0.1408
1534552500,0.1408
1534552800,0.1408
1534553100,0.1408
1534553400,0.1408
1534553700,0.1408
1534554000,0.1408
1534554300,0.1408
1534554600,0.1408
1534554900,0.1408
1534555200,0.1408
1534555500,0.1408
1534555800,0.1408
1534556100,0.1408
1534556400,0.1408
1534556700,0.1408
1534557000,0.1408
1534557300,0.1408
1534557600,0.1408
1534557900,0.1408
1534558200,0.1408
1534558500,0.1408
1534558800,0.1408
1534559100,0.1408
1534559400,0.1408
1534559700,0.1408
1534560000,0.1408
1534560300,0.1408
1534560600,0.1408
1534560900,0.1408
1534561200,0.1408
1534561500,0.1408
1534561800,0.1408
1534562100,0.1408
1534562400,0.1408
1534562700,0.1408
1534563000,0.1408
1534563300,0.1408
1534563600,0.1408
1534563900,0.1408
1534564200,0.1408
1534564500,0.1408
1534564800,0.1408
1534565100,0.1408
1534565400,0.1408
1534565700,0.1408
1534566000,0.1408
1534566300,0.1408
1534566600,0.1408
1534566900,0.1408
1534567200,0.1408
1534567500,0.1408
1534567800,0.1408
1534568100,0.1408
1534568400,0.1408
1534568700,0.1408
1534569000,0.1408
1534569300,0.1408
1534569600,0.1408
1534569900,0.1408
1534570200,0.1408
1534570500,0.1408
1534570800,0.1408
1534571100,0.1408
1534571400,0.1408
1534571700,0.1408
1534572000,0.1408
1534572300,0.1408
1534572600,0.1408
1534572900,0.1408
1534573200,0.1408
1534573500,0.1408
1534573800,0.1408
1534574100,0.1408
1534574400,0.1408
1534574700,0.1408
1534575000,0.1408
1534575300,0.1408
1534575600,0.1408
1534575900,0.1408
1534576200,0.1408
1534576500,0.1408
1534576800,0.1408
1534577100,0.1408
1534577400,0.1408
1534577700,0.1408
1534578000,0.1408
1534578300,0.1408
1534578600,0.1408
1534578900,0.1408
1534579200,0.1408
1534579500,0.1408
1534579800,0.1408
1534580100,0.1408
1534580400,0.1408
1534580700,0.1408
1534581000,0.1408
1534581300,0.1408
1534581600,0.1408
1534581900,0.1408
1534582200,0.1408
1534582500,0.1408
1534582800,0.1408
1534583100,0.1408
1534583400,0.1408
1534583700,0.1408
1534584000,0.1408
1534584300,0.1408
1534584600,0.1408
1534584900,0.1408
1534585200,0.1408
1534585500,0.1408
1534585800,0.1408
1534586100,0.1408
1534586400,0.1408
1534586700,0.1408
1534587000,0.1408
1534587300,0.1408
1534587600,0.1408
1534587900,0.1408
1534588200,0.1408
1534588500,0.1408
1534588800,0.1408
1534589100,0.1408
1534589400,0.1408
1534589700,0.1408
1534590000,0.1408
1534590300,0.1408
1534590600,0.1408
1534590900,0.1408
1534591200,0.1408
1534591500,0.1408
1534591800,0.1408
1534592100,0.1408
1534592400,0.1408
1534592700,0.1408
1534593000,0.1408
1534593300,0.1408
1534593600,0.1408
1534593900,0.1408
1534594200,0.1408
1534594500,0.1408
1534594800,0.1408
1534595100,0.1408
1534595400,0.1408
1534595700,0.1408
1534596000,0.1408
1534596300,0.1408
1534596600,0.1408
1534596900,0.1408
1534597200,0.1408
1534597500,0.1408
1534597800,0.1408
1534598100,0.1408
1534598400,0.1408
1534598700,0.1408
1534599000,0.1408
1534599300,0.1408
1534599600,0.1408
1534599900,0.1408
1534600200,0.1408
1534600500,0.1408
1534600800,0.1408
1534601100,0.1408
1534601400,0.1408
1534601700,0.1408
1534602000,0.1408
1534602300,0.1408
1534602600,0.1408
1534602900,0.1408
1534603200,0.1408
1534603500,0.1408
1534603800,0.1408
1534604100,0.1408
1534604400,0.1408
1534604700,0.1408
1534605000,0.1408
1534605300,0.1408
1534605600,0.1408
1534605900,0.1408
1534606200,0.1408
1534606500,0.1408
1534606800,0.1408
1534607100,0.1408
1534607400,0.1408
1534607700,0.1408
1534608000,0.1408
1534608300,0.1408
1534608600,0.1408
1534608900,0.1408
1534609200,0.1408
1534609500,0.1408
1534609800,0.1408
1534610100,0.1408
1534610400,0.1408
1534610700,0.1408
1534611000,0.1408
1534611300,0.1408
1534611600,0.1408
1534611900,0.1408
1534612200,0.1408
1534612500,0.1408
1534612800,0.1408
1534613100,0.1408
1534613400,0.1408
1534613700,0.1408
1534614000,0.1408
1534614300,0.1408
1534614600,0.1408
1534614900,0.1408
1534615200,0.1408
1534615500,0.1408
1534615800,0.1408
1534616100,0.1408
1534616400,0.1408
1534616700,0.1408
1534617000,0.1408
1534617300,0.1408
1534617600,0.1408
1534617900,0.1408
1534618200,0.1408
1534618500,0.1408
1534618800,0.1408
1534619100,0.1408
1534619400,0.1408
1534619700,0.1408
1534620000,0.1408
1534620300,0.1408
1534620600,0.1408
1534620900,0.1408
1534621200,0.1408
1534621500,0.1408
1534621800,0.1408
1534622100,0.1408
1534622400,0.1408
1534622700,0.1408
1534623000,0.1408
1534623300,0.1408
1534623600,0.1408
1534623900,0.1408
1534624200,0.1408
1534624500,0.1408
1534624800,0.1408
1534625100,0.1408
1534625400,0.1408
1534625700,0.1408
1534626000,0.1408
1534626300,0.1408
1534626600,0.1408
1534626900,0.1408
1534627200,0.1408
1534627500,0.1408
1534627800,0.1408
1534628100,0.1408
1534628400,0.1408
1534628700,0.1408
1534629000,0.1408
1534629300,0.1408
1534629600,0.1408
1534629900,0.1408
1534630200,0.1408
1534630500,0.1408
1534630800,0.1408
1534631100,0.1408
1534631400,0.1408
1534631700,0.1408
1534632000,0.1408
1534632300,0.1408
1534632600,0.1408
1534632900,0.1408
1534633200,0.1408
1534633500,0.1408
1534633800,0.1408
1534634100,0.1408
1534634400,0.1408
1534634700,0.1408
1534635000,0.1408
1534635300,0.1408
1534635600,0.1408
1534635900,0.1408
1534636200,0.1408
1534636500,0.1408
1534636800,0.112
1534637100,0.112
1534637400,0.112
1534637700,0.112
1534638000,0.112
1534638300,0.112
1534638600,0.112
1534638900,0.112
1534639200,0.112
1534639500,0.112
1534639800,0.112
1534640100,0.112
1534640400,0.112
1534640700,0.112
1534641000,0.112
1534641300,0.112
1534641600,0.112
1534641900,0.112
1534642200,0.112
1534642500,0.112
1534642800,0.112
1534643100,0.112
1534643400,0.112
1534643700,0.112
1534644000,0.112
1534644300,0.112
1534644600,0.112
1534644900,0.112
1534645200,0.112
1534645500,0.112
1534645800,0.112
1534646100,0.112
1534646400,0.112
1534646700,0.112
1534647000,0.112
1534647300,0.112
1534647600,0.112
1534647900,0.112
1534648200,0.112
1534648500,0.112
1534648800,0.112
1534649100,0.112
1534649400,0.112
1534649700,0.112
1534650000,0.112
1534650300,0.112
1534650600,0.112
1534650900,0.112
1534651200,0.112
1534651500,0.112
1534651800,0.112
1534652100,0.112
1534652400,0.112
1534652700,0.112
1534653000,0.112
1534653300,0.112
1534653600,0.112
1534653900,0.112
1534654200,0.112
1534654500,0.112
1534654800,0.112
1534655100,0.112
1534655400,0.112
1534655700,0.112
1534656000,0.112
1534656300,0.112
1534656600,0.112
1534656900,0.112
1534657200,0.112
1534657500,0.112
1534657800,0.112
1534658100,0.112
1534658400,0.112
1534658700,0.112
1534659000,0.112
1534659300,0.112
1534659600,0.112
1534659900,0.112
1534660200,0.112
1534660500,0.112
1534660800,0.112
1534661100,0.112
1534661400,0.112
1534661700,0.112
1534662000,0.112
1534662300,0.112
1534662600,0.112
1534662900,0.112
1534663200,0.112
1534663500,0.112
1534663800,0.112
1534664100,0.112
1534664400,0.112
1534664700,0.112
1534665000,0.112
1534665300,0.112
1534665600,0.112
1534665900,0.112
1534666200,0.112
1534666500,0.112
1534666800,0.112
1534667100,0.112
1534667400,0.112
1534667700,0.112
1534668000,0.112
1534668300,0.112
1534668600,0.112
1534668900,0.112
1534669200,0.112
1534669500,0.112
1534669800,0.112
1534670100,0.112
1534670400,0.112
1534670700,0.112
1534671000,0.112
1534671300,0.112
1534671600,0.112
1534671900,0.112
1534672200,0.112
1534672500,0.112
1534672800,0.112
1534673100,0.112
1534673400,0.112
1534673700,0.112
1534674000,0.112
1534674300,0.112
1534674600,0.112
1534674900,0.112
1534675200,0.112
1534675500,0.112
1534675800,0.112
1534676100,0.112
1534676400,0.112
1534676700,0.112
1534677000,0.112
1534677300,0.112
1534677600,0.112
1534677900,0.112
1534678200,0.112
1534678500,0.112
1534678800,0.112
1534679100,0.112
1534679400,0.112
1534679700,0.112
1534680000,0.112
1534680300,0.112
1534680600,0.112
1534680900,0.112
1534681200,0.112
1534681500,0.112
1534681800,0.112
1534682100,0.112
1534682400,0.112
1534682700,0.112
1534683000,0.112
1534683300,0.112
1534683600,0.112
1534683900,0.112
1534684200,0.112
1534684500,0.112
1534684800,0.112
1534685100,0.112
1534685400,0.112
1534685700,0.112
1534686000,0.112
1534686300,0.112
1534686600,0.112
1534686900,0.112
1534687200,0.112
1534687500,0.112
1534687800,0.112
1534688100,0.112
1534688400,0.112
1534688700,0.112
1534689000,0.112
1534689300,0.112
1534689600,0.112
1534689900,0.112
1534690200,0.112
1534690500,0.112
1534690800,0.112
1534691100,0.112
1534691400,0.112
1534691700,0.112
1534692000,0.112
1534692300,0.112
1534692600,0.112
1534692900,0.112
1534693200,0.112
1534693500,0.112
1534693800,0.112
1534694100,0.112
1534694400,0.112
1534694700,0.112
1534695000,0.112
1534695300,0.112
1534695600,0.112
1534695900,0.112
1534696200,0.112
1534696500,0.112
1534696800,0.112
1534697100,0.112
1534697400,0.112
1534697700,0.112
1534698000,0.112
1534698300,0.112
1534698600,0.112
1534698900,0.112
1534699200,0.112
1534699500,0.112
1534699800,0.112
1534700100,0.112
1534700400,0.112
1534700700,0.112
1534701000,0.112
1534701300,0.112
1534701600,0.112
1534701900,0.112
1534702200,0.112
1534702500,0.112
1534702800,0.112
1534703100,0.112
1534703400,0.112
1534703700,0.112
1534704000,0.112
1534704300,0.112
1534704600,0.112
1534704900,0.112
1534705200,0.112
1534705500,0.112
1534705800,0.112
1534706100,0.112
1534706400,0.112
1534706700,0.112
1534707000,0.112
1534707300,0.112
1534707600,0.112
1534707900,0.112
1534708200,0.112
1534708500,0.112
1534708800,0.112
1534709100,0.112
1534709400,0.112
1534709700,0.112
1534710000,0.112
1534710300,0.112
1534710600,0.112
1534710900,0.112
1534711200,0.112
1534711500,0.112
1534711800,0.112
1534712100,0.112
1534712400,0.112
1534712700,0.112
1534713000,0.112
1534713300,0.112
1534713600,0.112
1534713900,0.112
1534714200,0.112
1534714500,0.112
1534714800,0.112
1534715100,0.112
1534715400,0.112
1534715700,0.112
1534716000,0.112
1534716300,0.112
1534716600,0.112
1534716900,0.112
1534717200,0.112
1534717500,0.112
1534717800,0.112
1534718100,0.112
1534718400,0.112
1534718700,0.112
1534719000,0.112
1534719300,0.112
1534719600,0.112
1534719900,0.112
1534720200,0.112
1534720500,0.112
1534720800,0.112
1534721100,0.112
1534721400,0.112
1534721700,0.112
1534722000,0.112
1534722300,0.112
1534722600,0.112
1534722900,0.112
1534723200,0.144
1534723500,0.144
1534723800,0.144
1534724100,0.144
1534724400,0.144
1534724700,0.144
1534725000,0.144
1534725300,0.144
1534725600,0.144
1534725900,0.144
1534726200,0.144
1534726500,0.144
1534726800,0.144
1534727100,0.144
1534727400,0.144
1534727700,0.144
1534728000,0.144
1534728300,0.144
1534728600,0.144
1534728900,0.144
1534729200,0.144
1534729500,0.144
1534729800,0.144
1534730100,0.144
1534730400,0.144
1534730700,0.144
1534731000,0.144
1534731300,0.144
1534731600,0.144
1534731900,0.144
1534732200,0.144
1534732500,0.144
1534732800,0.144
1534733100,0.144
1534733400,0.144
1534733700,0.144
1534734000,0.144
1534734300,0.144
1534734600,0.144
1534734900,0.144
1534735200,0.144
1534735500,0.144
1534735800,0.144
1534736100,0.144
1534736400,0.144
1534736700,0.144
1534737000,0.144
1534737300,0.144
1534737600,0.144
1534737900,0.144
1534738200,0.144
1534738500,0.144
1534738800,0.144
1534739100,0.144
1534739400,0.144
1534739700,0.144
1534740000,0.144
1534740300,0.144
1534740600,0.144
1534740900,0.144
1534741200,0.144
1534741500,0.144
1534741800,0.144
1534742100,0.144
1534742400,0.144
1534742700,0.144
1534743000,0.144
1534743300,0.144
1534743600,0.144
1534743900,0.144
1534744200,0.144
1534744500,0.144
1534744800,0.144
1534745100,0.144
1534745400,0.144
1534745700,0.144
1534746000,0.144
1534746300,0.144
1534746600,0.144
1534746900,0.144
1534747200,0.144
1534747500,0.144
1534747800,0.144
1534748100,0.144
1534748400,0.144
1534748700,0.144
1534749000,0.144
1534749300,0.144
1534749600,0.144
1534749900,0.144
1534750200,0.144
1534750500,0.144
1534750800,0.144
1534751100,0.144
1534751400,0.144
1534751700,0.144
1534752000,0.144
1534752300,0.144
1534752600,0.144
1534752900,0.144
1534753200,0.144
1534753500,0.144
1534753800,0.144
1534754100,0.144
1534754400,0.144
1534754700,0.144
1534755000,0.144
1534755300,0.144
1534755600,0.144
1534755900,0.144
1534756200,0.144
1534756500,0.144
1534756800,0.144
1534757100,0.144
1534757400,0.144
1534757700,0.144
1534758000,0.144
1534758300,0.144
1534758600,0.144
1534758900,0.144
1534759200,0.144
1534759500,0.144
1534759800,0.144
1534760100,0.144
1534760400,0.144
1534760700,0.144
1534761000,0.144
1534761300,0.144
1534761600,0.144
1534761900,0.144
1534762200,0.144
1534762500,0.144
1534762800,0.144
1534763100,0.144
1534763400,0.144
1534763700,0.144
1534764000,0.144
1534764300,0.144
1534764600,0.144
1534764900,0.144
1534765200,0.144
1534765500,0.144
1534765800,0.144
1534766100,0.144
1534766400,0.144
1534766700,0.144
1534767000,0.144
1534767300,0.144
1534767600,0.144
1534767900,0.144
1534768200,0.144
1534768500,0.144
1534768800,0.144
1534769100,0.144
1534769400,0.144
1534769700,0.144
1534770000,0.144
1534770300,0.144
1534770600,0.144
1534770900,0.144
1534771200,0.144
1534771500,0.144
1534771800,0.144
1534772100,0.144
1534772400,0.144
1534772700,0.144
1534773000,0.144
1534773300,0.144
1534773600,0.144
1534773900,0.144
1534774200,0.144
1534774500,0.144
1534774800,0.144
1534775100,0.144
1534775400,0.144
1534775700,0.144
1534776000,0.144
1534776300,0.144
1534776600,0.144
1534776900,0.144
1534777200,0.144
1534777500,0.144
1534777800,0.144
1534778100,0.144
1534778400,0.144
1534778700,0.144
1534779000,0.144
1534779300,0.144
1534779600,0.144
1534779900,0.144
1534780200,0.144
1534780500,0.144
1534780800,0.144
1534781100,0.144
1534781400,0.144
1534781700,0.144
1534782000,0.144
1534782300,0.144
1534782600,0.144
1534782900,0.144
1534783200,0.144
1534783500,0.144
1534783800,0.144
1534784100,0.144
1534784400,0.144
1534784700,0.144
1534785000,0.144
1534785300,0.144
1534785600,0.144
1534785900,0.144
1534786200,0.144
1534786500,0.144
1534786800,0.144
1534787100,0.144
1534787400,0.144
1534787700,0.144
1534788000,0.144
1534788300,0.144
1534788600,0.144
1534788900,0.144
1534789200,0.144
1534789500,0.144
1534789800,0.144
1534790100,0.144
1534790400,0.144
1534790700,0.144
1534791000,0.144
1534791300,0.144
1534791600,0.144
1534791900,0.144
1534792200,0.144
1534792500,0.144
1534792800,0.144
1534793100,0.144
1534793400,0.144
1534793700,0.144
1534794000,0.144
1534794300,0.144
1534794600,0.144
1534794900,0.144
1534795200,0.144
1534795500,0.144
1534795800,0.144
1534796100,0.144
1534796400,0.144
1534796700,0.144
1534797000,0.144
1534797300,0.144
1534797600,0.144
1534797900,0.144
1534798200,0.144
1534798500,0.144
1534798800,0.144
1534799100,0.144
1534799400,0.144
1534799700,0.144
1534800000,0.144
1534800300,0.144
1534800600,0.144
1534800900,0.144
1534801200,0.144
1534801500,0.144
1534801800,0.144
1534802100,0.144
1534802400,0.144
1534802700,0.144
1534803000,0.144
1534803300,0.144
1534803600,0.144
1534803900,0.144
1534804200,0.144
1534804500,0.144
1534804800,0.144
1534805100,0.144
1534805400,0.144
1534805700,0.144
1534806000,0.144
1534806300,0.144
1534806600,0.144
1534806900,0.144
1534807200,0.144
1534807500,0.144
1534807800,0.144
1534808100,0.144
1534808400,0.144
1534808700,0.144
1534809000,0.144
1534809300,0.144
1534809600,0.139733333
1534809900,0.139733333
1534810200,0.139733333
1534810500,0.139733333
1534810800,0.139733333
1534811100,0.139733333
1534811400,0.139733333
1534811700,0.139733333
1534812000,0.139733333
1534812300,0.139733333
1534812600,0.139733333
1534812900,0.139733333
1534813200,0.139733333
1534813500,0.139733333
1534813800,0.139733333
1534814100,0.139733333
1534814400,0.139733333
1534814700,0.139733333
1534815000,0.139733333
1534815300,0.139733333
1534815600,0.139733333
1534815900,0.139733333
1534816200,0.139733333
1534816500,0.139733333
1534816800,0.139733333
1534817100,0.139733333
1534817400,0.139733333
1534817700,0.139733333
1534818000,0.139733333
1534818300,0.139733333
1534818600,0.139733333
1534818900,0.139733333
1534819200,0.139733333
1534819500,0.139733333
1534819800,0.139733333
1534820100,0.139733333
1534820400,0.139733333
1534820700,0.139733333
1534821000,0.139733333
1534821300,0.139733333
1534821600,0.139733333
1534821900,0.139733333
1534822200,0.139733333
1534822500,0.139733333
1534822800,0.139733333
1534823100,0.139733333
1534823400,0.139733333
1534823700,0.139733333
1534824000,0.139733333
1534824300,0.139733333
1534824600,0.139733333
1534824900,0.139733333
1534825200,0.139733333
1534825500,0.139733333
1534825800,0.139733333
1534826100,0.139733333
1534826400,0.139733333
1534826700,0.139733333
1534827000,0.139733333
1534827300,0.139733333
1534827600,0.139733333
1534827900,0.139733333
1534828200,0.139733333
1534828500,0.139733333
1534828800,0.139733333
1534829100,0.139733333
1534829400,0.139733333
1534829700,0.139733333
1534830000,0.139733333
1534830300,0.139733333
1534830600,0.139733333
1534830900,0.139733333
1534831200,0.139733333
1534831500,0.139733333
1534831800,0.139733333
1534832100,0.139733333
1534832400,0.139733333
1534832700,0.139733333
1534833000,0.139733333
1534833300,0.139733333
1534833600,0.139733333
1534833900,0.139733333
1534834200,0.139733333
1534834500,0.139733333
1534834800,0.139733333
1534835100,0.139733333
1534835400,0.139733333
1534835700,0.139733333
1534836000,0.139733333
1534836300,0.139733333
1534836600,0.139733333
1534836900,0.139733333
1534837200,0.139733333
1534837500,0.139733333
1534837800,0.139733333
1534838100,0.139733333
1534838400,0.139733333
1534838700,0.139733333
1534839000,0.139733333
1534839300,0.139733333
1534839600,0.139733333
1534839900,0.139733333
1534840200,0.139733333
1534840500,0.139733333
1534840800,0.139733333
1534841100,0.139733333
1534841400,0.139733333
1534841700,0.139733333
1534842000,0.139733333
1534842300,0.139733333
1534842600,0.139733333
1534842900,0.139733333
1534843200,0.139733333
1534843500,0.139733333
1534843800,0.139733333
1534844100,0.139733333
1534844400,0.139733333
1534844700,0.139733333
1534845000,0.139733333
1534845300,0.139733333
1534845600,0.139733333
1534845900,0.139733333
1534846200,0.139733333
1534846500,0.139733333
1534846800,0.139733333
1534847100,0.139733333
1534847400,0.139733333
1534847700,0.139733333
1534848000,0.139733333
1534848300,0.139733333
1534848600,0.139733333
1534848900,0.139733333
1534849200,0.139733333
1534849500,0.139733333
1534849800,0.139733333
1534850100,0.139733333
1534850400,0.139733333
1534850700,0.139733333
1534851000,0.139733333
1534851300,0.139733333
1534851600,0.139733333
1534851900,0.139733333
1534852200,0.139733333
1534852500,0.139733333
1534852800,0.139733333
1534853100,0.139733333
1534853400,0.139733333
1534853700,0.139733333
1534854000,0.139733333
1534854300,0.139733333
1534854600,0.139733333
1534854900,0.139733333
1534855200,0.139733333
1534855500,0.139733333
1534855800,0.139733333
1534856100,0.139733333
1534856400,0.139733333
1534856700,0.139733333
1534857000,0.139733333
1534857300,0.139733333
1534857600,0.139733333
1534857900,0.139733333
1534858200,0.139733333
1534858500,0.139733333
1534858800,0.139733333
1534859100,0.139733333
1534859400,0.139733333
1534859700,0.139733333
1534860000,0.139733333
1534860300,0.139733333
1534860600,0.139733333
1534860900,0.139733333
1534861200,0.139733333
1534861500,0.139733333
1534861800,0.139733333
1534862100,0.139733333
1534862400,0.139733333
1534862700,0.139733333
1534863000,0.139733333
1534863300,0.139733333
1534863600,0.139733333
1534863900,0.139733333
1534864200,0.139733333
1534864500,0.139733333
1534864800,0.139733333
1534865100,0.139733333
1534865400,0.139733333
1534865700,0.139733333
1534866000,0.139733333
1534866300,0.139733333
1534866600,0.139733333
1534866900,0.139733333
1534867200,0.139733333
1534867500,0.139733333
1534867800,0.139733333
1534868100,0.139733333
1534868400,0.139733333
1534868700,0.139733333
1534869000,0.139733333
1534869300,0.139733333
1534869600,0.139733333
1534869900,0.139733333
1534870200,0.139733333
1534870500,0.139733333
1534870800,0.139733333
1534871100,0.139733333
1534871400,0.139733333
1534871700,0.139733333
1534872000,0.139733333
1534872300,0.139733333
1534872600,0.139733333
1534872900,0.139733333
1534873200,0.139733333
1534873500,0.139733333
1534873800,0.139733333
1534874100,0.139733333
1534874400,0.139733333
1534874700,0.139733333
1534875000,0.139733333
1534875300,0.139733333
1534875600,0.139733333
1534875900,0.139733333
1534876200,0.139733333
1534876500,0.139733333
1534876800,0.139733333
1534877100,0.139733333
1534877400,0.139733333
1534877700,0.139733333
1534878000,0.139733333
1534878300,0.139733333
1534878600,0.139733333
1534878900,0.139733333
1534879200,0.139733333
1534879500,0.139733333
1534879800,0.139733333
1534880100,0.139733333
1534880400,0.139733333
1534880700,0.139733333
1534881000,0.139733333
1534881300,0.139733333
1534881600,0.139733333
1534881900,0.139733333
1534882200,0.139733333
1534882500,0.139733333
1534882800,0.139733333
1534883100,0.139733333
1534883400,0.139733333
1534883700,0.139733333
1534884000,0.139733333
1534884300,0.139733333
1534884600,0.139733333
1534884900,0.139733333
1534885200,0.139733333
1534885500,0.139733333
1534885800,0.139733333
1534886100,0.139733333
1534886400,0.139733333
1534886700,0.139733333
1534887000,0.139733333
1534887300,0.139733333
1534887600,0.139733333
1534887900,0.139733333
1534888200,0.139733333
1534888500,0.139733333
1534888800,0.139733333
1534889100,0.139733333
1534889400,0.139733333
1534889700,0.139733333
1534890000,0.139733333
1534890300,0.139733333
1534890600,0.139733333
1534890900,0.139733333
1534891200,0.139733333
1534891500,0.139733333
1534891800,0.139733333
1534892100,0.139733333
1534892400,0.139733333
1534892700,0.139733333
1534893000,0.139733333
1534893300,0.139733333
1534893600,0.139733333
1534893900,0.139733333
1534894200,0.139733333
1534894500,0.139733333
1534894800,0.139733333
1534895100,0.139733333
1534895400,0.139733333
1534895700,0.139733333
1534896000,0.1792
1534896300,0.1792
1534896600,0.1792
1534896900,0.1792
1534897200,0.1792
1534897500,0.1792
1534897800,0.1792
1534898100,0.1792
1534898400,0.1792
1534898700,0.1792
1534899000,0.1792
1534899300,0.1792
1534899600,0.1792
1534899900,0.1792
1534900200,0.1792
1534900500,0.1792
1534900800,0.1792
1534901100,0.1792
1534901400,0.1792
1534901700,0.1792
1534902000,0.1792
1534902300,0.1792
1534902600,0.1792
1534902900,0.1792
1534903200,0.1792
1534903500,0.1792
1534903800,0.1792
1534904100,0.1792
1534904400,0.1792
1534904700,0.1792
1534905000,0.1792
1534905300,0.1792
1534905600,0.1792
1534905900,0.1792
1534906200,0.1792
1534906500,0.1792
1534906800,0.1792
1534907100,0.1792
1534907400,0.1792
1534907700,0.1792
1534908000,0.1792
1534908300,0.1792
1534908600,0.1792
1534908900,0.1792
1534909200,0.1792
1534909500,0.1792
1534909800,0.1792
1534910100,0.1792
1534910400,0.1792
1534910700,0.1792
1534911000,0.1792
1534911300,0.1792
1534911600,0.1792
1534911900,0.1792
1534912200,0.1792
1534912500,0.1792
1534912800,0.1792
1534913100,0.1792
1534913400,0.1792
1534913700,0.1792
1534914000,0.1792
1534914300,0.1792
1534914600,0.1792
1534914900,0.1792
1534915200,0.1792
1534915500,0.1792
1534915800,0.1792
1534916100,0.1792
1534916400,0.1792
1534916700,0.1792
1534917000,0.1792
1534917300,0.1792
1534917600,0.1792
1534917900,0.1792
1534918200,0.1792
1534918500,0.1792
1534918800,0.1792
1534919100,0.1792
1534919400,0.1792
1534919700,0.1792
1534920000,0.1792
1534920300,0.1792
1534920600,0.1792
1534920900,0.1792
1534921200,0.1792
1534921500,0.1792
1534921800,0.1792
1534922100,0.1792
1534922400,0.1792
1534922700,0.1792
1534923000,0.1792
1534923300,0.1792
1534923600,0.1792
1534923900,0.1792
1534924200,0.1792
1534924500,0.1792
1534924800,0.1792
1534925100,0.1792
1534925400,0.1792
1534925700,0.1792
1534926000,0.1792
1534926300,0.1792
1534926600,0.1792
1534926900,0.1792
1534927200,0.1792
1534927500,0.1792
1534927800,0.1792
1534928100,0.1792
1534928400,0.1792
1534928700,0.1792
1534929000,0.1792
1534929300,0.1792
1534929600,0.1792
1534929900,0.1792
1534930200,0.1792
1534930500,0.1792
1534930800,0.1792
1534931100,0.1792
1534931400,0.1792
1534931700,0.1792
1534932000,0.1792
1534932300,0.1792
1534932600,0.1792
1534932900,0.1792
1534933200,0.1792
1534933500,0.1792
1534933800,0.1792
1534934100,0.1792
1534934400,0.1792
1534934700,0.1792
1534935000,0.1792
1534935300,0.1792
1534935600,0.1792
1534935900,0.1792
1534936200,0.1792
1534936500,0.1792
1534936800,0.1792
1534937100,0.1792
1534937400,0.1792
1534937700,0.1792
1534938000,0.1792
1534938300,0.1792
1534938600,0.1792
1534938900,0.1792
1534939200,0.1792
1534939500,0.1792
1534939800,0.1792
1534940100,0.1792
1534940400,0.1792
1534940700,0.1792
1534941000,0.1792
1534941300,0.1792
1534941600,0.1792
1534941900,0.1792
1534942200,0.1792
1534942500,0.1792
1534942800,0.1792
1534943100,0.1792
1534943400,0.1792
1534943700,0.1792
1534944000,0.1792
1534944300,0.1792
1534944600,0.1792
1534944900,0.1792
1534945200,0.1792
1534945500,0.1792
1534945800,0.1792
1534946100,0.1792
1534946400,0.1792
1534946700,0.1792
1534947000,0.1792
1534947300,0.1792
1534947600,0.1792
1534947900,0.1792
1534948200,0.1792
1534948500,0.1792
1534948800,0.1792
1534949100,0.1792
1534949400,0.1792
1534949700,0.1792
1534950000,0.1792
1534950300,0.1792
1534950600,0.1792
1534950900,0.1792
1534951200,0.1792
1534951500,0.1792
1534951800,0.1792
1534952100,0.1792
1534952400,0.1792
1534952700,0.1792
1534953000,0.1792
1534953300,0.1792
1534953600,0.1792
1534953900,0.1792
1534954200,0.1792
1534954500,0.1792
1534954800,0.1792
1534955100,0.1792
1534955400,0.1792
1534955700,0.1792
1534956000,0.1792
1534956300,0.1792
1534956600,0.1792
1534956900,0.1792
1534957200,0.1792
1534957500,0.1792
1534957800,0.1792
1534958100,0.1792
1534958400,0.1792
1534958700,0.1792
1534959000,0.1792
1534959300,0.1792
1534959600,0.1792
1534959900,0.1792
1534960200,0.1792
1534960500,0.1792
1534960800,0.1792
1534961100,0.1792
1534961400,0.1792
1534961700,0.1792
1534962000,0.1792
1534962300,0.1792
1534962600,0.1792
1534962900,0.1792
1534963200,0.1792
1534963500,0.1792
1534963800,0.1792
1534964100,0.1792
1534964400,0.1792
1534964700,0.1792
1534965000,0.1792
1534965300,0.1792
1534965600,0.1792
1534965900,0.1792
1534966200,0.1792
1534966500,0.1792
1534966800,0.1792
1534967100,0.1792
1534967400,0.1792
1534967700,0.1792
1534968000,0.1792
1534968300,0.1792
1534968600,0.1792
1534968900,0.1792
1534969200,0.1792
1534969500,0.1792
1534969800,0.1792
1534970100,0.1792
1534970400,0.1792
1534970700,0.1792
1534971000,0.1792
1534971300,0.1792
1534971600,0.1792
1534971900,0.1792
1534972200,0.1792
1534972500,0.1792
1534972800,0.1792
1534973100,0.1792
1534973400,0.1792
1534973700,0.1792
1534974000,0.1792
1534974300,0.1792
1534974600,0.1792
1534974900,0.1792
1534975200,0.1792
1534975500,0.1792
1534975800,0.1792
1534976100,0.1792
1534976400,0.1792
1534976700,0.1792
1534977000,0.1792
1534977300,0.1792
1534977600,0.1792
1534977900,0.1792
1534978200,0.1792
1534978500,0.1792
1534978800,0.1792
1534979100,0.1792
1534979400,0.1792
1534979700,0.1792
1534980000,0.1792
1534980300,0.1792
1534980600,0.1792
1534980900,0.1792
1534981200,0.1792
1534981500,0.1792
1534981800,0.1792
1534982100,0.1792
1534982400,0.1536
1534982700,0.1536
1534983000,0.1536
1534983300,0.1536
1534983600,0.1536
1534983900,0.1536
1534984200,0.1536
1534984500,0.1536
1534984800,0.1536
1534985100,0.1536
1534985400,0.1536
1534985700,0.1536
1534986000,0.1536
1534986300,0.1536
1534986600,0.1536
1534986900,0.1536
1534987200,0.1536
1534987500,0.1536
1534987800,0.1536
1534988100,0.1536
1534988400,0.1536
1534988700,0.1536
1534989000,0.1536
1534989300,0.1536
1534989600,0.1536
1534989900,0.1536
1534990200,0.1536
1534990500,0.1536
1534990800,0.1536
1534991100,0.1536
1534991400,0.1536
1534991700,0.1536
1534992000,0.1536
1534992300,0.1536
1534992600,0.1536
1534992900,0.1536
1534993200,0.1536
1534993500,0.1536
1534993800,0.1536
1534994100,0.1536
1534994400,0.1536
1534994700,0.1536
1534995000,0.1536
1534995300,0.1536
1534995600,0.1536
1534995900,0.1536
1534996200,0.1536
1534996500,0.1536
1534996800,0.1536
1534997100,0.1536
1534997400,0.1536
1534997700,0.1536
1534998000,0.1536
1534998300,0.1536
1534998600,0.1536
1534998900,0.1536
1534999200,0.1536
1534999500,0.1536
1534999800,0.1536
1535000100,0.1536
1535000400,0.1536
1535000700,0.1536
1535001000,0.1536
1535001300,0.1536
1535001600,0.1536
1535001900,0.1536
1535002200,0.1536
1535002500,0.1536
1535002800,0.1536
1535003100,0.1536
1535003400,0.1536
1535003700,0.1536
1535004000,0.1536
1535004300,0.1536
1535004600,0.1536
1535004900,0.1536
1535005200,0.1536
1535005500,0.1536
1535005800,0.1536
1535006100,0.1536
1535006400,0.1536
1535006700,0.1536
1535007000,0.1536
1535007300,0.1536
1535007600,0.1536
1535007900,0.1536
1535008200,0.1536
1535008500,0.1536
1535008800,0.1536
1535009100,0.1536
1535009400,0.1536
1535009700,0.1536
1535010000,0.1536
1535010300,0.1536
1535010600,0.1536
1535010900,0.1536
1535011200,0.1536
1535011500,0.1536
1535011800,0.1536
1535012100,0.1536
1535012400,0.1536
1535012700,0.1536
1535013000,0.1536
1535013300,0.1536
1535013600,0.1536
1535013900,0.1536
1535014200,0.1536
1535014500,0.1536
1535014800,0.1536
1535015100,0.1536
1535015400,0.1536
1535015700,0.1536
1535016000,0.1536
1535016300,0.1536
1535016600,0.1536
1535016900,0.1536
1535017200,0.1536
1535017500,0.1536
1535017800,0.1536
1535018100,0.1536
1535018400,0.1536
1535018700,0.1536
1535019000,0.1536
1535019300,0.1536
1535019600,0.1536
1535019900,0.1536
1535020200,0.1536
1535020500,0.1536
1535020800,0.1536
1535021100,0.1536
1535021400,0.1536
1535021700,0.1536
1535022000,0.1536
1535022300,0.1536
1535022600,0.1536
1535022900,0.1536
1535023200,0.1536
1535023500,0.1536
1535023800,0.1536
1535024100,0.1536
1535024400,0.1536
1535024700,0.1536
1535025000,0.1536
1535025300,0.1536
1535025600,0.1536
1535025900,0.1536
1535026200,0.1536
1535026500,0.1536
1535026800,0.1536
1535027100,0.1536
1535027400,0.1536
1535027700,0.1536
1535028000,0.1536
1535028300,0.1536
1535028600,0.1536
1535028900,0.1536
1535029200,0.1536
1535029500,0.1536
1535029800,0.1536
1535030100,0.1536
1535030400,0.1536
1535030700,0.1536
1535031000,0.1536
1535031300,0.1536
1535031600,0.1536
1535031900,0.1536
1535032200,0.1536
1535032500,0.1536
1535032800,0.1536
1535033100,0.1536
1535033400,0.1536
1535033700,0.1536
1535034000,0.1536
1535034300,0.1536
1535034600,0.1536
1535034900,0.1536
1535035200,0.1536
1535035500,0.1536
1535035800,0.1536
1535036100,0.1536
1535036400,0.1536
1535036700,0.1536
1535037000,0.1536
1535037300,0.1536
1535037600,0.1536
1535037900,0.1536
1535038200,0.1536
1535038500,0.1536
1535038800,0.1536
1535039100,0.1536
1535039400,0.1536
1535039700,0.1536
1535040000,0.1536
1535040300,0.1536
1535040600,0.1536
1535040900,0.1536
1535041200,0.1536
1535041500,0.1536
1535041800,0.1536
1535042100,0.1536
1535042400,0.1536
1535042700,0.1536
1535043000,0.1536
1535043300,0.1536
1535043600,0.1536
1535043900,0.1536
1535044200,0.1536
1535044500,0.1536
1535044800,0.1536
1535045100,0.1536
1535045400,0.1536
1535045700,0.1536
1535046000,0.1536
1535046300,0.1536
1535046600,0.1536
1535046900,0.1536
1535047200,0.1536
1535047500,0.1536
1535047800,0.1536
1535048100,0.1536
1535048400,0.1536
1535048700,0.1536
1535049000,0.1536
1535049300,0.1536
1535049600,0.1536
1535049900,0.1536
1535050200,0.1536
1535050500,0.1536
1535050800,0.1536
1535051100,0.1536
1535051400,0.1536
1535051700,0.1536
1535052000,0.1536
1535052300,0.1536
1535052600,0.1536
1535052900,0.1536
1535053200,0.1536
1535053500,0.1536
1535053800,0.1536
1535054100,0.1536
1535054400,0.1536
1535054700,0.1536
1535055000,0.1536
1535055300,0.1536
1535055600,0.1536
1535055900,0.1536
1535056200,0.1536
1535056500,0.1536
1535056800,0.1536
1535057100,0.1536
1535057400,0.1536
1535057700,0.1536
1535058000,0.1536
1535058300,0.1536
1535058600,0.1536
1535058900,0.1536
1535059200,0.1536
1535059500,0.1536
1535059800,0.1536
1535060100,0.1536
1535060400,0.1536
1535060700,0.1536
1535061000,0.1536
1535061300,0.1536
1535061600,0.1536
1535061900,0.1536
1535062200,0.1536
1535062500,0.1536
1535062800,0.1536
1535063100,0.1536
1535063400,0.1536
1535063700,0.1536
1535064000,0.1536
1535064300,0.1536
1535064600,0.1536
1535064900,0.1536
1535065200,0.1536
1535065500,0.1536
1535065800,0.1536
1535066100,0.1536
1535066400,0.1536
1535066700,0.1536
1535067000,0.1536
1535067300,0.1536
1535067600,0.1536
1535067900,0.1536
1535068200,0.1536
1535068500,0.1536
1535068800,0.104533333
1535069100,0.104533333
1535069400,0.104533333
1535069700,0.104533333
1535070000,0.104533333
1535070300,0.104533333
1535070600,0.104533333
1535070900,0.104533333
1535071200,0.104533333
1535071500,0.104533333
1535071800,0.104533333
1535072100,0.104533333
1535072400,0.104533333
1535072700,0.104533333
1535073000,0.104533333
1535073300,0.104533333
1535073600,0.104533333
1535073900,0.104533333
1535074200,0.104533333
1535074500,0.104533333
1535074800,0.104533333
1535075100,0.104533333
1535075400,0.104533333
1535075700,0.104533333
1535076000,0.104533333
1535076300,0.104533333
1535076600,0.104533333
1535076900,0.104533333
1535077200,0.104533333
1535077500,0.104533333
1535077800,0.104533333
1535078100,0.104533333
1535078400,0.104533333
1535078700,0.104533333
1535079000,0.104533333
1535079300,0.104533333
1535079600,0.104533333
1535079900,0.104533333
1535080200,0.104533333
1535080500,0.104533333
1535080800,0.104533333
1535081100,0.104533333
1535081400,0.104533333
1535081700,0.104533333
1535082000,0.104533333
1535082300,0.104533333
1535082600,0.104533333
1535082900,0.104533333
1535083200,0.104533333
1535083500,0.104533333
1535083800,0.104533333
1535084100,0.104533333
1535084400,0.104533333
1535084700,0.104533333
1535085000,0.104533333
1535085300,0.104533333
1535085600,0.104533333
1535085900,0.104533333
1535086200,0.104533333
1535086500,0.104533333
1535086800,0.104533333
1535087100,0.104533333
1535087400,0.104533333
1535087700,0.104533333
1535088000,0.104533333
1535088300,0.104533333
1535088600,0.104533333
1535088900,0.104533333
1535089200,0.104533333
1535089500,0.104533333
1535089800,0.104533333
1535090100,0.104533333
1535090400,0.104533333
1535090700,0.104533333
1535091000,0.104533333
1535091300,0.104533333
1535091600,0.104533333
1535091900,0.104533333
1535092200,0.104533333
1535092500,0.104533333
1535092800,0.104533333
1535093100,0.104533333
1535093400,0.104533333
1535093700,0.104533333
1535094000,0.104533333
1535094300,0.104533333
1535094600,0.104533333
1535094900,0.104533333
1535095200,0.104533333
1535095500,0.104533333
1535095800,0.104533333
1535096100,0.104533333
1535096400,0.104533333
1535096700,0.104533333
1535097000,0.104533333
1535097300,0.104533333
1535097600,0.104533333
1535097900,0.104533333
1535098200,0.104533333
1535098500,0.104533333
1535098800,0.104533333
1535099100,0.104533333
1535099400,0.104533333
1535099700,0.104533333
1535100000,0.104533333
1535100300,0.104533333
1535100600,0.104533333
1535100900,0.104533333
1535101200,0.104533333
1535101500,0.104533333
1535101800,0.104533333
1535102100,0.104533333
1535102400,0.104533333
1535102700,0.104533333
1535103000,0.104533333
1535103300,0.104533333
1535103600,0.104533333
1535103900,0.104533333
1535104200,0.104533333
1535104500,0.104533333
1535104800,0.104533333
1535105100,0.104533333
1535105400,0.104533333
1535105700,0.104533333
1535106000,0.104533333
1535106300,0.104533333
1535106600,0.104533333
1535106900,0.104533333
1535107200,0.104533333
1535107500,0.104533333
1535107800,0.104533333
1535108100,0.104533333
1535108400,0.104533333
1535108700,0.104533333
1535109000,0.104533333
1535109300,0.104533333
1535109600,0.104533333
1535109900,0.104533333
1535110200,0.104533333
1535110500,0.104533333
1535110800,0.104533333
1535111100,0.104533333
1535111400,0.104533333
1535111700,0.104533333
1535112000,0.104533333
1535112300,0.104533333
1535112600,0.104533333
1535112900,0.104533333
1535113200,0.104533333
1535113500,0.104533333
1535113800,0.104533333
1535114100,0.104533333
1535114400,0.104533333
1535114700,0.104533333
1535115000,0.104533333
1535115300,0.104533333
1535115600,0.104533333
1535115900,0.104533333
1535116200,0.104533333
1535116500,0.104533333
1535116800,0.104533333
1535117100,0.104533333
1535117400,0.104533333
1535117700,0.104533333
1535118000,0.104533333
1535118300,0.104533333
1535118600,0.104533333
1535118900,0.104533333
1535119200,0.104533333
1535119500,0.104533333
1535119800,0.104533333
1535120100,0.104533333
1535120400,0.104533333
1535120700,0.104533333
1535121000,0.104533333
1535121300,0.104533333
1535121600,0.104533333
1535121900,0.104533333
1535122200,0.104533333
1535122500,0.104533333
1535122800,0.104533333
1535123100,0.104533333
1535123400,0.104533333
1535123700,0.104533333
1535124000,0.104533333
1535124300,0.104533333
1535124600,0.104533333
1535124900,0.104533333
1535125200,0.104533333
1535125500,0.104533333
1535125800,0.104533333
1535126100,0.104533333
1535126400,0.104533333
1535126700,0.104533333
1535127000,0.104533333
1535127300,0.104533333
1535127600,0.104533333
1535127900,0.104533333
1535128200,0.104533333
1535128500,0.104533333
1535128800,0.104533333
1535129100,0.104533333
1535129400,0.104533333
1535129700,0.104533333
1535130000,0.104533333
1535130300,0.104533333
1535130600,0.104533333
1535130900,0.104533333
1535131200,0.104533333
1535131500,0.104533333
1535131800,0.104533333
1535132100,0.104533333
1535132400,0.104533333
1535132700,0.104533333
1535133000,0.104533333
1535133300,0.104533333
1535133600,0.104533333
1535133900,0.104533333
1535134200,0.104533333
1535134500,0.104533333
1535134800,0.104533333
1535135100,0.104533333
1535135400,0.104533333
1535135700,0.104533333
1535136000,0.104533333
1535136300,0.104533333
1535136600,0.104533333
1535136900,0.104533333
1535137200,0.104533333
1535137500,0.104533333
1535137800,0.104533333
1535138100,0.104533333
1535138400,0.104533333
1535138700,0.104533333
1535139000,0.104533333
1535139300,0.104533333
1535139600,0.104533333
1535139900,0.104533333
1535140200,0.104533333
1535140500,0.104533333
1535140800,0.104533333
1535141100,0.104533333
1535141400,0.104533333
1535141700,0.104533333
1535142000,0.104533333
1535142300,0.104533333
1535142600,0.104533333
1535142900,0.104533333
1535143200,0.104533333
1535143500,0.104533333
1535143800,0.104533333
1535144100,0.104533333
1535144400,0.104533333
1535144700,0.104533333
1535145000,0.104533333
1535145300,0.104533333
1535145600,0.104533333
1535145900,0.104533333
1535146200,0.104533333
1535146500,0.104533333
1535146800,0.104533333
1535147100,0.104533333
1535147400,0.104533333
1535147700,0.104533333
1535148000,0.104533333
1535148300,0.104533333
1535148600,0.104533333
1535148900,0.104533333
1535149200,0.104533333
1535149500,0.104533333
1535149800,0.104533333
1535150100,0.104533333
1535150400,0.104533333
1535150700,0.104533333
1535151000,0.104533333
1535151300,0.104533333
1535151600,0.104533333
1535151900,0.104533333
1535152200,0.104533333
1535152500,0.104533333
1535152800,0.104533333
1535153100,0.104533333
1535153400,0.104533333
1535153700,0.104533333
1535154000,0.104533333
1535154300,0.104533333
1535154600,0.104533333
1535154900,0.104533333
1535155200,0.0736
1535155500,0.0736
1535155800,0.0736
1535156100,0.0736
1535156400,0.0736
1535156700,0.0736
1535157000,0.0736
1535157300,0.0736
1535157600,0.0736
1535157900,0.0736
1535158200,0.0736
1535158500,0.0736
1535158800,0.0736
1535159100,0.0736
1535159400,0.0736
1535159700,0.0736
1535160000,0.0736
1535160300,0.0736
1535160600,0.0736
1535160900,0.0736
1535161200,0.0736
1535161500,0.0736
1535161800,0.0736
1535162100,0.0736
1535162400,0.0736
1535162700,0.0736
1535163000,0.0736
1535163300,0.0736
1535163600,0.0736
1535163900,0.0736
1535164200,0.0736
1535164500,0.0736
1535164800,0.0736
1535165100,0.0736
1535165400,0.0736
1535165700,0.0736
1535166000,0.0736
1535166300,0.0736
1535166600,0.0736
1535166900,0.0736
1535167200,0.0736
1535167500,0.0736
1535167800,0.0736
1535168100,0.0736
1535168400,0.0736
1535168700,0.0736
1535169000,0.0736
1535169300,0.0736
1535169600,0.0736
1535169900,0.0736
1535170200,0.0736
1535170500,0.0736
1535170800,0.0736
1535171100,0.0736
1535171400,0.0736
1535171700,0.0736
1535172000,0.0736
1535172300,0.0736
1535172600,0.0736
1535172900,0.0736
1535173200,0.0736
1535173500,0.0736
1535173800,0.0736
1535174100,0.0736
1535174400,0.0736
1535174700,0.0736
1535175000,0.0736
1535175300,0.0736
1535175600,0.0736
1535175900,0.0736
1535176200,0.0736
1535176500,0.0736
1535176800,0.0736
1535177100,0.0736
1535177400,0.0736
1535177700,0.0736
1535178000,0.0736
1535178300,0.0736
1535178600,0.0736
1535178900,0.0736
1535179200,0.0736
1535179500,0.0736
1535179800,0.0736
1535180100,0.0736
1535180400,0.0736
1535180700,0.0736
1535181000,0.0736
1535181300,0.0736
1535181600,0.0736
1535181900,0.0736
1535182200,0.0736
1535182500,0.0736
1535182800,0.0736
1535183100,0.0736
1535183400,0.0736
1535183700,0.0736
1535184000,0.0736
1535184300,0.0736
1535184600,0.0736
1535184900,0.0736
1535185200,0.0736
1535185500,0.0736
1535185800,0.0736
1535186100,0.0736
1535186400,0.0736
1535186700,0.0736
1535187000,0.0736
1535187300,0.0736
1535187600,0.0736
1535187900,0.0736
1535188200,0.0736
1535188500,0.0736
1535188800,0.0736
1535189100,0.0736
1535189400,0.0736
1535189700,0.0736
1535190000,0.0736
1535190300,0.0736
1535190600,0.0736
1535190900,0.0736
1535191200,0.0736
1535191500,0.0736
1535191800,0.0736
1535192100,0.0736
1535192400,0.0736
1535192700,0.0736
1535193000,0.0736
1535193300,0.0736
1535193600,0.0736
1535193900,0.0736
1535194200,0.0736
1535194500,0.0736
1535194800,0.0736
1535195100,0.0736
1535195400,0.0736
1535195700,0.0736
1535196000,0.0736
1535196300,0.0736
1535196600,0.0736
1535196900,0.0736
1535197200,0.0736
1535197500,0.0736
1535197800,0.0736
1535198100,0.0736
1535198400,0.0736
1535198700,0.0736
1535199000,0.0736
1535199300,0.0736
1535199600,0.0736
1535199900,0.0736
1535200200,0.0736
1535200500,0.0736
1535200800,0.0736
1535201100,0.0736
1535201400,0.0736
1535201700,0.0736
1535202000,0.0736
1535202300,0.0736
1535202600,0.0736
1535202900,0.0736
1535203200,0.0736
1535203500,0.0736
1535203800,0.0736
1535204100,0.0736
1535204400,0.0736
1535204700,0.0736
1535205000,0.0736
1535205300,0.0736
1535205600,0.0736
1535205900,0.0736
1535206200,0.0736
1535206500,0.0736
1535206800,0.0736
1535207100,0.0736
1535207400,0.0736
1535207700,0.0736
1535208000,0.0736
1535208300,0.0736
1535208600,0.0736
1535208900,0.0736
1535209200,0.0736
1535209500,0.0736
1535209800,0.0736
1535210100,0.0736
1535210400,0.0736
1535210700,0.0736
1535211000,0.0736
1535211300,0.0736
1535211600,0.0736
1535211900,0.0736
1535212200,0.0736
1535212500,0.0736
1535212800,0.0736
1535213100,0.0736
1535213400,0.0736
1535213700,0.0736
1535214000,0.0736
1535214300,0.0736
1535214600,0.0736
1535214900,0.0736
1535215200,0.0736
1535215500,0.0736
1535215800,0.0736
1535216100,0.0736
1535216400,0.0736
1535216700,0.0736
1535217000,0.0736
1535217300,0.0736
1535217600,0.0736
1535217900,0.0736
1535218200,0.0736
1535218500,0.0736
1535218800,0.0736
1535219100,0.0736
1535219400,0.0736
1535219700,0.0736
1535220000,0.0736
1535220300,0.0736
1535220600,0.0736
1535220900,0.0736
1535221200,0.0736
1535221500,0.0736
1535221800,0.0736
1535222100,0.0736
1535222400,0.0736
1535222700,0.0736
1535223000,0.0736
1535223300,0.0736
1535223600,0.0736
1535223900,0.0736
1535224200,0.0736
1535224500,0.0736
1535224800,0.0736
1535225100,0.0736
1535225400,0.0736
1535225700,0.0736
1535226000,0.0736
1535226300,0.0736
1535226600,0.0736
1535226900,0.0736
1535227200,0.0736
1535227500,0.0736
1535227800,0.0736
1535228100,0.0736
1535228400,0.0736
1535228700,0.0736
1535229000,0.0736
1535229300,0.0736
1535229600,0.0736
1535229900,0.0736
1535230200,0.0736
1535230500,0.0736
1535230800,0.0736
1535231100,0.0736
1535231400,0.0736
1535231700,0.0736
1535232000,0.0736
1535232300,0.0736
1535232600,0.0736
1535232900,0.0736
1535233200,0.0736
1535233500,0.0736
1535233800,0.0736
1535234100,0.0736
1535234400,0.0736
1535234700,0.0736
1535235000,0.0736
1535235300,0.0736
1535235600,0.0736
1535235900,0.0736
1535236200,0.0736
1535236500,0.0736
1535236800,0.0736
1535237100,0.0736
1535237400,0.0736
1535237700,0.0736
1535238000,0.0736
1535238300,0.0736
1535238600,0.0736
1535238900,0.0736
1535239200,0.0736
1535239500,0.0736
1535239800,0.0736
1535240100,0.0736
1535240400,0.0736
1535240700,0.0736
1535241000,0.0736
1535241300,0.0736
1535241600,0.0896
1535241900,0.0896
1535242200,0.0896
1535242500,0.0896
1535242800,0.0896
1535243100,0.0896
1535243400,0.0896
1535243700,0.0896
1535244000,0.0896
1535244300,0.0896
1535244600,0.0896
1535244900,0.0896
1535245200,0.0896
1535245500,0.0896
1535245800,0.0896
1535246100,0.0896
1535246400,0.0896
1535246700,0.0896
1535247000,0.0896
1535247300,0.0896
1535247600,0.0896
1535247900,0.0896
1535248200,0.0896
1535248500,0.0896
1535248800,0.0896
1535249100,0.0896
1535249400,0.0896
1535249700,0.0896
1535250000,0.0896
1535250300,0.0896
1535250600,0.0896
1535250900,0.0896
1535251200,0.0896
1535251500,0.0896
1535251800,0.0896
1535252100,0.0896
1535252400,0.0896
1535252700,0.0896
1535253000,0.0896
1535253300,0.0896
1535253600,0.0896
1535253900,0.0896
1535254200,0.0896
1535254500,0.0896
1535254800,0.0896
1535255100,0.0896
1535255400,0.0896
1535255700,0.0896
1535256000,0.0896
1535256300,0.0896
1535256600,0.0896
1535256900,0.0896
1535257200,0.0896
1535257500,0.0896
1535257800,0.0896
1535258100,0.0896
1535258400,0.0896
1535258700,0.0896
1535259000,0.0896
1535259300,0.0896
1535259600,0.0896
1535259900,0.0896
1535260200,0.0896
1535260500,0.0896
1535260800,0.0896
1535261100,0.0896
1535261400,0.0896
1535261700,0.0896
1535262000,0.0896
1535262300,0.0896
1535262600,0.0896
1535262900,0.0896
1535263200,0.0896
1535263500,0.0896
1535263800,0.0896
1535264100,0.0896
1535264400,0.0896
1535264700,0.0896
1535265000,0.0896
1535265300,0.0896
1535265600,0.0896
1535265900,0.0896
1535266200,0.0896
1535266500,0.0896
1535266800,0.0896
1535267100,0.0896
1535267400,0.0896
1535267700,0.0896
1535268000,0.0896
1535268300,0.0896
1535268600,0.0896
1535268900,0.0896
1535269200,0.0896
1535269500,0.0896
1535269800,0.0896
1535270100,0.0896
1535270400,0.0896
1535270700,0.0896
1535271000,0.0896
1535271300,0.0896
1535271600,0.0896
1535271900,0.0896
1535272200,0.0896
1535272500,0.0896
1535272800,0.0896
1535273100,0.0896
1535273400,0.0896
1535273700,0.0896
1535274000,0.0896
1535274300,0.0896
1535274600,0.0896
1535274900,0.0896
1535275200,0.0896
1535275500,0.0896
1535275800,0.0896
1535276100,0.0896
1535276400,0.0896
1535276700,0.0896
1535277000,0.0896
1535277300,0.0896
1535277600,0.0896
1535277900,0.0896
1535278200,0.0896
1535278500,0.0896
1535278800,0.0896
1535279100,0.0896
1535279400,0.0896
1535279700,0.0896
1535280000,0.0896
1535280300,0.0896
1535280600,0.0896
1535280900,0.0896
1535281200,0.0896
1535281500,0.0896
1535281800,0.0896
1535282100,0.0896
1535282400,0.0896
1535282700,0.0896
1535283000,0.0896
1535283300,0.0896
1535283600,0.0896
1535283900,0.0896
1535284200,0.0896
1535284500,0.0896
1535284800,0.0896
1535285100,0.0896
1535285400,0.0896
1535285700,0.0896
1535286000,0.0896
1535286300,0.0896
1535286600,0.0896
1535286900,0.0896
1535287200,0.0896
1535287500,0.0896
1535287800,0.0896
1535288100,0.0896
1535288400,0.0896
1535288700,0.0896
1535289000,0.0896
1535289300,0.0896
1535289600,0.0896
1535289900,0.0896
1535290200,0.0896
1535290500,0.0896
1535290800,0.0896
1535291100,0.0896
1535291400,0.0896
1535291700,0.0896
1535292000,0.0896
1535292300,0.0896
1535292600,0.0896
1535292900,0.0896
1535293200,0.0896
1535293500,0.0896
1535293800,0.0896
1535294100,0.0896
1535294400,0.0896
1535294700,0.0896
1535295000,0.0896
1535295300,0.0896
1535295600,0.0896
1535295900,0.0896
1535296200,0.0896
1535296500,0.0896
1535296800,0.0896
1535297100,0.0896
1535297400,0.0896
1535297700,0.0896
1535298000,0.0896
1535298300,0.0896
1535298600,0.0896
1535298900,0.0896
1535299200,0.0896
1535299500,0.0896
1535299800,0.0896
1535300100,0.0896
1535300400,0.0896
1535300700,0.0896
1535301000,0.0896
1535301300,0.0896
1535301600,0.0896
1535301900,0.0896
1535302200,0.0896
1535302500,0.0896
1535302800,0.0896
1535303100,0.0896
1535303400,0.0896
1535303700,0.0896
1535304000,0.0896
1535304300,0.0896
1535304600,0.0896
1535304900,0.0896
1535305200,0.0896
1535305500,0.0896
1535305800,0.0896
1535306100,0.0896
1535306400,0.0896
1535306700,0.0896
1535307000,0.0896
1535307300,0.0896
1535307600,0.0896
1535307900,0.0896
1535308200,0.0896
1535308500,0.0896
1535308800,0.0896
1535309100,0.0896
1535309400,0.0896
1535309700,0.0896
1535310000,0.0896
1535310300,0.0896
1535310600,0.0896
1535310900,0.0896
1535311200,0.0896
1535311500,0.0896
1535311800,0.0896
1535312100,0.0896
1535312400,0.0896
1535312700,0.0896
1535313000,0.0896
1535313300,0.0896
1535313600,0.0896
1535313900,0.0896
1535314200,0.0896
1535314500,0.0896
1535314800,0.0896
1535315100,0.0896
1535315400,0.0896
1535315700,0.0896
1535316000,0.0896
1535316300,0.0896
1535316600,0.0896
1535316900,0.0896
1535317200,0.0896
1535317500,0.0896
1535317800,0.0896
1535318100,0.0896
1535318400,0.0896
1535318700,0.0896
1535319000,0.0896
1535319300,0.0896
1535319600,0.0896
1535319900,0.0896
1535320200,0.0896
1535320500,0.0896
1535320800,0.0896
1535321100,0.0896
1535321400,0.0896
1535321700,0.0896
1535322000,0.0896
1535322300,0.0896
1535322600,0.0896
1535322900,0.0896
1535323200,0.0896
1535323500,0.0896
1535323800,0.0896
1535324100,0.0896
1535324400,0.0896
1535324700,0.0896
1535325000,0.0896
1535325300,0.0896
1535325600,0.0896
1535325900,0.0896
1535326200,0.0896
1535326500,0.0896
1535326800,0.0896
1535327100,0.0896
1535327400,0.0896
1535327700,0.0896
1535328000,0.113066667
1535328300,0.113066667
1535328600,0.113066667
1535328900,0.113066667
1535329200,0.113066667
1535329500,0.113066667
1535329800,0.113066667
1535330100,0.113066667
1535330400,0.113066667
1535330700,0.113066667
1535331000,0.113066667
1535331300,0.113066667
1535331600,0.113066667
1535331900,0.113066667
1535332200,0.113066667
1535332500,0.113066667
1535332800,0.113066667
1535333100,0.113066667
1535333400,0.113066667
1535333700,0.113066667
1535334000,0.113066667
1535334300,0.113066667
1535334600,0.113066667
1535334900,0.113066667
1535335200,0.113066667
1535335500,0.113066667
1535335800,0.113066667
1535336100,0.113066667
1535336400,0.113066667
1535336700,0.113066667
1535337000,0.113066667
1535337300,0.113066667
1535337600,0.113066667
1535337900,0.113066667
1535338200,0.113066667
1535338500,0.113066667
1535338800,0.113066667
1535339100,0.113066667
1535339400,0.113066667
1535339700,0.113066667
1535340000,0.113066667
1535340300,0.113066667
1535340600,0.113066667
1535340900,0.113066667
1535341200,0.113066667
1535341500,0.113066667
1535341800,0.113066667
1535342100,0.113066667
1535342400,0.113066667
1535342700,0.113066667
1535343000,0.113066667
1535343300,0.113066667
1535343600,0.113066667
1535343900,0.113066667
1535344200,0.113066667
1535344500,0.113066667
1535344800,0.113066667
1535345100,0.113066667
1535345400,0.113066667
1535345700,0.113066667
1535346000,0.113066667
1535346300,0.113066667
1535346600,0.113066667
1535346900,0.113066667
1535347200,0.113066667
1535347500,0.113066667
1535347800,0.113066667
1535348100,0.113066667
1535348400,0.113066667
1535348700,0.113066667
1535349000,0.113066667
1535349300,0.113066667
1535349600,0.113066667
1535349900,0.113066667
1535350200,0.113066667
1535350500,0.113066667
1535350800,0.113066667
1535351100,0.113066667
1535351400,0.113066667
1535351700,0.113066667
1535352000,0.113066667
1535352300,0.113066667
1535352600,0.113066667
1535352900,0.113066667
1535353200,0.113066667
1535353500,0.113066667
1535353800,0.113066667
1535354100,0.113066667
1535354400,0.113066667
1535354700,0.113066667
1535355000,0.113066667
1535355300,0.113066667
1535355600,0.113066667
1535355900,0.113066667
1535356200,0.113066667
1535356500,0.113066667
1535356800,0.113066667
1535357100,0.113066667
1535357400,0.113066667
1535357700,0.113066667
1535358000,0.113066667
1535358300,0.113066667
1535358600,0.113066667
1535358900,0.113066667
1535359200,0.113066667
1535359500,0.113066667
1535359800,0.113066667
1535360100,0.113066667
1535360400,0.113066667
1535360700,0.113066667
1535361000,0.113066667
1535361300,0.113066667
1535361600,0.113066667
1535361900,0.113066667
1535362200,0.113066667
1535362500,0.113066667
1535362800,0.113066667
1535363100,0.113066667
1535363400,0.113066667
1535363700,0.113066667
1535364000,0.113066667
1535364300,0.113066667
1535364600,0.113066667
1535364900,0.113066667
1535365200,0.113066667
1535365500,0.113066667
1535365800,0.113066667
1535366100,0.113066667
1535366400,0.113066667
1535366700,0.113066667
1535367000,0.113066667
1535367300,0.113066667
1535367600,0.113066667
1535367900,0.113066667
1535368200,0.113066667
1535368500,0.113066667
1535368800,0.113066667
1535369100,0.113066667
1535369400,0.113066667
1535369700,0.113066667
1535370000,0.113066667
1535370300,0.113066667
1535370600,0.113066667
1535370900,0.113066667
1535371200,0.113066667
1535371500,0.113066667
1535371800,0.113066667
1535372100,0.113066667
1535372400,0.113066667
1535372700,0.113066667
1535373000,0.113066667
1535373300,0.113066667
1535373600,0.113066667
1535373900,0.113066667
1535374200,0.113066667
1535374500,0.113066667
1535374800,0.113066667
1535375100,0.113066667
1535375400,0.113066667
1535375700,0.113066667
1535376000,0.113066667
1535376300,0.113066667
1535376600,0.113066667
1535376900,0.113066667
1535377200,0.113066667
1535377500,0.113066667
1535377800,0.113066667
1535378100,0.113066667
1535378400,0.113066667
1535378700,0.113066667
1535379000,0.113066667
1535379300,0.113066667
1535379600,0.113066667
1535379900,0.113066667
1535380200,0.113066667
1535380500,0.113066667
1535380800,0.113066667
1535381100,0.113066667
1535381400,0.113066667
1535381700,0.113066667
1535382000,0.113066667
1535382300,0.113066667
1535382600,0.113066667
1535382900,0.113066667
1535383200,0.113066667
1535383500,0.113066667
1535383800,0.113066667
1535384100,0.113066667
1535384400,0.113066667
1535384700,0.113066667
1535385000,0.113066667
1535385300,0.113066667
1535385600,0.113066667
1535385900,0.113066667
1535386200,0.113066667
1535386500,0.113066667
1535386800,0.113066667
1535387100,0.113066667
1535387400,0.113066667
1535387700,0.113066667
1535388000,0.113066667
1535388300,0.113066667
1535388600,0.113066667
1535388900,0.113066667
1535389200,0.113066667
1535389500,0.113066667
1535389800,0.113066667
1535390100,0.113066667
1535390400,0.113066667
1535390700,0.113066667
1535391000,0.113066667
1535391300,0.113066667
1535391600,0.113066667
1535391900,0.113066667
1535392200,0.113066667
1535392500,0.113066667
1535392800,0.113066667
1535393100,0.113066667
1535393400,0.113066667
1535393700,0.113066667
1535394000,0.113066667
1535394300,0.113066667
1535394600,0.113066667
1535394900,0.113066667
1535395200,0.113066667
1535395500,0.113066667
1535395800,0.113066667
1535396100,0.113066667
1535396400,0.113066667
1535396700,0.113066667
1535397000,0.113066667
1535397300,0.113066667
1535397600,0.113066667
1535397900,0.113066667
1535398200,0.113066667
1535398500,0.113066667
1535398800,0.113066667
1535399100,0.113066667
1535399400,0.113066667
1535399700,0.113066667
1535400000,0.113066667
1535400300,0.113066667
1535400600,0.113066667
1535400900,0.113066667
1535401200,0.113066667
1535401500,0.113066667
1535401800,0.113066667
1535402100,0.113066667
1535402400,0.113066667
1535402700,0.113066667
1535403000,0.113066667
1535403300,0.113066667
1535403600,0.113066667
1535403900,0.113066667
1535404200,0.113066667
1535404500,0.113066667
1535404800,0.113066667
1535405100,0.113066667
1535405400,0.113066667
1535405700,0.113066667
1535406000,0.113066667
1535406300,0.113066667
1535406600,0.113066667
1535406900,0.113066667
1535407200,0.113066667
1535407500,0.113066667
1535407800,0.113066667
1535408100,0.113066667
1535408400,0.113066667
1535408700,0.113066667
1535409000,0.113066667
1535409300,0.113066667
1535409600,0.113066667
1535409900,0.113066667
1535410200,0.113066667
1535410500,0.113066667
1535410800,0.113066667
1535411100,0.113066667
1535411400,0.113066667
1535411700,0.113066667
1535412000,0.113066667
1535412300,0.113066667
1535412600,0.113066667
1535412900,0.113066667
1535413200,0.113066667
1535413500,0.113066667
1535413800,0.113066667
1535414100,0.113066667
1535414400,0.046747826
1535414700,0.046747826
1535415000,0.046747826
1535415300,0.046747826
1535415600,0.046747826
1535415900,0.046747826
1535416200,0.046747826
1535416500,0.046747826
1535416800,0.046747826
1535417100,0.046747826
1535417400,0.046747826
1535417700,0.046747826
1535418000,0.046747826
1535418300,0.046747826
1535418600,0.046747826
1535418900,0.046747826
1535419200,0.046747826
1535419500,0.046747826
1535419800,0.046747826
1535420100,0.046747826
1535420400,0.046747826
1535420700,0.046747826
1535421000,0.046747826
1535421300,0.046747826
1535421600,0.046747826
1535421900,0.046747826
1535422200,0.046747826
1535422500,0.046747826
1535422800,0.046747826
1535423100,0.046747826
1535423400,0.046747826
1535423700,0.046747826
1535424000,0.046747826
1535424300,0.046747826
1535424600,0.046747826
1535424900,0.046747826
1535425200,0.046747826
1535425500,0.046747826
1535425800,0.046747826
1535426100,0.046747826
1535426400,0.046747826
1535426700,0.046747826
1535427000,0.046747826
1535427300,0.046747826
1535427600,0.046747826
1535427900,0.046747826
1535428200,0.046747826
1535428500,0.046747826
1535428800,0.046747826
1535429100,0.046747826
1535429400,0.046747826
1535429700,0.046747826
1535430000,0.046747826
1535430300,0.046747826
1535430600,0.046747826
1535430900,0.046747826
1535431200,0.046747826
1535431500,0.046747826
1535431800,0.046747826
1535432100,0.046747826
1535432400,0.046747826
1535432700,0.046747826
1535433000,0.046747826
1535433300,0.046747826
1535433600,0.046747826
1535433900,0.046747826
1535434200,0.046747826
1535434500,0.046747826
1535434800,0.046747826
1535435100,0.046747826
1535435400,0.046747826
1535435700,0.046747826
1535436000,0.046747826
1535436300,0.046747826
1535436600,0.046747826
1535436900,0.046747826
1535437200,0.046747826
1535437500,0.046747826
1535437800,0.046747826
1535438100,0.046747826
1535438400,0.046747826
1535438700,0.046747826
1535439000,0.046747826
1535439300,0.046747826
1535439600,0.046747826
1535439900,0.046747826
1535440200,0.046747826
1535440500,0.046747826
1535440800,0.046747826
1535441100,0.046747826
1535441400,0.046747826
1535441700,0.046747826
1535442000,0.046747826
1535442300,0.046747826
1535442600,0.046747826
1535442900,0.046747826
1535443200,0.046747826
1535443500,0.046747826
1535443800,0.046747826
1535444100,0.046747826
1535444400,0.046747826
1535444700,0.046747826
1535445000,0.046747826
1535445300,0.046747826
1535445600,0.046747826
1535445900,0.046747826
1535446200,0.046747826
1535446500,0.046747826
1535446800,0.046747826
1535447100,0.046747826
1535447400,0.046747826
1535447700,0.046747826
1535448000,0.046747826
1535448300,0.046747826
1535448600,0.046747826
1535448900,0.046747826
1535449200,0.046747826
1535449500,0.046747826
1535449800,0.046747826
1535450100,0.046747826
1535450400,0.046747826
1535450700,0.046747826
1535451000,0.046747826
1535451300,0.046747826
1535451600,0.046747826
1535451900,0.046747826
1535452200,0.046747826
1535452500,0.046747826
1535452800,0.046747826
1535453100,0.046747826
1535453400,0.046747826
1535453700,0.046747826
1535454000,0.046747826
1535454300,0.046747826
1535454600,0.046747826
1535454900,0.046747826
1535455200,0.046747826
1535455500,0.046747826
1535455800,0.046747826
1535456100,0.046747826
1535456400,0.046747826
1535456700,0.046747826
1535457000,0.046747826
1535457300,0.046747826
1535457600,0.046747826
1535457900,0.046747826
1535458200,0.046747826
1535458500,0.046747826
1535458800,0.046747826
1535459100,0.046747826
1535459400,0.046747826
1535459700,0.046747826
1535460000,0.046747826
1535460300,0.046747826
1535460600,0.046747826
1535460900,0.046747826
1535461200,0.046747826
1535461500,0.046747826
1535461800,0.046747826
1535462100,0.046747826
1535462400,0.046747826
1535462700,0.046747826
1535463000,0.046747826
1535463300,0.046747826
1535463600,0.046747826
1535463900,0.046747826
1535464200,0.046747826
1535464500,0.046747826
1535464800,0.046747826
1535465100,0.046747826
1535465400,0.046747826
1535465700,0.046747826
1535466000,0.046747826
1535466300,0.046747826
1535466600,0.046747826
1535466900,0.046747826
1535467200,0.046747826
1535467500,0.046747826
1535467800,0.046747826
1535468100,0.046747826
1535468400,0.046747826
1535468700,0.046747826
1535469000,0.046747826
1535469300,0.046747826
1535469600,0.046747826
1535469900,0.046747826
1535470200,0.046747826
1535470500,0.046747826
1535470800,0.046747826
1535471100,0.046747826
1535471400,0.046747826
1535471700,0.046747826
1535472000,0.046747826
1535472300,0.046747826
1535472600,0.046747826
1535472900,0.046747826
1535473200,0.046747826
1535473500,0.046747826
1535473800,0.046747826
1535474100,0.046747826
1535474400,0.046747826
1535474700,0.046747826
1535475000,0.046747826
1535475300,0.046747826
1535475600,0.046747826
1535475900,0.046747826
1535476200,0.046747826
1535476500,0.046747826
1535476800,0.046747826
1535477100,0.046747826
1535477400,0.046747826
1535477700,0.046747826
1535478000,0.046747826
1535478300,0.046747826
1535478600,0.046747826
1535478900,0.046747826
1535479200,0.046747826
1535479500,0.046747826
1535479800,0.046747826
1535480100,0.046747826
1535480400,0.046747826
1535480700,0.046747826
1535481000,0.046747826
1535481300,0.046747826
1535481600,0.046747826
1535481900,0.046747826
1535482200,0.046747826
1535482500,0.046747826
1535482800,0.046747826
1535483100,0.046747826
1535483400,0.046747826
1535483700,0.046747826
1535484000,0.046747826
1535484300,0.046747826
1535484600,0.046747826
1535484900,0.046747826
1535485200,0.046747826
1535485500,0.046747826
1535485800,0.046747826
1535486100,0.046747826
1535486400,0.046747826
1535486700,0.046747826
1535487000,0.046747826
1535487300,0.046747826
1535487600,0.046747826
1535487900,0.046747826
1535488200,0.046747826
1535488500,0.046747826
1535488800,0.046747826
1535489100,0.046747826
1535489400,0.046747826
1535489700,0.046747826
1535490000,0.046747826
1535490300,0.046747826
1535490600,0.046747826
1535490900,0.046747826
1535491200,0.046747826
1535491500,0.046747826
1535491800,0.046747826
1535492100,0.046747826
1535492400,0.046747826
1535492700,0.046747826
1535493000,0.046747826
1535493300,0.046747826
1535493600,0.046747826
1535493900,0.046747826
1535494200,0.046747826
1535494500,0.046747826
1535494800,0.046747826
1535495100,0.046747826
1535495400,0.046747826
1535495700,0.046747826
1535496000,0.046747826
1535496300,0.046747826
1535496600,0.046747826
1535496900,0.046747826
1535497200,0.046747826
1535497500,0.046747826
1535497800,0.046747826
1535498100,0.046747826
1535498400,0.046747826
1535498700,0.046747826
1535499000,0.046747826
1535499300,0.046747826
1535499600,0.046747826
1535499900,0.046747826
1535500200,0.046747826
1535500500,0.046747826
1535500800,0.035778314
1535501100,0.035778314
1535501400,0.035778314
1535501700,0.035778314
1535502000,0.035778314
1535502300,0.035778314
1535502600,0.035778314
1535502900,0.035778314
1535503200,0.035778314
1535503500,0.035778314
1535503800,0.035778314
1535504100,0.035778314
1535504400,0.035778314
1535504700,0.035778314
1535505000,0.035778314
1535505300,0.035778314
1535505600,0.035778314
1535505900,0.035778314
1535506200,0.035778314
1535506500,0.035778314
1535506800,0.035778314
1535507100,0.035778314
1535507400,0.035778314
1535507700,0.035778314
1535508000,0.035778314
1535508300,0.035778314
1535508600,0.035778314
1535508900,0.035778314
1535509200,0.035778314
1535509500,0.035778314
1535509800,0.035778314
1535510100,0.035778314
1535510400,0.035778314
1535510700,0.035778314
1535511000,0.035778314
1535511300,0.035778314
1535511600,0.035778314
1535511900,0.035778314
1535512200,0.035778314
1535512500,0.035778314
1535512800,0.035778314
1535513100,0.035778314
1535513400,0.035778314
1535513700,0.035778314
1535514000,0.035778314
1535514300,0.035778314
1535514600,0.035778314
1535514900,0.035778314
1535515200,0.035778314
1535515500,0.035778314
1535515800,0.035778314
1535516100,0.035778314
1535516400,0.035778314
1535516700,0.035778314
1535517000,0.035778314
1535517300,0.035778314
1535517600,0.035778314
1535517900,0.035778314
1535518200,0.035778314
1535518500,0.035778314
1535518800,0.035778314
1535519100,0.035778314
1535519400,0.035778314
1535519700,0.035778314
1535520000,0.035778314
1535520300,0.035778314
1535520600,0.035778314
1535520900,0.035778314
1535521200,0.035778314
1535521500,0.035778314
1535521800,0.035778314
1535522100,0.035778314
1535522400,0.035778314
1535522700,0.035778314
1535523000,0.035778314
1535523300,0.035778314
1535523600,0.035778314
1535523900,0.035778314
1535524200,0.035778314
1535524500,0.035778314
1535524800,0.035778314
1535525100,0.035778314
1535525400,0.035778314
1535525700,0.035778314
1535526000,0.035778314
1535526300,0.035778314
1535526600,0.035778314
1535526900,0.035778314
1535527200,0.035778314
1535527500,0.035778314
1535527800,0.035778314
1535528100,0.035778314
1535528400,0.035778314
1535528700,0.035778314
1535529000,0.035778314
1535529300,0.035778314
1535529600,0.035778314
1535529900,0.035778314
1535530200,0.035778314
1535530500,0.035778314
1535530800,0.035778314
1535531100,0.035778314
1535531400,0.035778314
1535531700,0.035778314
1535532000,0.035778314
1535532300,0.035778314
1535532600,0.035778314
1535532900,0.035778314
1535533200,0.035778314
1535533500,0.035778314
1535533800,0.035778314
1535534100,0.035778314
1535534400,0.035778314
1535534700,0.035778314
1535535000,0.035778314
1535535300,0.035778314
1535535600,0.035778314
1535535900,0.035778314
1535536200,0.035778314
1535536500,0.035778314
1535536800,0.035778314
1535537100,0.035778314
1535537400,0.035778314
1535537700,0.035778314
1535538000,0.035778314
1535538300,0.035778314
1535538600,0.035778314
1535538900,0.035778314
1535539200,0.035778314
1535539500,0.035778314
1535539800,0.035778314
1535540100,0.035778314
1535540400,0.035778314
1535540700,0.035778314
1535541000,0.035778314
1535541300,0.035778314
1535541600,0.035778314
1535541900,0.035778314
1535542200,0.035778314
1535542500,0.035778314
1535542800,0.035778314
1535543100,0.035778314
1535543400,0.035778314
1535543700,0.035778314
1535544000,0.035778314
1535544300,0.035778314
1535544600,0.035778314
1535544900,0.035778314
1535545200,0.035778314
1535545500,0.035778314
1535545800,0.035778314
1535546100,0.035778314
1535546400,0.035778314
1535546700,0.035778314
1535547000,0.035778314
1535547300,0.035778314
1535547600,0.035778314
1535547900,0.035778314
1535548200,0.035778314
1535548500,0.035778314
1535548800,0.035778314
1535549100,0.035778314
1535549400,0.035778314
1535549700,0.035778314
1535550000,0.035778314
1535550300,0.035778314
1535550600,0.035778314
1535550900,0.035778314
1535551200,0.035778314
1535551500,0.035778314
1535551800,0.035778314
1535552100,0.035778314
1535552400,0.035778314
1535552700,0.035778314
1535553000,0.035778314
1535553300,0.035778314
1535553600,0.035778314
1535553900,0.035778314
1535554200,0.035778314
1535554500,0.035778314
1535554800,0.035778314
1535555100,0.035778314
1535555400,0.035778314
1535555700,0.035778314
1535556000,0.035778314
1535556300,0.035778314
1535556600,0.035778314
1535556900,0.035778314
1535557200,0.035778314
1535557500,0.035778314
1535557800,0.035778314
1535558100,0.035778314
1535558400,0.035778314
1535558700,0.035778314
1535559000,0.035778314
1535559300,0.035778314
1535559600,0.035778314
1535559900,0.035778314
1535560200,0.035778314
1535560500,0.035778314
1535560800,0.035778314
1535561100,0.035778314
1535561400,0.035778314
1535561700,0.035778314
1535562000,0.035778314
1535562300,0.035778314
1535562600,0.035778314
1535562900,0.035778314
1535563200,0.035778314
1535563500,0.035778314
1535563800,0.035778314
1535564100,0.035778314
1535564400,0.035778314
1535564700,0.035778314
1535565000,0.035778314
1535565300,0.035778314
1535565600,0.035778314
1535565900,0.035778314
1535566200,0.035778314
1535566500,0.035778314
1535566800,0.035778314
1535567100,0.035778314
1535567400,0.035778314
1535567700,0.035778314
1535568000,0.035778314
1535568300,0.035778314
1535568600,0.035778314
1535568900,0.035778314
1535569200,0.035778314
1535569500,0.035778314
1535569800,0.035778314
1535570100,0.035778314
1535570400,0.035778314
1535570700,0.035778314
1535571000,0.035778314
1535571300,0.035778314
1535571600,0.035778314
1535571900,0.035778314
1535572200,0.035778314
1535572500,0.035778314
1535572800,0.035778314
1535573100,0.035778314
1535573400,0.035778314
1535573700,0.035778314
1535574000,0.035778314
1535574300,0.035778314
1535574600,0.035778314
1535574900,0.035778314
1535575200,0.035778314
1535575500,0.035778314
1535575800,0.035778314
1535576100,0.035778314
1535576400,0.035778314
1535576700,0.035778314
1535577000,0.035778314
1535577300,0.035778314
1535577600,0.035778314
1535577900,0.035778314
1535578200,0.035778314
1535578500,0.035778314
1535578800,0.035778314
1535579100,0.035778314
1535579400,0.035778314
1535579700,0.035778314
1535580000,0.035778314
1535580300,0.035778314
1535580600,0.035778314
1535580900,0.035778314
1535581200,0.035778314
1535581500,0.035778314
1535581800,0.035778314
1535582100,0.035778314
1535582400,0.035778314
1535582700,0.035778314
1535583000,0.035778314
1535583300,0.035778314
1535583600,0.035778314
1535583900,0.035778314
1535584200,0.035778314
1535584500,0.035778314
1535584800,0.035778314
1535585100,0.035778314
1535585400,0.035778314
1535585700,0.035778314
1535586000,0.035778314
1535586300,0.035778314
1535586600,0.035778314
1535586900,0.035778314
1535587200,0.102780669
1535587500,0.102780669
1535587800,0.102780669
1535588100,0.102780669
1535588400,0.102780669
1535588700,0.102780669
1535589000,0.102780669
1535589300,0.102780669
1535589600,0.102780669
1535589900,0.102780669
1535590200,0.102780669
1535590500,0.102780669
1535590800,0.102780669
1535591100,0.102780669
1535591400,0.102780669
1535591700,0.102780669
1535592000,0.102780669
1535592300,0.102780669
1535592600,0.102780669
1535592900,0.102780669
1535593200,0.102780669
1535593500,0.102780669
1535593800,0.102780669
1535594100,0.102780669
1535594400,0.102780669
1535594700,0.102780669
1535595000,0.102780669
1535595300,0.102780669
1535595600,0.102780669
1535595900,0.102780669
1535596200,0.102780669
1535596500,0.102780669
1535596800,0.102780669
1535597100,0.102780669
1535597400,0.102780669
1535597700,0.102780669
1535598000,0.102780669
1535598300,0.102780669
1535598600,0.102780669
1535598900,0.102780669
1535599200,0.102780669
1535599500,0.102780669
1535599800,0.102780669
1535600100,0.102780669
1535600400,0.102780669
1535600700,0.102780669
1535601000,0.102780669
1535601300,0.102780669
1535601600,0.102780669
1535601900,0.102780669
1535602200,0.102780669
1535602500,0.102780669
1535602800,0.102780669
1535603100,0.102780669
1535603400,0.102780669
1535603700,0.102780669
1535604000,0.102780669
1535604300,0.102780669
1535604600,0.102780669
1535604900,0.102780669
1535605200,0.102780669
1535605500,0.102780669
1535605800,0.102780669
1535606100,0.102780669
1535606400,0.102780669
1535606700,0.102780669
1535607000,0.102780669
1535607300,0.102780669
1535607600,0.102780669
1535607900,0.102780669
1535608200,0.102780669
1535608500,0.102780669
1535608800,0.102780669
1535609100,0.102780669
1535609400,0.102780669
1535609700,0.102780669
1535610000,0.102780669
1535610300,0.102780669
1535610600,0.102780669
1535610900,0.102780669
1535611200,0.102780669
1535611500,0.102780669
1535611800,0.102780669
1535612100,0.102780669
1535612400,0.102780669
1535612700,0.102780669
1535613000,0.102780669
1535613300,0.102780669
1535613600,0.102780669
1535613900,0.102780669
1535614200,0.102780669
1535614500,0.102780669
1535614800,0.102780669
1535615100,0.102780669
1535615400,0.102780669
1535615700,0.102780669
1535616000,0.102780669
1535616300,0.102780669
1535616600,0.102780669
1535616900,0.102780669
1535617200,0.102780669
1535617500,0.102780669
1535617800,0.102780669
1535618100,0.102780669
1535618400,0.102780669
1535618700,0.102780669
1535619000,0.102780669
1535619300,0.102780669
1535619600,0.102780669
1535619900,0.102780669
1535620200,0.102780669
1535620500,0.102780669
1535620800,0.102780669
1535621100,0.102780669
1535621400,0.102780669
1535621700,0.102780669
1535622000,0.102780669
1535622300,0.102780669
1535622600,0.102780669
1535622900,0.102780669
1535623200,0.102780669
1535623500,0.102780669
1535623800,0.102780669
1535624100,0.102780669
1535624400,0.102780669
1535624700,0.102780669
1535625000,0.102780669
1535625300,0.102780669
1535625600,0.102780669
1535625900,0.102780669
1535626200,0.102780669
1535626500,0.102780669
1535626800,0.102780669
1535627100,0.102780669
1535627400,0.102780669
1535627700,0.102780669
1535628000,0.102780669
1535628300,0.102780669
1535628600,0.102780669
1535628900,0.102780669
1535629200,0.102780669
1535629500,0.102780669
1535629800,0.102780669
1535630100,0.102780669
1535630400,0.102780669
1535630700,0.102780669
1535631000,0.102780669
1535631300,0.102780669
1535631600,0.102780669
1535631900,0.102780669
1535632200,0.102780669
1535632500,0.102780669
1535632800,0.102780669
1535633100,0.102780669
1535633400,0.102780669
1535633700,0.102780669
1535634000,0.102780669
1535634300,0.102780669
1535634600,0.102780669
1535634900,0.102780669
1535635200,0.102780669
1535635500,0.102780669
1535635800,0.102780669
1535636100,0.102780669
1535636400,0.102780669
1535636700,0.102780669
1535637000,0.102780669
1535637300,0.102780669
1535637600,0.102780669
1535637900,0.102780669
1535638200,0.102780669
1535638500,0.102780669
1535638800,0.102780669
1535639100,0.102780669
1535639400,0.102780669
1535639700,0.102780669
1535640000,0.102780669
1535640300,0.102780669
1535640600,0.102780669
1535640900,0.102780669
1535641200,0.102780669
1535641500,0.102780669
1535641800,0.102780669
1535642100,0.102780669
1535642400,0.102780669
1535642700,0.102780669
1535643000,0.102780669
1535643300,0.102780669
1535643600,0.102780669
1535643900,0.102780669
1535644200,0.102780669
1535644500,0.102780669
1535644800,0.102780669
1535645100,0.102780669
1535645400,0.102780669
1535645700,0.102780669
1535646000,0.102780669
1535646300,0.102780669
1535646600,0.102780669
1535646900,0.102780669
1535647200,0.102780669
1535647500,0.102780669
1535647800,0.102780669
1535648100,0.102780669
1535648400,0.102780669
1535648700,0.102780669
1535649000,0.102780669
1535649300,0.102780669
1535649600,0.102780669
1535649900,0.102780669
1535650200,0.102780669
1535650500,0.102780669
1535650800,0.102780669
1535651100,0.102780669
1535651400,0.102780669
1535651700,0.102780669
1535652000,0.102780669
1535652300,0.102780669
1535652600,0.102780669
1535652900,0.102780669
1535653200,0.102780669
1535653500,0.102780669
1535653800,0.102780669
1535654100,0.102780669
1535654400,0.102780669
1535654700,0.102780669
1535655000,0.102780669
1535655300,0.102780669
1535655600,0.102780669
1535655900,0.102780669
1535656200,0.102780669
1535656500,0.102780669
1535656800,0.102780669
1535657100,0.102780669
1535657400,0.102780669
1535657700,0.102780669
1535658000,0.102780669
1535658300,0.102780669
1535658600,0.102780669
1535658900,0.102780669
1535659200,0.102780669
1535659500,0.102780669
1535659800,0.102780669
1535660100,0.102780669
1535660400,0.102780669
1535660700,0.102780669
1535661000,0.102780669
1535661300,0.102780669
1535661600,0.102780669
1535661900,0.102780669
1535662200,0.102780669
1535662500,0.102780669
1535662800,0.102780669
1535663100,0.102780669
1535663400,0.102780669
1535663700,0.102780669
1535664000,0.102780669
1535664300,0.102780669
1535664600,0.102780669
1535664900,0.102780669
1535665200,0.102780669
1535665500,0.102780669
1535665800,0.102780669
1535666100,0.102780669
1535666400,0.102780669
1535666700,0.102780669
1535667000,0.102780669
1535667300,0.102780669
1535667600,0.102780669
1535667900,0.102780669
1535668200,0.102780669
1535668500,0.102780669
1535668800,0.102780669
1535669100,0.102780669
1535669400,0.102780669
1535669700,0.102780669
1535670000,0.102780669
1535670300,0.102780669
1535670600,0.102780669
1535670900,0.102780669
1535671200,0.102780669
1535671500,0.102780669
1535671800,0.102780669
1535672100,0.102780669
1535672400,0.102780669
1535672700,0.102780669
1535673000,0.102780669
1535673300,0.102780669
1535673600,0.095793548
1535673900,0.095793548
1535674200,0.095793548
1535674500,0.095793548
1535674800,0.095793548
1535675100,0.095793548
1535675400,0.095793548
1535675700,0.095793548
1535676000,0.095793548
1535676300,0.095793548
1535676600,0.095793548
1535676900,0.095793548
1535677200,0.095793548
1535677500,0.095793548
1535677800,0.095793548
1535678100,0.095793548
1535678400,0.095793548
1535678700,0.095793548
1535679000,0.095793548
1535679300,0.095793548
1535679600,0.095793548
1535679900,0.095793548
1535680200,0.095793548
1535680500,0.095793548
1535680800,0.095793548
1535681100,0.095793548
1535681400,0.095793548
1535681700,0.095793548
1535682000,0.095793548
1535682300,0.095793548
1535682600,0.095793548
1535682900,0.095793548
1535683200,0.095793548
1535683500,0.095793548
1535683800,0.095793548
1535684100,0.095793548
1535684400,0.095793548
1535684700,0.095793548
1535685000,0.095793548
1535685300,0.095793548
1535685600,0.095793548
1535685900,0.095793548
1535686200,0.095793548
1535686500,0.095793548
1535686800,0.095793548
1535687100,0.095793548
1535687400,0.095793548
1535687700,0.095793548
1535688000,0.095793548
1535688300,0.095793548
1535688600,0.095793548
1535688900,0.095793548
1535689200,0.095793548
1535689500,0.095793548
1535689800,0.095793548
1535690100,0.095793548
1535690400,0.095793548
1535690700,0.095793548
1535691000,0.095793548
1535691300,0.095793548
1535691600,0.095793548
1535691900,0.095793548
1535692200,0.095793548
1535692500,0.095793548
1535692800,0.095793548
1535693100,0.095793548
1535693400,0.095793548
1535693700,0.095793548
1535694000,0.095793548
1535694300,0.095793548
1535694600,0.095793548
1535694900,0.095793548
1535695200,0.095793548
1535695500,0.095793548
1535695800,0.095793548
1535696100,0.095793548
1535696400,0.095793548
1535696700,0.095793548
1535697000,0.095793548
1535697300,0.095793548
1535697600,0.095793548
1535697900,0.095793548
1535698200,0.095793548
1535698500,0.095793548
1535698800,0.095793548
1535699100,0.095793548
1535699400,0.095793548
1535699700,0.095793548
1535700000,0.095793548
1535700300,0.095793548
1535700600,0.095793548
1535700900,0.095793548
1535701200,0.095793548
1535701500,0.095793548
1535701800,0.095793548
1535702100,0.095793548
1535702400,0.095793548
1535702700,0.095793548
1535703000,0.095793548
1535703300,0.095793548
1535703600,0.095793548
1535703900,0.095793548
1535704200,0.095793548
1535704500,0.095793548
1535704800,0.095793548
1535705100,0.095793548
1535705400,0.095793548
1535705700,0.095793548
1535706000,0.095793548
1535706300,0.095793548
1535706600,0.095793548
1535706900,0.095793548
1535707200,0.095793548
1535707500,0.095793548
1535707800,0.095793548
1535708100,0.095793548
1535708400,0.095793548
1535708700,0.095793548
1535709000,0.095793548
1535709300,0.095793548
1535709600,0.095793548
1535709900,0.095793548
1535710200,0.095793548
1535710500,0.095793548
1535710800,0.095793548
1535711100,0.095793548
1535711400,0.095793548
1535711700,0.095793548
1535712000,0.095793548
1535712300,0.095793548
1535712600,0.095793548
1535712900,0.095793548
1535713200,0.095793548
1535713500,0.095793548
1535713800,0.095793548
1535714100,0.095793548
1535714400,0.095793548
1535714700,0.095793548
1535715000,0.095793548
1535715300,0.095793548
1535715600,0.095793548
1535715900,0.095793548
1535716200,0.095793548
1535716500,0.095793548
1535716800,0.095793548
1535717100,0.095793548
1535717400,0.095793548
1535717700,0.095793548
1535718000,0.095793548
1535718300,0.095793548
1535718600,0.095793548
1535718900,0.095793548
1535719200,0.095793548
1535719500,0.095793548
1535719800,0.095793548
1535720100,0.095793548
1535720400,0.095793548
1535720700,0.095793548
1535721000,0.095793548
1535721300,0.095793548
1535721600,0.095793548
1535721900,0.095793548
1535722200,0.095793548
1535722500,0.095793548
1535722800,0.095793548
1535723100,0.095793548
1535723400,0.095793548
1535723700,0.095793548
1535724000,0.095793548
1535724300,0.095793548
1535724600,0.095793548
1535724900,0.095793548
1535725200,0.095793548
1535725500,0.095793548
1535725800,0.095793548
1535726100,0.095793548
1535726400,0.095793548
1535726700,0.095793548
1535727000,0.095793548
1535727300,0.095793548
1535727600,0.095793548
1535727900,0.095793548
1535728200,0.095793548
1535728500,0.095793548
1535728800,0.095793548
1535729100,0.095793548
1535729400,0.095793548
1535729700,0.095793548
1535730000,0.095793548
1535730300,0.095793548
1535730600,0.095793548
1535730900,0.095793548
1535731200,0.095793548
1535731500,0.095793548
1535731800,0.095793548
1535732100,0.095793548
1535732400,0.095793548
1535732700,0.095793548
1535733000,0.095793548
1535733300,0.095793548
1535733600,0.095793548
1535733900,0.095793548
1535734200,0.095793548
1535734500,0.095793548
1535734800,0.095793548
1535735100,0.095793548
1535735400,0.095793548
1535735700,0.095793548
1535736000,0.095793548
1535736300,0.095793548
1535736600,0.095793548
1535736900,0.095793548
1535737200,0.095793548
1535737500,0.095793548
1535737800,0.095793548
1535738100,0.095793548
1535738400,0.095793548
1535738700,0.095793548
1535739000,0.095793548
1535739300,0.095793548
1535739600,0.095793548
1535739900,0.095793548
1535740200,0.095793548
1535740500,0.095793548
1535740800,0.095793548
1535741100,0.095793548
1535741400,0.095793548
1535741700,0.095793548
1535742000,0.095793548
1535742300,0.095793548
1535742600,0.095793548
1535742900,0.095793548
1535743200,0.095793548
1535743500,0.095793548
1535743800,0.095793548
1535744100,0.095793548
1535744400,0.095793548
1535744700,0.095793548
1535745000,0.095793548
1535745300,0.095793548
1535745600,0.095793548
1535745900,0.095793548
1535746200,0.095793548
1535746500,0.095793548
1535746800,0.095793548
1535747100,0.095793548
1535747400,0.095793548
1535747700,0.095793548
1535748000,0.095793548
1535748300,0.095793548
1535748600,0.095793548
1535748900,0.095793548
1535749200,0.095793548
1535749500,0.095793548
1535749800,0.095793548
1535750100,0.095793548
1535750400,0.095793548
1535750700,0.095793548
1535751000,0.095793548
1535751300,0.095793548
1535751600,0.095793548
1535751900,0.095793548
1535752200,0.095793548
1535752500,0.095793548
1535752800,0.095793548
1535753100,0.095793548
1535753400,0.095793548
1535753700,0.095793548
1535754000,0.095793548
1535754300,0.095793548
1535754600,0.095793548
1535754900,0.095793548
1535755200,0.095793548
1535755500,0.095793548
1535755800,0.095793548
1535756100,0.095793548
1535756400,0.095793548
1535756700,0.095793548
1535757000,0.095793548
1535757300,0.095793548
1535757600,0.095793548
1535757900,0.095793548
1535758200,0.095793548
1535758500,0.095793548
1535758800,0.095793548
1535759100,0.095793548
1535759400,0.095793548
1535759700,0.095793548
1535760000,0.1152
1535760300,0.1152
1535760600,0.1152
1535760900,0.1152
1535761200,0.1152
1535761500,0.1152
1535761800,0.1152
1535762100,0.1152
1535762400,0.1152
1535762700,0.1152
1535763000,0.1152
1535763300,0.1152
1535763600,0.1152
1535763900,0.1152
1535764200,0.1152
1535764500,0.1152
1535764800,0.1152
1535765100,0.1152
1535765400,0.1152
1535765700,0.1152
1535766000,0.1152
1535766300,0.1152
1535766600,0.1152
1535766900,0.1152
1535767200,0.1152
1535767500,0.1152
1535767800,0.1152
1535768100,0.1152
1535768400,0.1152
1535768700,0.1152
1535769000,0.1152
1535769300,0.1152
1535769600,0.1152
1535769900,0.1152
1535770200,0.1152
1535770500,0.1152
1535770800,0.1152
1535771100,0.1152
1535771400,0.1152
1535771700,0.1152
1535772000,0.1152
1535772300,0.1152
1535772600,0.1152
1535772900,0.1152
1535773200,0.1152
1535773500,0.1152
1535773800,0.1152
1535774100,0.1152
1535774400,0.1152
1535774700,0.1152
1535775000,0.1152
1535775300,0.1152
1535775600,0.1152
1535775900,0.1152
1535776200,0.1152
1535776500,0.1152
1535776800,0.1152
1535777100,0.1152
1535777400,0.1152
1535777700,0.1152
1535778000,0.1152
1535778300,0.1152
1535778600,0.1152
1535778900,0.1152
1535779200,0.1152
1535779500,0.1152
1535779800,0.1152
1535780100,0.1152
1535780400,0.1152
1535780700,0.1152
1535781000,0.1152
1535781300,0.1152
1535781600,0.1152
1535781900,0.1152
1535782200,0.1152
1535782500,0.1152
1535782800,0.1152
1535783100,0.1152
1535783400,0.1152
1535783700,0.1152
1535784000,0.1152
1535784300,0.1152
1535784600,0.1152
1535784900,0.1152
1535785200,0.1152
1535785500,0.1152
1535785800,0.1152
1535786100,0.1152
1535786400,0.1152
1535786700,0.1152
1535787000,0.1152
1535787300,0.1152
1535787600,0.1152
1535787900,0.1152
1535788200,0.1152
1535788500,0.1152
1535788800,0.1152
1535789100,0.1152
1535789400,0.1152
1535789700,0.1152
1535790000,0.1152
1535790300,0.1152
1535790600,0.1152
1535790900,0.1152
1535791200,0.1152
1535791500,0.1152
1535791800,0.1152
1535792100,0.1152
1535792400,0.1152
1535792700,0.1152
1535793000,0.1152
1535793300,0.1152
1535793600,0.1152
1535793900,0.1152
1535794200,0.1152
1535794500,0.1152
1535794800,0.1152
1535795100,0.1152
1535795400,0.1152
1535795700,0.1152
1535796000,0.1152
1535796300,0.1152
1535796600,0.1152
1535796900,0.1152
1535797200,0.1152
1535797500,0.1152
1535797800,0.1152
1535798100,0.1152
1535798400,0.1152
1535798700,0.1152
1535799000,0.1152
1535799300,0.1152
1535799600,0.1152
1535799900,0.1152
1535800200,0.1152
1535800500,0.1152
1535800800,0.1152
1535801100,0.1152
1535801400,0.1152
1535801700,0.1152
1535802000,0.1152
1535802300,0.1152
1535802600,0.1152
1535802900,0.1152
1535803200,0.1152
1535803500,0.1152
1535803800,0.1152
1535804100,0.1152
1535804400,0.1152
1535804700,0.1152
1535805000,0.1152
1535805300,0.1152
1535805600,0.1152
1535805900,0.1152
1535806200,0.1152
1535806500,0.1152
1535806800,0.1152
1535807100,0.1152
1535807400,0.1152
1535807700,0.1152
1535808000,0.1152
1535808300,0.1152
1535808600,0.1152
1535808900,0.1152
1535809200,0.1152
1535809500,0.1152
1535809800,0.1152
1535810100,0.1152
1535810400,0.1152
1535810700,0.1152
1535811000,0.1152
1535811300,0.1152
1535811600,0.1152
1535811900,0.1152
1535812200,0.1152
1535812500,0.1152
1535812800,0.1152
1535813100,0.1152
1535813400,0.1152
1535813700,0.1152
1535814000,0.1152
1535814300,0.1152
1535814600,0.1152
1535814900,0.1152
1535815200,0.1152
1535815500,0.1152
1535815800,0.1152
1535816100,0.1152
1535816400,0.1152
1535816700,0.1152
1535817000,0.1152
1535817300,0.1152
1535817600,0.1152
1535817900,0.1152
1535818200,0.1152
1535818500,0.1152
1535818800,0.1152
1535819100,0.1152
1535819400,0.1152
1535819700,0.1152
1535820000,0.1152
1535820300,0.1152
1535820600,0.1152
1535820900,0.1152
1535821200,0.1152
1535821500,0.1152
1535821800,0.1152
1535822100,0.1152
1535822400,0.1152
1535822700,0.1152
1535823000,0.1152
1535823300,0.1152
1535823600,0.1152
1535823900,0.1152
1535824200,0.1152
1535824500,0.1152
1535824800,0.1152
1535825100,0.1152
1535825400,0.1152
1535825700,0.1152
1535826000,0.1152
1535826300,0.1152
1535826600,0.1152
1535826900,0.1152
1535827200,0.1152
1535827500,0.1152
1535827800,0.1152
1535828100,0.1152
1535828400,0.1152
1535828700,0.1152
1535829000,0.1152
1535829300,0.1152
1535829600,0.1152
1535829900,0.1152
1535830200,0.1152
1535830500,0.1152
1535830800,0.1152
1535831100,0.1152
1535831400,0.1152
1535831700,0.1152
1535832000,0.1152
1535832300,0.1152
1535832600,0.1152
1535832900,0.1152
1535833200,0.1152
1535833500,0.1152
1535833800,0.1152
1535834100,0.1152
1535834400,0.1152
1535834700,0.1152
1535835000,0.1152
1535835300,0.1152
1535835600,0.1152
1535835900,0.1152
1535836200,0.1152
1535836500,0.1152
1535836800,0.1152
1535837100,0.1152
1535837400,0.1152
1535837700,0.1152
1535838000,0.1152
1535838300,0.1152
1535838600,0.1152
1535838900,0.1152
1535839200,0.1152
1535839500,0.1152
1535839800,0.1152
1535840100,0.1152
1535840400,0.1152
1535840700,0.1152
1535841000,0.1152
1535841300,0.1152
1535841600,0.1152
1535841900,0.1152
1535842200,0.1152
1535842500,0.1152
1535842800,0.1152
1535843100,0.1152
1535843400,0.1152
1535843700,0.1152
1535844000,0.1152
1535844300,0.1152
1535844600,0.1152
1535844900,0.1152
1535845200,0.1152
1535845500,0.1152
1535845800,0.1152
1535846100,0.1152
1535846400,0.126933333
1535846700,0.126933333
1535847000,0.126933333
1535847300,0.126933333
1535847600,0.126933333
1535847900,0.126933333
1535848200,0.126933333
1535848500,0.126933333
1535848800,0.126933333
1535849100,0.126933333
1535849400,0.126933333
1535849700,0.126933333
1535850000,0.126933333
1535850300,0.126933333
1535850600,0.126933333
1535850900,0.126933333
1535851200,0.126933333
1535851500,0.126933333
1535851800,0.126933333
1535852100,0.126933333
1535852400,0.126933333
1535852700,0.126933333
1535853000,0.126933333
1535853300,0.126933333
1535853600,0.126933333
1535853900,0.126933333
1535854200,0.126933333
1535854500,0.126933333
1535854800,0.126933333
1535855100,0.126933333
1535855400,0.126933333
1535855700,0.126933333
1535856000,0.126933333
1535856300,0.126933333
1535856600,0.126933333
1535856900,0.126933333
1535857200,0.126933333
1535857500,0.126933333
1535857800,0.126933333
1535858100,0.126933333
1535858400,0.126933333
1535858700,0.126933333
1535859000,0.126933333
1535859300,0.126933333
1535859600,0.126933333
1535859900,0.126933333
1535860200,0.126933333
1535860500,0.126933333
1535860800,0.126933333
1535861100,0.126933333
1535861400,0.126933333
1535861700,0.126933333
1535862000,0.126933333
1535862300,0.126933333
1535862600,0.126933333
1535862900,0.126933333
1535863200,0.126933333
1535863500,0.126933333
1535863800,0.126933333
1535864100,0.126933333
1535864400,0.126933333
1535864700,0.126933333
1535865000,0.126933333
1535865300,0.126933333
1535865600,0.126933333
1535865900,0.126933333
1535866200,0.126933333
1535866500,0.126933333
1535866800,0.126933333
1535867100,0.126933333
1535867400,0.126933333
1535867700,0.126933333
1535868000,0.126933333
1535868300,0.126933333
1535868600,0.126933333
1535868900,0.126933333
1535869200,0.126933333
1535869500,0.126933333
1535869800,0.126933333
1535870100,0.126933333
1535870400,0.126933333
1535870700,0.126933333
1535871000,0.126933333
1535871300,0.126933333
1535871600,0.126933333
1535871900,0.126933333
1535872200,0.126933333
1535872500,0.126933333
1535872800,0.126933333
1535873100,0.126933333
1535873400,0.126933333
1535873700,0.126933333
1535874000,0.126933333
1535874300,0.126933333
1535874600,0.126933333
1535874900,0.126933333
1535875200,0.126933333
1535875500,0.126933333
1535875800,0.126933333
1535876100,0.126933333
1535876400,0.126933333
1535876700,0.126933333
1535877000,0.126933333
1535877300,0.126933333
1535877600,0.126933333
1535877900,0.126933333
1535878200,0.126933333
1535878500,0.126933333
1535878800,0.126933333
1535879100,0.126933333
1535879400,0.126933333
1535879700,0.126933333
1535880000,0.126933333
1535880300,0.126933333
1535880600,0.126933333
1535880900,0.126933333
1535881200,0.126933333
1535881500,0.126933333
1535881800,0.126933333
1535882100,0.126933333
1535882400,0.126933333
1535882700,0.126933333
1535883000,0.126933333
1535883300,0.126933333
1535883600,0.126933333
1535883900,0.126933333
1535884200,0.126933333
1535884500,0.126933333
1535884800,0.126933333
1535885100,0.126933333
1535885400,0.126933333
1535885700,0.126933333
1535886000,0.126933333
1535886300,0.126933333
1535886600,0.126933333
1535886900,0.126933333
1535887200,0.126933333
1535887500,0.126933333
1535887800,0.126933333
1535888100,0.126933333
1535888400,0.126933333
1535888700,0.126933333
1535889000,0.126933333
1535889300,0.126933333
1535889600,0.126933333
1535889900,0.126933333
1535890200,0.126933333
1535890500,0.126933333
1535890800,0.126933333
1535891100,0.126933333
1535891400,0.126933333
1535891700,0.126933333
1535892000,0.126933333
1535892300,0.126933333
1535892600,0.126933333
1535892900,0.126933333
1535893200,0.126933333
1535893500,0.126933333
1535893800,0.126933333
1535894100,0.126933333
1535894400,0.126933333
1535894700,0.126933333
1535895000,0.126933333
1535895300,0.126933333
1535895600,0.126933333
1535895900,0.126933333
1535896200,0.126933333
1535896500,0.126933333
1535896800,0.126933333
1535897100,0.126933333
1535897400,0.126933333
1535897700,0.126933333
1535898000,0.126933333
1535898300,0.126933333
1535898600,0.126933333
1535898900,0.126933333
1535899200,0.126933333
1535899500,0.126933333
1535899800,0.126933333
1535900100,0.126933333
1535900400,0.126933333
1535900700,0.126933333
1535901000,0.126933333
1535901300,0.126933333
1535901600,0.126933333
1535901900,0.126933333
1535902200,0.126933333
1535902500,0.126933333
1535902800,0.126933333
1535903100,0.126933333
1535903400,0.126933333
1535903700,0.126933333
1535904000,0.126933333
1535904300,0.126933333
1535904600,0.126933333
1535904900,0.126933333
1535905200,0.126933333
1535905500,0.126933333
1535905800,0.126933333
1535906100,0.126933333
1535906400,0.126933333
1535906700,0.126933333
1535907000,0.126933333
1535907300,0.126933333
1535907600,0.126933333
1535907900,0.126933333
1535908200,0.126933333
1535908500,0.126933333
1535908800,0.126933333
1535909100,0.126933333
1535909400,0.126933333
1535909700,0.126933333
1535910000,0.126933333
1535910300,0.126933333
1535910600,0.126933333
1535910900,0.126933333
1535911200,0.126933333
1535911500,0.126933333
1535911800,0.126933333
1535912100,0.126933333
1535912400,0.126933333
1535912700,0.126933333
1535913000,0.126933333
1535913300,0.126933333
1535913600,0.126933333
1535913900,0.126933333
1535914200,0.126933333
1535914500,0.126933333
1535914800,0.126933333
1535915100,0.126933333
1535915400,0.126933333
1535915700,0.126933333
1535916000,0.126933333
1535916300,0.126933333
1535916600,0.126933333
1535916900,0.126933333
1535917200,0.126933333
1535917500,0.126933333
1535917800,0.126933333
1535918100,0.126933333
1535918400,0.126933333
1535918700,0.126933333
1535919000,0.126933333
1535919300,0.126933333
1535919600,0.126933333
1535919900,0.126933333
1535920200,0.126933333
1535920500,0.126933333
1535920800,0.126933333
1535921100,0.126933333
1535921400,0.126933333
1535921700,0.126933333
1535922000,0.126933333
1535922300,0.126933333
1535922600,0.126933333
1535922900,0.126933333
1535923200,0.126933333
1535923500,0.126933333
1535923800,0.126933333
1535924100,0.126933333
1535924400,0.126933333
1535924700,0.126933333
1535925000,0.126933333
1535925300,0.126933333
1535925600,0.126933333
1535925900,0.126933333
1535926200,0.126933333
1535926500,0.126933333
1535926800,0.126933333
1535927100,0.126933333
1535927400,0.126933333
1535927700,0.126933333
1535928000,0.126933333
1535928300,0.126933333
1535928600,0.126933333
1535928900,0.126933333
1535929200,0.126933333
1535929500,0.126933333
1535929800,0.126933333
1535930100,0.126933333
1535930400,0.126933333
1535930700,0.126933333
1535931000,0.126933333
1535931300,0.126933333
1535931600,0.126933333
1535931900,0.126933333
1535932200,0.126933333
1535932500,0.126933333
1535932800,0.0992
1535933100,0.0992
1535933400,0.0992
1535933700,0.0992
1535934000,0.0992
1535934300,0.0992
1535934600,0.0992
1535934900,0.0992
1535935200,0.0992
1535935500,0.0992
1535935800,0.0992
1535936100,0.0992
1535936400,0.0992
1535936700,0.0992
1535937000,0.0992
1535937300,0.0992
1535937600,0.0992
1535937900,0.0992
1535938200,0.0992
1535938500,0.0992
1535938800,0.0992
1535939100,0.0992
1535939400,0.0992
1535939700,0.0992
1535940000,0.0992
1535940300,0.0992
1535940600,0.0992
1535940900,0.0992
1535941200,0.0992
1535941500,0.0992
1535941800,0.0992
1535942100,0.0992
1535942400,0.0992
1535942700,0.0992
1535943000,0.0992
1535943300,0.0992
1535943600,0.0992
1535943900,0.0992
1535944200,0.0992
1535944500,0.0992
1535944800,0.0992
1535945100,0.0992
1535945400,0.0992
1535945700,0.0992
1535946000,0.0992
1535946300,0.0992
1535946600,0.0992
1535946900,0.0992
1535947200,0.0992
1535947500,0.0992
1535947800,0.0992
1535948100,0.0992
1535948400,0.0992
1535948700,0.0992
1535949000,0.0992
1535949300,0.0992
1535949600,0.0992
1535949900,0.0992
1535950200,0.0992
1535950500,0.0992
1535950800,0.0992
1535951100,0.0992
1535951400,0.0992
1535951700,0.0992
1535952000,0.0992
1535952300,0.0992
1535952600,0.0992
1535952900,0.0992
1535953200,0.0992
1535953500,0.0992
1535953800,0.0992
1535954100,0.0992
1535954400,0.0992
1535954700,0.0992
1535955000,0.0992
1535955300,0.0992
1535955600,0.0992
1535955900,0.0992
1535956200,0.0992
1535956500,0.0992
1535956800,0.0992
1535957100,0.0992
1535957400,0.0992
1535957700,0.0992
1535958000,0.0992
1535958300,0.0992
1535958600,0.0992
1535958900,0.0992
1535959200,0.0992
1535959500,0.0992
1535959800,0.0992
1535960100,0.0992
1535960400,0.0992
1535960700,0.0992
1535961000,0.0992
1535961300,0.0992
1535961600,0.0992
1535961900,0.0992
1535962200,0.0992
1535962500,0.0992
1535962800,0.0992
1535963100,0.0992
1535963400,0.0992
1535963700,0.0992
1535964000,0.0992
1535964300,0.0992
1535964600,0.0992
1535964900,0.0992
1535965200,0.0992
1535965500,0.0992
1535965800,0.0992
1535966100,0.0992
1535966400,0.0992
1535966700,0.0992
1535967000,0.0992
1535967300,0.0992
1535967600,0.0992
1535967900,0.0992
1535968200,0.0992
1535968500,0.0992
1535968800,0.0992
1535969100,0.0992
1535969400,0.0992
1535969700,0.0992
1535970000,0.0992
1535970300,0.0992
1535970600,0.0992
1535970900,0.0992
1535971200,0.0992
1535971500,0.0992
1535971800,0.0992
1535972100,0.0992
1535972400,0.0992
1535972700,0.0992
1535973000,0.0992
1535973300,0.0992
1535973600,0.0992
1535973900,0.0992
1535974200,0.0992
1535974500,0.0992
1535974800,0.0992
1535975100,0.0992
1535975400,0.0992
1535975700,0.0992
1535976000,0.0992
1535976300,0.0992
1535976600,0.0992
1535976900,0.0992
1535977200,0.0992
1535977500,0.0992
1535977800,0.0992
1535978100,0.0992
1535978400,0.0992
1535978700,0.0992
1535979000,0.0992
1535979300,0.0992
1535979600,0.0992
1535979900,0.0992
1535980200,0.0992
1535980500,0.0992
1535980800,0.0992
1535981100,0.0992
1535981400,0.0992
1535981700,0.0992
1535982000,0.0992
1535982300,0.0992
1535982600,0.0992
1535982900,0.0992
1535983200,0.0992
1535983500,0.0992
1535983800,0.0992
1535984100,0.0992
1535984400,0.0992
1535984700,0.0992
1535985000,0.0992
1535985300,0.0992
1535985600,0.0992
1535985900,0.0992
1535986200,0.0992
1535986500,0.0992
1535986800,0.0992
1535987100,0.0992
1535987400,0.0992
1535987700,0.0992
1535988000,0.0992
1535988300,0.0992
1535988600,0.0992
1535988900,0.0992
1535989200,0.0992
1535989500,0.0992
1535989800,0.0992
1535990100,0.0992
1535990400,0.0992
1535990700,0.0992
1535991000,0.0992
1535991300,0.0992
1535991600,0.0992
1535991900,0.0992
1535992200,0.0992
1535992500,0.0992
1535992800,0.0992
1535993100,0.0992
1535993400,0.0992
1535993700,0.0992
1535994000,0.0992
1535994300,0.0992
1535994600,0.0992
1535994900,0.0992
1535995200,0.0992
1535995500,0.0992
1535995800,0.0992
1535996100,0.0992
1535996400,0.0992
1535996700,0.0992
1535997000,0.0992
1535997300,0.0992
1535997600,0.0992
1535997900,0.0992
1535998200,0.0992
1535998500,0.0992
1535998800,0.0992
1535999100,0.0992
1535999400,0.0992
1535999700,0.0992
1536000000,0.0992
1536000300,0.0992
1536000600,0.0992
1536000900,0.0992
1536001200,0.0992
1536001500,0.0992
1536001800,0.0992
1536002100,0.0992
1536002400,0.0992
1536002700,0.0992
1536003000,0.0992
1536003300,0.0992
1536003600,0.0992
1536003900,0.0992
1536004200,0.0992
1536004500,0.0992
1536004800,0.0992
1536005100,0.0992
1536005400,0.0992
1536005700,0.0992
1536006000,0.0992
1536006300,0.0992
1536006600,0.0992
1536006900,0.0992
1536007200,0.0992
1536007500,0.0992
1536007800,0.0992
1536008100,0.0992
1536008400,0.0992
1536008700,0.0992
1536009000,0.0992
1536009300,0.0992
1536009600,0.0992
1536009900,0.0992
1536010200,0.0992
1536010500,0.0992
1536010800,0.0992
1536011100,0.0992
1536011400,0.0992
1536011700,0.0992
1536012000,0.0992
1536012300,0.0992
1536012600,0.0992
1536012900,0.0992
1536013200,0.0992
1536013500,0.0992
1536013800,0.0992
1536014100,0.0992
1536014400,0.0992
1536014700,0.0992
1536015000,0.0992
1536015300,0.0992
1536015600,0.0992
1536015900,0.0992
1536016200,0.0992
1536016500,0.0992
1536016800,0.0992
1536017100,0.0992
1536017400,0.0992
1536017700,0.0992
1536018000,0.0992
1536018300,0.0992
1536018600,0.0992
1536018900,0.0992
1536019200,0.098133333
1536019500,0.098133333
1536019800,0.098133333
1536020100,0.098133333
1536020400,0.098133333
1536020700,0.098133333
1536021000,0.098133333
1536021300,0.098133333
1536021600,0.098133333
1536021900,0.098133333
1536022200,0.098133333
1536022500,0.098133333
1536022800,0.098133333
1536023100,0.098133333
1536023400,0.098133333
1536023700,0.098133333
1536024000,0.098133333
1536024300,0.098133333
1536024600,0.098133333
1536024900,0.098133333
1536025200,0.098133333
1536025500,0.098133333
1536025800,0.098133333
1536026100,0.098133333
1536026400,0.098133333
1536026700,0.098133333
1536027000,0.098133333
1536027300,0.098133333
1536027600,0.098133333
1536027900,0.098133333
1536028200,0.098133333
1536028500,0.098133333
1536028800,0.098133333
1536029100,0.098133333
1536029400,0.098133333
1536029700,0.098133333
1536030000,0.098133333
1536030300,0.098133333
1536030600,0.098133333
1536030900,0.098133333
1536031200,0.098133333
1536031500,0.098133333
1536031800,0.098133333
1536032100,0.098133333
1536032400,0.098133333
1536032700,0.098133333
1536033000,0.098133333
1536033300,0.098133333
1536033600,0.098133333
1536033900,0.098133333
1536034200,0.098133333
1536034500,0.098133333
1536034800,0.098133333
1536035100,0.098133333
1536035400,0.098133333
1536035700,0.098133333
1536036000,0.098133333
1536036300,0.098133333
1536036600,0.098133333
1536036900,0.098133333
1536037200,0.098133333
1536037500,0.098133333
1536037800,0.098133333
1536038100,0.098133333
1536038400,0.098133333
1536038700,0.098133333
1536039000,0.098133333
1536039300,0.098133333
1536039600,0.098133333
1536039900,0.098133333
1536040200,0.098133333
1536040500,0.098133333
1536040800,0.098133333
1536041100,0.098133333
1536041400,0.098133333
1536041700,0.098133333
1536042000,0.098133333
1536042300,0.098133333
1536042600,0.098133333
1536042900,0.098133333
1536043200,0.098133333
1536043500,0.098133333
1536043800,0.098133333
1536044100,0.098133333
1536044400,0.098133333
1536044700,0.098133333
1536045000,0.098133333
1536045300,0.098133333
1536045600,0.098133333
1536045900,0.098133333
1536046200,0.098133333
1536046500,0.098133333
1536046800,0.098133333
1536047100,0.098133333
1536047400,0.098133333
1536047700,0.098133333
1536048000,0.098133333
1536048300,0.098133333
1536048600,0.098133333
1536048900,0.098133333
1536049200,0.098133333
1536049500,0.098133333
1536049800,0.098133333
1536050100,0.098133333
1536050400,0.098133333
1536050700,0.098133333
1536051000,0.098133333
1536051300,0.098133333
1536051600,0.098133333
1536051900,0.098133333
1536052200,0.098133333
1536052500,0.098133333
1536052800,0.098133333
1536053100,0.098133333
1536053400,0.098133333
1536053700,0.098133333
1536054000,0.098133333
1536054300,0.098133333
1536054600,0.098133333
1536054900,0.098133333
1536055200,0.098133333
1536055500,0.098133333
1536055800,0.098133333
1536056100,0.098133333
1536056400,0.098133333
1536056700,0.098133333
1536057000,0.098133333
1536057300,0.098133333
1536057600,0.098133333
1536057900,0.098133333
1536058200,0.098133333
1536058500,0.098133333
1536058800,0.098133333
1536059100,0.098133333
1536059400,0.098133333
1536059700,0.098133333
1536060000,0.098133333
1536060300,0.098133333
1536060600,0.098133333
1536060900,0.098133333
1536061200,0.098133333
1536061500,0.098133333
1536061800,0.098133333
1536062100,0.098133333
1536062400,0.098133333
1536062700,0.098133333
1536063000,0.098133333
1536063300,0.098133333
1536063600,0.098133333
1536063900,0.098133333
1536064200,0.098133333
1536064500,0.098133333
1536064800,0.098133333
1536065100,0.098133333
1536065400,0.098133333
1536065700,0.098133333
1536066000,0.098133333
1536066300,0.098133333
1536066600,0.098133333
1536066900,0.098133333
1536067200,0.098133333
1536067500,0.098133333
1536067800,0.098133333
1536068100,0.098133333
1536068400,0.098133333
1536068700,0.098133333
1536069000,0.098133333
1536069300,0.098133333
1536069600,0.098133333
1536069900,0.098133333
1536070200,0.098133333
1536070500,0.098133333
1536070800,0.098133333
1536071100,0.098133333
1536071400,0.098133333
1536071700,0.098133333
1536072000,0.098133333
1536072300,0.098133333
1536072600,0.098133333
1536072900,0.098133333
1536073200,0.098133333
1536073500,0.098133333
1536073800,0.098133333
1536074100,0.098133333
1536074400,0.098133333
1536074700,0.098133333
1536075000,0.098133333
1536075300,0.098133333
1536075600,0.098133333
1536075900,0.098133333
1536076200,0.098133333
1536076500,0.098133333
1536076800,0.098133333
1536077100,0.098133333
1536077400,0.098133333
1536077700,0.098133333
1536078000,0.098133333
1536078300,0.098133333
1536078600,0.098133333
1536078900,0.098133333
1536079200,0.098133333
1536079500,0.098133333
1536079800,0.098133333
1536080100,0.098133333
1536080400,0.098133333
1536080700,0.098133333
1536081000,0.098133333
1536081300,0.098133333
1536081600,0.098133333
1536081900,0.098133333
1536082200,0.098133333
1536082500,0.098133333
1536082800,0.098133333
1536083100,0.098133333
1536083400,0.098133333
1536083700,0.098133333
1536084000,0.098133333
1536084300,0.098133333
1536084600,0.098133333
1536084900,0.098133333
1536085200,0.098133333
1536085500,0.098133333
1536085800,0.098133333
1536086100,0.098133333
1536086400,0.098133333
1536086700,0.098133333
1536087000,0.098133333
1536087300,0.098133333
1536087600,0.098133333
1536087900,0.098133333
1536088200,0.098133333
1536088500,0.098133333
1536088800,0.098133333
1536089100,0.098133333
1536089400,0.098133333
1536089700,0.098133333
1536090000,0.098133333
1536090300,0.098133333
1536090600,0.098133333
1536090900,0.098133333
1536091200,0.098133333
1536091500,0.098133333
1536091800,0.098133333
1536092100,0.098133333
1536092400,0.098133333
1536092700,0.098133333
1536093000,0.098133333
1536093300,0.098133333
1536093600,0.098133333
1536093900,0.098133333
1536094200,0.098133333
1536094500,0.098133333
1536094800,0.098133333
1536095100,0.098133333
1536095400,0.098133333
1536095700,0.098133333
1536096000,0.098133333
1536096300,0.098133333
1536096600,0.098133333
1536096900,0.098133333
1536097200,0.098133333
1536097500,0.098133333
1536097800,0.098133333
1536098100,0.098133333
1536098400,0.098133333
1536098700,0.098133333
1536099000,0.098133333
1536099300,0.098133333
1536099600,0.098133333
1536099900,0.098133333
1536100200,0.098133333
1536100500,0.098133333
1536100800,0.098133333
1536101100,0.098133333
1536101400,0.098133333
1536101700,0.098133333
1536102000,0.098133333
1536102300,0.098133333
1536102600,0.098133333
1536102900,0.098133333
1536103200,0.098133333
1536103500,0.098133333
1536103800,0.098133333
1536104100,0.098133333
1536104400,0.098133333
1536104700,0.098133333
1536105000,0.098133333
1536105300,0.098133333
1536105600,0.117333333
1536105900,0.117333333
1536106200,0.117333333
1536106500,0.117333333
1536106800,0.117333333
1536107100,0.117333333
1536107400,0.117333333
1536107700,0.117333333
1536108000,0.117333333
1536108300,0.117333333
1536108600,0.117333333
1536108900,0.117333333
1536109200,0.117333333
1536109500,0.117333333
1536109800,0.117333333
1536110100,0.117333333
1536110400,0.117333333
1536110700,0.117333333
1536111000,0.117333333
1536111300,0.117333333
1536111600,0.117333333
1536111900,0.117333333
1536112200,0.117333333
1536112500,0.117333333
1536112800,0.117333333
1536113100,0.117333333
1536113400,0.117333333
1536113700,0.117333333
1536114000,0.117333333
1536114300,0.117333333
1536114600,0.117333333
1536114900,0.117333333
1536115200,0.117333333
1536115500,0.117333333
1536115800,0.117333333
1536116100,0.117333333
1536116400,0.117333333
1536116700,0.117333333
1536117000,0.117333333
1536117300,0.117333333
1536117600,0.117333333
1536117900,0.117333333
1536118200,0.117333333
1536118500,0.117333333
1536118800,0.117333333
1536119100,0.117333333
1536119400,0.117333333
1536119700,0.117333333
1536120000,0.117333333
1536120300,0.117333333
1536120600,0.117333333
1536120900,0.117333333
1536121200,0.117333333
1536121500,0.117333333
1536121800,0.117333333
1536122100,0.117333333
1536122400,0.117333333
1536122700,0.117333333
1536123000,0.117333333
1536123300,0.117333333
1536123600,0.117333333
1536123900,0.117333333
1536124200,0.117333333
1536124500,0.117333333
1536124800,0.117333333
1536125100,0.117333333
1536125400,0.117333333
1536125700,0.117333333
1536126000,0.117333333
1536126300,0.117333333
1536126600,0.117333333
1536126900,0.117333333
1536127200,0.117333333
1536127500,0.117333333
1536127800,0.117333333
1536128100,0.117333333
1536128400,0.117333333
1536128700,0.117333333
1536129000,0.117333333
1536129300,0.117333333
1536129600,0.117333333
1536129900,0.117333333
1536130200,0.117333333
1536130500,0.117333333
1536130800,0.117333333
1536131100,0.117333333
1536131400,0.117333333
1536131700,0.117333333
1536132000,0.117333333
1536132300,0.117333333
1536132600,0.117333333
1536132900,0.117333333
1536133200,0.117333333
1536133500,0.117333333
1536133800,0.117333333
1536134100,0.117333333
1536134400,0.117333333
1536134700,0.117333333
1536135000,0.117333333
1536135300,0.117333333
1536135600,0.117333333
1536135900,0.117333333
1536136200,0.117333333
1536136500,0.117333333
1536136800,0.117333333
1536137100,0.117333333
1536137400,0.117333333
1536137700,0.117333333
1536138000,0.117333333
1536138300,0.117333333
1536138600,0.117333333
1536138900,0.117333333
1536139200,0.117333333
1536139500,0.117333333
1536139800,0.117333333
1536140100,0.117333333
1536140400,0.117333333
1536140700,0.117333333
1536141000,0.117333333
1536141300,0.117333333
1536141600,0.117333333
1536141900,0.117333333
1536142200,0.117333333
1536142500,0.117333333
1536142800,0.117333333
1536143100,0.117333333
1536143400,0.117333333
1536143700,0.117333333
1536144000,0.117333333
1536144300,0.117333333
1536144600,0.117333333
1536144900,0.117333333
1536145200,0.117333333
1536145500,0.117333333
1536145800,0.117333333
1536146100,0.117333333
1536146400,0.117333333
1536146700,0.117333333
1536147000,0.117333333
1536147300,0.117333333
1536147600,0.117333333
1536147900,0.117333333
1536148200,0.117333333
1536148500,0.117333333
1536148800,0.117333333
1536149100,0.117333333
1536149400,0.117333333
1536149700,0.117333333
1536150000,0.117333333
1536150300,0.117333333
1536150600,0.117333333
1536150900,0.117333333
1536151200,0.117333333
1536151500,0.117333333
1536151800,0.117333333
1536152100,0.117333333
1536152400,0.117333333
1536152700,0.117333333
1536153000,0.117333333
1536153300,0.117333333
1536153600,0.117333333
1536153900,0.117333333
1536154200,0.117333333
1536154500,0.117333333
1536154800,0.117333333
1536155100,0.117333333
1536155400,0.117333333
1536155700,0.117333333
1536156000,0.117333333
1536156300,0.117333333
1536156600,0.117333333
1536156900,0.117333333
1536157200,0.117333333
1536157500,0.117333333
1536157800,0.117333333
1536158100,0.117333333
1536158400,0.117333333
1536158700,0.117333333
1536159000,0.117333333
1536159300,0.117333333
1536159600,0.117333333
1536159900,0.117333333
1536160200,0.117333333
1536160500,0.117333333
1536160800,0.117333333
1536161100,0.117333333
1536161400,0.117333333
1536161700,0.117333333
1536162000,0.117333333
1536162300,0.117333333
1536162600,0.117333333
1536162900,0.117333333
1536163200,0.117333333
1536163500,0.117333333
1536163800,0.117333333
1536164100,0.117333333
1536164400,0.117333333
1536164700,0.117333333
1536165000,0.117333333
1536165300,0.117333333
1536165600,0.117333333
1536165900,0.117333333
1536166200,0.117333333
1536166500,0.117333333
1536166800,0.117333333
1536167100,0.117333333
1536167400,0.117333333
1536167700,0.117333333
1536168000,0.117333333
1536168300,0.117333333
1536168600,0.117333333
1536168900,0.117333333
1536169200,0.117333333
1536169500,0.117333333
1536169800,0.117333333
1536170100,0.117333333
1536170400,0.117333333
1536170700,0.117333333
1536171000,0.117333333
1536171300,0.117333333
1536171600,0.117333333
1536171900,0.117333333
1536172200,0.117333333
1536172500,0.117333333
1536172800,0.117333333
1536173100,0.117333333
1536173400,0.117333333
1536173700,0.117333333
1536174000,0.117333333
1536174300,0.117333333
1536174600,0.117333333
1536174900,0.117333333
1536175200,0.117333333
1536175500,0.117333333
1536175800,0.117333333
1536176100,0.117333333
1536176400,0.117333333
1536176700,0.117333333
1536177000,0.117333333
1536177300,0.117333333
1536177600,0.117333333
1536177900,0.117333333
1536178200,0.117333333
1536178500,0.117333333
1536178800,0.117333333
1536179100,0.117333333
1536179400,0.117333333
1536179700,0.117333333
1536180000,0.117333333
1536180300,0.117333333
1536180600,0.117333333
1536180900,0.117333333
1536181200,0.117333333
1536181500,0.117333333
1536181800,0.117333333
1536182100,0.117333333
1536182400,0.117333333
1536182700,0.117333333
1536183000,0.117333333
1536183300,0.117333333
1536183600,0.117333333
1536183900,0.117333333
1536184200,0.117333333
1536184500,0.117333333
1536184800,0.117333333
1536185100,0.117333333
1536185400,0.117333333
1536185700,0.117333333
1536186000,0.117333333
1536186300,0.117333333
1536186600,0.117333333
1536186900,0.117333333
1536187200,0.117333333
1536187500,0.117333333
1536187800,0.117333333
1536188100,0.117333333
1536188400,0.117333333
1536188700,0.117333333
1536189000,0.117333333
1536189300,0.117333333
1536189600,0.117333333
1536189900,0.117333333
1536190200,0.117333333
1536190500,0.117333333
1536190800,0.117333333
1536191100,0.117333333
1536191400,0.117333333
1536191700,0.117333333
1536192000,0.1008
1536192300,0.1008
1536192600,0.1008
1536192900,0.1008
1536193200,0.1008
1536193500,0.1008
1536193800,0.1008
1536194100,0.1008
1536194400,0.1008
1536194700,0.1008
1536195000,0.1008
1536195300,0.1008
1536195600,0.1008
1536195900,0.1008
1536196200,0.1008
1536196500,0.1008
1536196800,0.1008
1536197100,0.1008
1536197400,0.1008
1536197700,0.1008
1536198000,0.1008
1536198300,0.1008
1536198600,0.1008
1536198900,0.1008
1536199200,0.1008
1536199500,0.1008
1536199800,0.1008
1536200100,0.1008
1536200400,0.1008
1536200700,0.1008
1536201000,0.1008
1536201300,0.1008
1536201600,0.1008
1536201900,0.1008
1536202200,0.1008
1536202500,0.1008
1536202800,0.1008
1536203100,0.1008
1536203400,0.1008
1536203700,0.1008
1536204000,0.1008
1536204300,0.1008
1536204600,0.1008
1536204900,0.1008
1536205200,0.1008
1536205500,0.1008
1536205800,0.1008
1536206100,0.1008
1536206400,0.1008
1536206700,0.1008
1536207000,0.1008
1536207300,0.1008
1536207600,0.1008
1536207900,0.1008
1536208200,0.1008
1536208500,0.1008
1536208800,0.1008
1536209100,0.1008
1536209400,0.1008
1536209700,0.1008
1536210000,0.1008
1536210300,0.1008
1536210600,0.1008
1536210900,0.1008
1536211200,0.1008
1536211500,0.1008
1536211800,0.1008
1536212100,0.1008
1536212400,0.1008
1536212700,0.1008
1536213000,0.1008
1536213300,0.1008
1536213600,0.1008
1536213900,0.1008
1536214200,0.1008
1536214500,0.1008
1536214800,0.1008
1536215100,0.1008
1536215400,0.1008
1536215700,0.1008
1536216000,0.1008
1536216300,0.1008
1536216600,0.1008
1536216900,0.1008
1536217200,0.1008
1536217500,0.1008
1536217800,0.1008
1536218100,0.1008
1536218400,0.1008
1536218700,0.1008
1536219000,0.1008
1536219300,0.1008
1536219600,0.1008
1536219900,0.1008
1536220200,0.1008
1536220500,0.1008
1536220800,0.1008
1536221100,0.1008
1536221400,0.1008
1536221700,0.1008
1536222000,0.1008
1536222300,0.1008
1536222600,0.1008
1536222900,0.1008
1536223200,0.1008
1536223500,0.1008
1536223800,0.1008
1536224100,0.1008
1536224400,0.1008
1536224700,0.1008
1536225000,0.1008
1536225300,0.1008
1536225600,0.1008
1536225900,0.1008
1536226200,0.1008
1536226500,0.1008
1536226800,0.1008
1536227100,0.1008
1536227400,0.1008
1536227700,0.1008
1536228000,0.1008
1536228300,0.1008
1536228600,0.1008
1536228900,0.1008
1536229200,0.1008
1536229500,0.1008
1536229800,0.1008
1536230100,0.1008
1536230400,0.1008
1536230700,0.1008
1536231000,0.1008
1536231300,0.1008
1536231600,0.1008
1536231900,0.1008
1536232200,0.1008
1536232500,0.1008
1536232800,0.1008
1536233100,0.1008
1536233400,0.1008
1536233700,0.1008
1536234000,0.1008
1536234300,0.1008
1536234600,0.1008
1536234900,0.1008
1536235200,0.1008
1536235500,0.1008
1536235800,0.1008
1536236100,0.1008
1536236400,0.1008
1536236700,0.1008
1536237000,0.1008
1536237300,0.1008
1536237600,0.1008
1536237900,0.1008
1536238200,0.1008
1536238500,0.1008
1536238800,0.1008
1536239100,0.1008
1536239400,0.1008
1536239700,0.1008
1536240000,0.1008
1536240300,0.1008
1536240600,0.1008
1536240900,0.1008
1536241200,0.1008
1536241500,0.1008
1536241800,0.1008
1536242100,0.1008
1536242400,0.1008
1536242700,0.1008
1536243000,0.1008
1536243300,0.1008
1536243600,0.1008
1536243900,0.1008
1536244200,0.1008
1536244500,0.1008
1536244800,0.1008
1536245100,0.1008
1536245400,0.1008
1536245700,0.1008
1536246000,0.1008
1536246300,0.1008
1536246600,0.1008
1536246900,0.1008
1536247200,0.1008
1536247500,0.1008
1536247800,0.1008
1536248100,0.1008
1536248400,0.1008
1536248700,0.1008
1536249000,0.1008
1536249300,0.1008
1536249600,0.1008
1536249900,0.1008
1536250200,0.1008
1536250500,0.1008
1536250800,0.1008
1536251100,0.1008
1536251400,0.1008
1536251700,0.1008
1536252000,0.1008
1536252300,0.1008
1536252600,0.1008
1536252900,0.1008
1536253200,0.1008
1536253500,0.1008
1536253800,0.1008
1536254100,0.1008
1536254400,0.1008
1536254700,0.1008
1536255000,0.1008
1536255300,0.1008
1536255600,0.1008
1536255900,0.1008
1536256200,0.1008
1536256500,0.1008
1536256800,0.1008
1536257100,0.1008
1536257400,0.1008
1536257700,0.1008
1536258000,0.1008
1536258300,0.1008
1536258600,0.1008
1536258900,0.1008
1536259200,0.1008
1536259500,0.1008
1536259800,0.1008
1536260100,0.1008
1536260400,0.1008
1536260700,0.1008
1536261000,0.1008
1536261300,0.1008
1536261600,0.1008
1536261900,0.1008
1536262200,0.1008
1536262500,0.1008
1536262800,0.1008
1536263100,0.1008
1536263400,0.1008
1536263700,0.1008
1536264000,0.1008
1536264300,0.1008
1536264600,0.1008
1536264900,0.1008
1536265200,0.1008
1536265500,0.1008
1536265800,0.1008
1536266100,0.1008
1536266400,0.1008
1536266700,0.1008
1536267000,0.1008
1536267300,0.1008
1536267600,0.1008
1536267900,0.1008
1536268200,0.1008
1536268500,0.1008
1536268800,0.1008
1536269100,0.1008
1536269400,0.1008
1536269700,0.1008
1536270000,0.1008
1536270300,0.1008
1536270600,0.1008
1536270900,0.1008
1536271200,0.1008
1536271500,0.1008
1536271800,0.1008
1536272100,0.1008
1536272400,0.1008
1536272700,0.1008
1536273000,0.1008
1536273300,0.1008
1536273600,0.1008
1536273900,0.1008
1536274200,0.1008
1536274500,0.1008
1536274800,0.1008
1536275100,0.1008
1536275400,0.1008
1536275700,0.1008
1536276000,0.1008
1536276300,0.1008
1536276600,0.1008
1536276900,0.1008
1536277200,0.1008
1536277500,0.1008
1536277800,0.1008
1536278100,0.1008
1536278400,0.1024
1536278700,0.1024
1536279000,0.1024
1536279300,0.1024
1536279600,0.1024
1536279900,0.1024
1536280200,0.1024
1536280500,0.1024
1536280800,0.1024
1536281100,0.1024
1536281400,0.1024
1536281700,0.1024
1536282000,0.1024
1536282300,0.1024
1536282600,0.1024
1536282900,0.1024
1536283200,0.1024
1536283500,0.1024
1536283800,0.1024
1536284100,0.1024
1536284400,0.1024
1536284700,0.1024
1536285000,0.1024
1536285300,0.1024
1536285600,0.1024
1536285900,0.1024
1536286200,0.1024
1536286500,0.1024
1536286800,0.1024
1536287100,0.1024
1536287400,0.1024
1536287700,0.1024
1536288000,0.1024
1536288300,0.1024
1536288600,0.1024
1536288900,0.1024
1536289200,0.1024
1536289500,0.1024
1536289800,0.1024
1536290100,0.1024
1536290400,0.1024
1536290700,0.1024
1536291000,0.1024
1536291300,0.1024
1536291600,0.1024
1536291900,0.1024
1536292200,0.1024
1536292500,0.1024
1536292800,0.1024
1536293100,0.1024
1536293400,0.1024
1536293700,0.1024
1536294000,0.1024
1536294300,0.1024
1536294600,0.1024
1536294900,0.1024
1536295200,0.1024
1536295500,0.1024
1536295800,0.1024
1536296100,0.1024
1536296400,0.1024
1536296700,0.1024
1536297000,0.1024
1536297300,0.1024
1536297600,0.1024
1536297900,0.1024
1536298200,0.1024
1536298500,0.1024
1536298800,0.1024
1536299100,0.1024
1536299400,0.1024
1536299700,0.1024
1536300000,0.1024
1536300300,0.1024
1536300600,0.1024
1536300900,0.1024
1536301200,0.1024
1536301500,0.1024
1536301800,0.1024
1536302100,0.1024
1536302400,0.1024
1536302700,0.1024
1536303000,0.1024
1536303300,0.1024
1536303600,0.1024
1536303900,0.1024
1536304200,0.1024
1536304500,0.1024
1536304800,0.1024
1536305100,0.1024
1536305400,0.1024
1536305700,0.1024
1536306000,0.1024
1536306300,0.1024
1536306600,0.1024
1536306900,0.1024
1536307200,0.1024
1536307500,0.1024
1536307800,0.1024
1536308100,0.1024
1536308400,0.1024
1536308700,0.1024
1536309000,0.1024
1536309300,0.1024
1536309600,0.1024
1536309900,0.1024
1536310200,0.1024
1536310500,0.1024
1536310800,0.1024
1536311100,0.1024
1536311400,0.1024
1536311700,0.1024
1536312000,0.1024
1536312300,0.1024
1536312600,0.1024
1536312900,0.1024
1536313200,0.1024
1536313500,0.1024
1536313800,0.1024
1536314100,0.1024
1536314400,0.1024
1536314700,0.1024
1536315000,0.1024
1536315300,0.1024
1536315600,0.1024
1536315900,0.1024
1536316200,0.1024
1536316500,0.1024
1536316800,0.1024
1536317100,0.1024
1536317400,0.1024
1536317700,0.1024
1536318000,0.1024
1536318300,0.1024
1536318600,0.1024
1536318900,0.1024
1536319200,0.1024
1536319500,0.1024
1536319800,0.1024
1536320100,0.1024
1536320400,0.1024
1536320700,0.1024
1536321000,0.1024
1536321300,0.1024
1536321600,0.1024
1536321900,0.1024
1536322200,0.1024
1536322500,0.1024
1536322800,0.1024
1536323100,0.1024
1536323400,0.1024
1536323700,0.1024
1536324000,0.1024
1536324300,0.1024
1536324600,0.1024
1536324900,0.1024
1536325200,0.1024
1536325500,0.1024
1536325800,0.1024
1536326100,0.1024
1536326400,0.1024
1536326700,0.1024
1536327000,0.1024
1536327300,0.1024
1536327600,0.1024
1536327900,0.1024
1536328200,0.1024
1536328500,0.1024
1536328800,0.1024
1536329100,0.1024
1536329400,0.1024
1536329700,0.1024
1536330000,0.1024
1536330300,0.1024
1536330600,0.1024
1536330900,0.1024
1536331200,0.1024
1536331500,0.1024
1536331800,0.1024
1536332100,0.1024
1536332400,0.1024
1536332700,0.1024
1536333000,0.1024
1536333300,0.1024
1536333600,0.1024
1536333900,0.1024
1536334200,0.1024
1536334500,0.1024
1536334800,0.1024
1536335100,0.1024
1536335400,0.1024
1536335700,0.1024
1536336000,0.1024
1536336300,0.1024
1536336600,0.1024
1536336900,0.1024
1536337200,0.1024
1536337500,0.1024
1536337800,0.1024
1536338100,0.1024
1536338400,0.1024
1536338700,0.1024
1536339000,0.1024
1536339300,0.1024
1536339600,0.1024
1536339900,0.1024
1536340200,0.1024
1536340500,0.1024
1536340800,0.1024
1536341100,0.1024
1536341400,0.1024
1536341700,0.1024
1536342000,0.1024
1536342300,0.1024
1536342600,0.1024
1536342900,0.1024
1536343200,0.1024
1536343500,0.1024
1536343800,0.1024
1536344100,0.1024
1536344400,0.1024
1536344700,0.1024
1536345000,0.1024
1536345300,0.1024
1536345600,0.1024
1536345900,0.1024
1536346200,0.1024
1536346500,0.1024
1536346800,0.1024
1536347100,0.1024
1536347400,0.1024
1536347700,0.1024
1536348000,0.1024
1536348300,0.1024
1536348600,0.1024
1536348900,0.1024
1536349200,0.1024
1536349500,0.1024
1536349800,0.1024
1536350100,0.1024
1536350400,0.1024
1536350700,0.1024
1536351000,0.1024
1536351300,0.1024
1536351600,0.1024
1536351900,0.1024
1536352200,0.1024
1536352500,0.1024
1536352800,0.1024
1536353100,0.1024
1536353400,0.1024
1536353700,0.1024
1536354000,0.1024
1536354300,0.1024
1536354600,0.1024
1536354900,0.1024
1536355200,0.1024
1536355500,0.1024
1536355800,0.1024
1536356100,0.1024
1536356400,0.1024
1536356700,0.1024
1536357000,0.1024
1536357300,0.1024
1536357600,0.1024
1536357900,0.1024
1536358200,0.1024
1536358500,0.1024
1536358800,0.1024
1536359100,0.1024
1536359400,0.1024
1536359700,0.1024
1536360000,0.1024
1536360300,0.1024
1536360600,0.1024
1536360900,0.1024
1536361200,0.1024
1536361500,0.1024
1536361800,0.1024
1536362100,0.1024
1536362400,0.1024
1536362700,0.1024
1536363000,0.1024
1536363300,0.1024
1536363600,0.1024
1536363900,0.1024
1536364200,0.1024
1536364500,0.1024
1536364800,0.1184
1536365100,0.1184
1536365400,0.1184
1536365700,0.1184
1536366000,0.1184
1536366300,0.1184
1536366600,0.1184
1536366900,0.1184
1536367200,0.1184
1536367500,0.1184
1536367800,0.1184
1536368100,0.1184
1536368400,0.1184
1536368700,0.1184
1536369000,0.1184
1536369300,0.1184
1536369600,0.1184
1536369900,0.1184
1536370200,0.1184
1536370500,0.1184
1536370800,0.1184
1536371100,0.1184
1536371400,0.1184
1536371700,0.1184
1536372000,0.1184
1536372300,0.1184
1536372600,0.1184
1536372900,0.1184
1536373200,0.1184
1536373500,0.1184
1536373800,0.1184
1536374100,0.1184
1536374400,0.1184
1536374700,0.1184
1536375000,0.1184
1536375300,0.1184
1536375600,0.1184
1536375900,0.1184
1536376200,0.1184
1536376500,0.1184
1536376800,0.1184
1536377100,0.1184
1536377400,0.1184
1536377700,0.1184
1536378000,0.1184
1536378300,0.1184
1536378600,0.1184
1536378900,0.1184
1536379200,0.1184
1536379500,0.1184
1536379800,0.1184
1536380100,0.1184
1536380400,0.1184
1536380700,0.1184
1536381000,0.1184
1536381300,0.1184
1536381600,0.1184
1536381900,0.1184
1536382200,0.1184
1536382500,0.1184
1536382800,0.1184
1536383100,0.1184
1536383400,0.1184
1536383700,0.1184
1536384000,0.1184
1536384300,0.1184
1536384600,0.1184
1536384900,0.1184
1536385200,0.1184
1536385500,0.1184
1536385800,0.1184
1536386100,0.1184
1536386400,0.1184
1536386700,0.1184
1536387000,0.1184
1536387300,0.1184
1536387600,0.1184
1536387900,0.1184
1536388200,0.1184
1536388500,0.1184
1536388800,0.1184
1536389100,0.1184
1536389400,0.1184
1536389700,0.1184
1536390000,0.1184
1536390300,0.1184
1536390600,0.1184
1536390900,0.1184
1536391200,0.1184
1536391500,0.1184
1536391800,0.1184
1536392100,0.1184
1536392400,0.1184
1536392700,0.1184
1536393000,0.1184
1536393300,0.1184
1536393600,0.1184
1536393900,0.1184
1536394200,0.1184
1536394500,0.1184
1536394800,0.1184
1536395100,0.1184
1536395400,0.1184
1536395700,0.1184
1536396000,0.1184
1536396300,0.1184
1536396600,0.1184
1536396900,0.1184
1536397200,0.1184
1536397500,0.1184
1536397800,0.1184
1536398100,0.1184
1536398400,0.1184
1536398700,0.1184
1536399000,0.1184
1536399300,0.1184
1536399600,0.1184
1536399900,0.1184
1536400200,0.1184
1536400500,0.1184
1536400800,0.1184
1536401100,0.1184
1536401400,0.1184
1536401700,0.1184
1536402000,0.1184
1536402300,0.1184
1536402600,0.1184
1536402900,0.1184
1536403200,0.1184
1536403500,0.1184
1536403800,0.1184
1536404100,0.1184
1536404400,0.1184
1536404700,0.1184
1536405000,0.1184
1536405300,0.1184
1536405600,0.1184
1536405900,0.1184
1536406200,0.1184
1536406500,0.1184
1536406800,0.1184
1536407100,0.1184
1536407400,0.1184
1536407700,0.1184
1536408000,0.1184
1536408300,0.1184
1536408600,0.1184
1536408900,0.1184
1536409200,0.1184
1536409500,0.1184
1536409800,0.1184
1536410100,0.1184
1536410400,0.1184
1536410700,0.1184
1536411000,0.1184
1536411300,0.1184
1536411600,0.1184
1536411900,0.1184
1536412200,0.1184
1536412500,0.1184
1536412800,0.1184
1536413100,0.1184
1536413400,0.1184
1536413700,0.1184
1536414000,0.1184
1536414300,0.1184
1536414600,0.1184
1536414900,0.1184
1536415200,0.1184
1536415500,0.1184
1536415800,0.1184
1536416100,0.1184
1536416400,0.1184
1536416700,0.1184
1536417000,0.1184
1536417300,0.1184
1536417600,0.1184
1536417900,0.1184
1536418200,0.1184
1536418500,0.1184
1536418800,0.1184
1536419100,0.1184
1536419400,0.1184
1536419700,0.1184
1536420000,0.1184
1536420300,0.1184
1536420600,0.1184
1536420900,0.1184
1536421200,0.1184
1536421500,0.1184
1536421800,0.1184
1536422100,0.1184
1536422400,0.1184
1536422700,0.1184
1536423000,0.1184
1536423300,0.1184
1536423600,0.1184
1536423900,0.1184
1536424200,0.1184
1536424500,0.1184
1536424800,0.1184
1536425100,0.1184
1536425400,0.1184
1536425700,0.1184
1536426000,0.1184
1536426300,0.1184
1536426600,0.1184
1536426900,0.1184
1536427200,0.1184
1536427500,0.1184
1536427800,0.1184
1536428100,0.1184
1536428400,0.1184
1536428700,0.1184
1536429000,0.1184
1536429300,0.1184
1536429600,0.1184
1536429900,0.1184
1536430200,0.1184
1536430500,0.1184
1536430800,0.1184
1536431100,0.1184
1536431400,0.1184
1536431700,0.1184
1536432000,0.1184
1536432300,0.1184
1536432600,0.1184
1536432900,0.1184
1536433200,0.1184
1536433500,0.1184
1536433800,0.1184
1536434100,0.1184
1536434400,0.1184
1536434700,0.1184
1536435000,0.1184
1536435300,0.1184
1536435600,0.1184
1536435900,0.1184
1536436200,0.1184
1536436500,0.1184
1536436800,0.1184
1536437100,0.1184
1536437400,0.1184
1536437700,0.1184
1536438000,0.1184
1536438300,0.1184
1536438600,0.1184
1536438900,0.1184
1536439200,0.1184
1536439500,0.1184
1536439800,0.1184
1536440100,0.1184
1536440400,0.1184
1536440700,0.1184
1536441000,0.1184
1536441300,0.1184
1536441600,0.1184
1536441900,0.1184
1536442200,0.1184
1536442500,0.1184
1536442800,0.1184
1536443100,0.1184
1536443400,0.1184
1536443700,0.1184
1536444000,0.1184
1536444300,0.1184
1536444600,0.1184
1536444900,0.1184
1536445200,0.1184
1536445500,0.1184
1536445800,0.1184
1536446100,0.1184
1536446400,0.1184
1536446700,0.1184
1536447000,0.1184
1536447300,0.1184
1536447600,0.1184
1536447900,0.1184
1536448200,0.1184
1536448500,0.1184
1536448800,0.1184
1536449100,0.1184
1536449400,0.1184
1536449700,0.1184
1536450000,0.1184
1536450300,0.1184
1536450600,0.1184
1536450900,0.1184
1536451200,0.113066666
1536451500,0.113066666
1536451800,0.113066666
1536452100,0.113066666
1536452400,0.113066666
1536452700,0.113066666
1536453000,0.113066666
1536453300,0.113066666
1536453600,0.113066666
1536453900,0.113066666
1536454200,0.113066666
1536454500,0.113066666
1536454800,0.113066666
1536455100,0.113066666
1536455400,0.113066666
1536455700,0.113066666
1536456000,0.113066666
1536456300,0.113066666
1536456600,0.113066666
1536456900,0.113066666
1536457200,0.113066666
1536457500,0.113066666
1536457800,0.113066666
1536458100,0.113066666
1536458400,0.113066666
1536458700,0.113066666
1536459000,0.113066666
1536459300,0.113066666
1536459600,0.113066666
1536459900,0.113066666
1536460200,0.113066666
1536460500,0.113066666
1536460800,0.113066666
1536461100,0.113066666
1536461400,0.113066666
1536461700,0.113066666
1536462000,0.113066666
1536462300,0.113066666
1536462600,0.113066666
1536462900,0.113066666
1536463200,0.113066666
1536463500,0.113066666
1536463800,0.113066666
1536464100,0.113066666
1536464400,0.113066666
1536464700,0.113066666
1536465000,0.113066666
1536465300,0.113066666
1536465600,0.113066666
1536465900,0.113066666
1536466200,0.113066666
1536466500,0.113066666
1536466800,0.113066666
1536467100,0.113066666
1536467400,0.113066666
1536467700,0.113066666
1536468000,0.113066666
1536468300,0.113066666
1536468600,0.113066666
1536468900,0.113066666
1536469200,0.113066666
1536469500,0.113066666
1536469800,0.113066666
1536470100,0.113066666
1536470400,0.113066666
1536470700,0.113066666
1536471000,0.113066666
1536471300,0.113066666
1536471600,0.113066666
1536471900,0.113066666
1536472200,0.113066666
1536472500,0.113066666
1536472800,0.113066666
1536473100,0.113066666
1536473400,0.113066666
1536473700,0.113066666
1536474000,0.113066666
1536474300,0.113066666
1536474600,0.113066666
1536474900,0.113066666
1536475200,0.113066666
1536475500,0.113066666
1536475800,0.113066666
1536476100,0.113066666
1536476400,0.113066666
1536476700,0.113066666
1536477000,0.113066666
1536477300,0.113066666
1536477600,0.113066666
1536477900,0.113066666
1536478200,0.113066666
1536478500,0.113066666
1536478800,0.113066666
1536479100,0.113066666
1536479400,0.113066666
1536479700,0.113066666
1536480000,0.113066666
1536480300,0.113066666
1536480600,0.113066666
1536480900,0.113066666
1536481200,0.113066666
1536481500,0.113066666
1536481800,0.113066666
1536482100,0.113066666
1536482400,0.113066666
1536482700,0.113066666
1536483000,0.113066666
1536483300,0.113066666
1536483600,0.113066666
1536483900,0.113066666
1536484200,0.113066666
1536484500,0.113066666
1536484800,0.113066666
1536485100,0.113066666
1536485400,0.113066666
1536485700,0.113066666
1536486000,0.113066666
1536486300,0.113066666
1536486600,0.113066666
1536486900,0.113066666
1536487200,0.113066666
1536487500,0.113066666
1536487800,0.113066666
1536488100,0.113066666
1536488400,0.113066666
1536488700,0.113066666
1536489000,0.113066666
1536489300,0.113066666
1536489600,0.113066666
1536489900,0.113066666
1536490200,0.113066666
1536490500,0.113066666
1536490800,0.113066666
1536491100,0.113066666
1536491400,0.113066666
1536491700,0.113066666
1536492000,0.113066666
1536492300,0.113066666
1536492600,0.113066666
1536492900,0.113066666
1536493200,0.113066666
1536493500,0.113066666
1536493800,0.113066666
1536494100,0.113066666
1536494400,0.113066666
1536494700,0.113066666
1536495000,0.113066666
1536495300,0.113066666
1536495600,0.113066666
1536495900,0.113066666
1536496200,0.113066666
1536496500,0.113066666
1536496800,0.113066666
1536497100,0.113066666
1536497400,0.113066666
1536497700,0.113066666
1536498000,0.113066666
1536498300,0.113066666
1536498600,0.113066666
1536498900,0.113066666
1536499200,0.113066666
1536499500,0.113066666
1536499800,0.113066666
1536500100,0.113066666
1536500400,0.113066666
1536500700,0.113066666
1536501000,0.113066666
1536501300,0.113066666
1536501600,0.113066666
1536501900,0.113066666
1536502200,0.113066666
1536502500,0.113066666
1536502800,0.113066666
1536503100,0.113066666
1536503400,0.113066666
1536503700,0.113066666
1536504000,0.113066666
1536504300,0.113066666
1536504600,0.113066666
1536504900,0.113066666
1536505200,0.113066666
1536505500,0.113066666
1536505800,0.113066666
1536506100,0.113066666
1536506400,0.113066666
1536506700,0.113066666
1536507000,0.113066666
1536507300,0.113066666
1536507600,0.113066666
1536507900,0.113066666
1536508200,0.113066666
1536508500,0.113066666
1536508800,0.113066666
1536509100,0.113066666
1536509400,0.113066666
1536509700,0.113066666
1536510000,0.113066666
1536510300,0.113066666
1536510600,0.113066666
1536510900,0.113066666
1536511200,0.113066666
1536511500,0.113066666
1536511800,0.113066666
1536512100,0.113066666
1536512400,0.113066666
1536512700,0.113066666
1536513000,0.113066666
1536513300,0.113066666
1536513600,0.113066666
1536513900,0.113066666
1536514200,0.113066666
1536514500,0.113066666
1536514800,0.113066666
1536515100,0.113066666
1536515400,0.113066666
1536515700,0.113066666
1536516000,0.113066666
1536516300,0.113066666
1536516600,0.113066666
1536516900,0.113066666
1536517200,0.113066666
1536517500,0.113066666
1536517800,0.113066666
1536518100,0.113066666
1536518400,0.113066666
1536518700,0.113066666
1536519000,0.113066666
1536519300,0.113066666
1536519600,0.113066666
1536519900,0.113066666
1536520200,0.113066666
1536520500,0.113066666
1536520800,0.113066666
1536521100,0.113066666
1536521400,0.113066666
1536521700,0.113066666
1536522000,0.113066666
1536522300,0.113066666
1536522600,0.113066666
1536522900,0.113066666
1536523200,0.113066666
1536523500,0.113066666
1536523800,0.113066666
1536524100,0.113066666
1536524400,0.113066666
1536524700,0.113066666
1536525000,0.113066666
1536525300,0.113066666
1536525600,0.113066666
1536525900,0.113066666
1536526200,0.113066666
1536526500,0.113066666
1536526800,0.113066666
1536527100,0.113066666
1536527400,0.113066666
1536527700,0.113066666
1536528000,0.113066666
1536528300,0.113066666
1536528600,0.113066666
1536528900,0.113066666
1536529200,0.113066666
1536529500,0.113066666
1536529800,0.113066666
1536530100,0.113066666
1536530400,0.113066666
1536530700,0.113066666
1536531000,0.113066666
1536531300,0.113066666
1536531600,0.113066666
1536531900,0.113066666
1536532200,0.113066666
1536532500,0.113066666
1536532800,0.113066666
1536533100,0.113066666
1536533400,0.113066666
1536533700,0.113066666
1536534000,0.113066666
1536534300,0.113066666
1536534600,0.113066666
1536534900,0.113066666
1536535200,0.113066666
1536535500,0.113066666
1536535800,0.113066666
1536536100,0.113066666
1536536400,0.113066666
1536536700,0.113066666
1536537000,0.113066666
1536537300,0.113066666
1536537600,0.110933333
1536537900,0.110933333
1536538200,0.110933333
1536538500,0.110933333
1536538800,0.110933333
1536539100,0.110933333
1536539400,0.110933333
1536539700,0.110933333
1536540000,0.110933333
1536540300,0.110933333
1536540600,0.110933333
1536540900,0.110933333
1536541200,0.110933333
1536541500,0.110933333
1536541800,0.110933333
1536542100,0.110933333
1536542400,0.110933333
1536542700,0.110933333
1536543000,0.110933333
1536543300,0.110933333
1536543600,0.110933333
1536543900,0.110933333
1536544200,0.110933333
1536544500,0.110933333
1536544800,0.110933333
1536545100,0.110933333
1536545400,0.110933333
1536545700,0.110933333
1536546000,0.110933333
1536546300,0.110933333
1536546600,0.110933333
1536546900,0.110933333
1536547200,0.110933333
1536547500,0.110933333
1536547800,0.110933333
1536548100,0.110933333
1536548400,0.110933333
1536548700,0.110933333
1536549000,0.110933333
1536549300,0.110933333
1536549600,0.110933333
1536549900,0.110933333
1536550200,0.110933333
1536550500,0.110933333
1536550800,0.110933333
1536551100,0.110933333
1536551400,0.110933333
1536551700,0.110933333
1536552000,0.110933333
1536552300,0.110933333
1536552600,0.110933333
1536552900,0.110933333
1536553200,0.110933333
1536553500,0.110933333
1536553800,0.110933333
1536554100,0.110933333
1536554400,0.110933333
1536554700,0.110933333
1536555000,0.110933333
1536555300,0.110933333
1536555600,0.110933333
1536555900,0.110933333
1536556200,0.110933333
1536556500,0.110933333
1536556800,0.110933333
1536557100,0.110933333
1536557400,0.110933333
1536557700,0.110933333
1536558000,0.110933333
1536558300,0.110933333
1536558600,0.110933333
1536558900,0.110933333
1536559200,0.110933333
1536559500,0.110933333
1536559800,0.110933333
1536560100,0.110933333
1536560400,0.110933333
1536560700,0.110933333
1536561000,0.110933333
1536561300,0.110933333
1536561600,0.110933333
1536561900,0.110933333
1536562200,0.110933333
1536562500,0.110933333
1536562800,0.110933333
1536563100,0.110933333
1536563400,0.110933333
1536563700,0.110933333
1536564000,0.110933333
1536564300,0.110933333
1536564600,0.110933333
1536564900,0.110933333
1536565200,0.110933333
1536565500,0.110933333
1536565800,0.110933333
1536566100,0.110933333
1536566400,0.110933333
1536566700,0.110933333
1536567000,0.110933333
1536567300,0.110933333
1536567600,0.110933333
1536567900,0.110933333
1536568200,0.110933333
1536568500,0.110933333
1536568800,0.110933333
1536569100,0.110933333
1536569400,0.110933333
1536569700,0.110933333
1536570000,0.110933333
1536570300,0.110933333
1536570600,0.110933333
1536570900,0.110933333
1536571200,0.110933333
1536571500,0.110933333
1536571800,0.110933333
1536572100,0.110933333
1536572400,0.110933333
1536572700,0.110933333
1536573000,0.110933333
1536573300,0.110933333
1536573600,0.110933333
1536573900,0.110933333
1536574200,0.110933333
1536574500,0.110933333
1536574800,0.110933333
1536575100,0.110933333
1536575400,0.110933333
1536575700,0.110933333
1536576000,0.110933333
1536576300,0.110933333
1536576600,0.110933333
1536576900,0.110933333
1536577200,0.110933333
1536577500,0.110933333
1536577800,0.110933333
1536578100,0.110933333
1536578400,0.110933333
1536578700,0.110933333
1536579000,0.110933333
1536579300,0.110933333
1536579600,0.110933333
1536579900,0.110933333
1536580200,0.110933333
1536580500,0.110933333
1536580800,0.110933333
1536581100,0.110933333
1536581400,0.110933333
1536581700,0.110933333
1536582000,0.110933333
1536582300,0.110933333
1536582600,0.110933333
1536582900,0.110933333
1536583200,0.110933333
1536583500,0.110933333
1536583800,0.110933333
1536584100,0.110933333
1536584400,0.110933333
1536584700,0.110933333
1536585000,0.110933333
1536585300,0.110933333
1536585600,0.110933333
1536585900,0.110933333
1536586200,0.110933333
1536586500,0.110933333
1536586800,0.110933333
1536587100,0.110933333
1536587400,0.110933333
1536587700,0.110933333
1536588000,0.110933333
1536588300,0.110933333
1536588600,0.110933333
1536588900,0.110933333
1536589200,0.110933333
1536589500,0.110933333
1536589800,0.110933333
1536590100,0.110933333
1536590400,0.110933333
1536590700,0.110933333
1536591000,0.110933333
1536591300,0.110933333
1536591600,0.110933333
1536591900,0.110933333
1536592200,0.110933333
1536592500,0.110933333
1536592800,0.110933333
1536593100,0.110933333
1536593400,0.110933333
1536593700,0.110933333
1536594000,0.110933333
1536594300,0.110933333
1536594600,0.110933333
1536594900,0.110933333
1536595200,0.110933333
1536595500,0.110933333
1536595800,0.110933333
1536596100,0.110933333
1536596400,0.110933333
1536596700,0.110933333
1536597000,0.110933333
1536597300,0.110933333
1536597600,0.110933333
1536597900,0.110933333
1536598200,0.110933333
1536598500,0.110933333
1536598800,0.110933333
1536599100,0.110933333
1536599400,0.110933333
1536599700,0.110933333
1536600000,0.110933333
1536600300,0.110933333
1536600600,0.110933333
1536600900,0.110933333
1536601200,0.110933333
1536601500,0.110933333
1536601800,0.110933333
1536602100,0.110933333
1536602400,0.110933333
1536602700,0.110933333
1536603000,0.110933333
1536603300,0.110933333
1536603600,0.110933333
1536603900,0.110933333
1536604200,0.110933333
1536604500,0.110933333
1536604800,0.110933333
1536605100,0.110933333
1536605400,0.110933333
1536605700,0.110933333
1536606000,0.110933333
1536606300,0.110933333
1536606600,0.110933333
1536606900,0.110933333
1536607200,0.110933333
1536607500,0.110933333
1536607800,0.110933333
1536608100,0.110933333
1536608400,0.110933333
1536608700,0.110933333
1536609000,0.110933333
1536609300,0.110933333
1536609600,0.110933333
1536609900,0.110933333
1536610200,0.110933333
1536610500,0.110933333
1536610800,0.110933333
1536611100,0.110933333
1536611400,0.110933333
1536611700,0.110933333
1536612000,0.110933333
1536612300,0.110933333
1536612600,0.110933333
1536612900,0.110933333
1536613200,0.110933333
1536613500,0.110933333
1536613800,0.110933333
1536614100,0.110933333
1536614400,0.110933333
1536614700,0.110933333
1536615000,0.110933333
1536615300,0.110933333
1536615600,0.110933333
1536615900,0.110933333
1536616200,0.110933333
1536616500,0.110933333
1536616800,0.110933333
1536617100,0.110933333
1536617400,0.110933333
1536617700,0.110933333
1536618000,0.110933333
1536618300,0.110933333
1536618600,0.110933333
1536618900,0.110933333
1536619200,0.110933333
1536619500,0.110933333
1536619800,0.110933333
1536620100,0.110933333
1536620400,0.110933333
1536620700,0.110933333
1536621000,0.110933333
1536621300,0.110933333
1536621600,0.110933333
1536621900,0.110933333
1536622200,0.110933333
1536622500,0.110933333
1536622800,0.110933333
1536623100,0.110933333
1536623400,0.110933333
1536623700,0.110933333
1536624000,0.1248
1536624300,0.1248
1536624600,0.1248
1536624900,0.1248
1536625200,0.1248
1536625500,0.1248
1536625800,0.1248
1536626100,0.1248
1536626400,0.1248
1536626700,0.1248
1536627000,0.1248
1536627300,0.1248
1536627600,0.1248
1536627900,0.1248
1536628200,0.1248
1536628500,0.1248
1536628800,0.1248
1536629100,0.1248
1536629400,0.1248
1536629700,0.1248
1536630000,0.1248
1536630300,0.1248
1536630600,0.1248
1536630900,0.1248
1536631200,0.1248
1536631500,0.1248
1536631800,0.1248
1536632100,0.1248
1536632400,0.1248
1536632700,0.1248
1536633000,0.1248
1536633300,0.1248
1536633600,0.1248
1536633900,0.1248
1536634200,0.1248
1536634500,0.1248
1536634800,0.1248
1536635100,0.1248
1536635400,0.1248
1536635700,0.1248
1536636000,0.1248
1536636300,0.1248
1536636600,0.1248
1536636900,0.1248
1536637200,0.1248
1536637500,0.1248
1536637800,0.1248
1536638100,0.1248
1536638400,0.1248
1536638700,0.1248
1536639000,0.1248
1536639300,0.1248
1536639600,0.1248
1536639900,0.1248
1536640200,0.1248
1536640500,0.1248
1536640800,0.1248
1536641100,0.1248
1536641400,0.1248
1536641700,0.1248
1536642000,0.1248
1536642300,0.1248
1536642600,0.1248
1536642900,0.1248
1536643200,0.1248
1536643500,0.1248
1536643800,0.1248
1536644100,0.1248
1536644400,0.1248
1536644700,0.1248
1536645000,0.1248
1536645300,0.1248
1536645600,0.1248
1536645900,0.1248
1536646200,0.1248
1536646500,0.1248
1536646800,0.1248
1536647100,0.1248
1536647400,0.1248
1536647700,0.1248
1536648000,0.1248
1536648300,0.1248
1536648600,0.1248
1536648900,0.1248
1536649200,0.1248
1536649500,0.1248
1536649800,0.1248
1536650100,0.1248
1536650400,0.1248
1536650700,0.1248
1536651000,0.1248
1536651300,0.1248
1536651600,0.1248
1536651900,0.1248
1536652200,0.1248
1536652500,0.1248
1536652800,0.1248
1536653100,0.1248
1536653400,0.1248
1536653700,0.1248
1536654000,0.1248
1536654300,0.1248
1536654600,0.1248
1536654900,0.1248
1536655200,0.1248
1536655500,0.1248
1536655800,0.1248
1536656100,0.1248
1536656400,0.1248
1536656700,0.1248
1536657000,0.1248
1536657300,0.1248
1536657600,0.1248
1536657900,0.1248
1536658200,0.1248
1536658500,0.1248
1536658800,0.1248
1536659100,0.1248
1536659400,0.1248
1536659700,0.1248
1536660000,0.1248
1536660300,0.1248
1536660600,0.1248
1536660900,0.1248
1536661200,0.1248
1536661500,0.1248
1536661800,0.1248
1536662100,0.1248
1536662400,0.1248
1536662700,0.1248
1536663000,0.1248
1536663300,0.1248
1536663600,0.1248
1536663900,0.1248
1536664200,0.1248
1536664500,0.1248
1536664800,0.1248
1536665100,0.1248
1536665400,0.1248
1536665700,0.1248
1536666000,0.1248
1536666300,0.1248
1536666600,0.1248
1536666900,0.1248
1536667200,0.1248
1536667500,0.1248
1536667800,0.1248
1536668100,0.1248
1536668400,0.1248
1536668700,0.1248
1536669000,0.1248
1536669300,0.1248
1536669600,0.1248
1536669900,0.1248
1536670200,0.1248
1536670500,0.1248
1536670800,0.1248
1536671100,0.1248
1536671400,0.1248
1536671700,0.1248
1536672000,0.1248
1536672300,0.1248
1536672600,0.1248
1536672900,0.1248
1536673200,0.1248
1536673500,0.1248
1536673800,0.1248
1536674100,0.1248
1536674400,0.1248
1536674700,0.1248
1536675000,0.1248
1536675300,0.1248
1536675600,0.1248
1536675900,0.1248
1536676200,0.1248
1536676500,0.1248
1536676800,0.1248
1536677100,0.1248
1536677400,0.1248
1536677700,0.1248
1536678000,0.1248
1536678300,0.1248
1536678600,0.1248
1536678900,0.1248
1536679200,0.1248
1536679500,0.1248
1536679800,0.1248
1536680100,0.1248
1536680400,0.1248
1536680700,0.1248
1536681000,0.1248
1536681300,0.1248
1536681600,0.1248
1536681900,0.1248
1536682200,0.1248
1536682500,0.1248
1536682800,0.1248
1536683100,0.1248
1536683400,0.1248
1536683700,0.1248
1536684000,0.1248
1536684300,0.1248
1536684600,0.1248
1536684900,0.1248
1536685200,0.1248
1536685500,0.1248
1536685800,0.1248
1536686100,0.1248
1536686400,0.1248
1536686700,0.1248
1536687000,0.1248
1536687300,0.1248
1536687600,0.1248
1536687900,0.1248
1536688200,0.1248
1536688500,0.1248
1536688800,0.1248
1536689100,0.1248
1536689400,0.1248
1536689700,0.1248
1536690000,0.1248
1536690300,0.1248
1536690600,0.1248
1536690900,0.1248
1536691200,0.1248
1536691500,0.1248
1536691800,0.1248
1536692100,0.1248
1536692400,0.1248
1536692700,0.1248
1536693000,0.1248
1536693300,0.1248
1536693600,0.1248
1536693900,0.1248
1536694200,0.1248
1536694500,0.1248
1536694800,0.1248
1536695100,0.1248
1536695400,0.1248
1536695700,0.1248
1536696000,0.1248
1536696300,0.1248
1536696600,0.1248
1536696900,0.1248
1536697200,0.1248
1536697500,0.1248
1536697800,0.1248
1536698100,0.1248
1536698400,0.1248
1536698700,0.1248
1536699000,0.1248
1536699300,0.1248
1536699600,0.1248
1536699900,0.1248
1536700200,0.1248
1536700500,0.1248
1536700800,0.1248
1536701100,0.1248
1536701400,0.1248
1536701700,0.1248
1536702000,0.1248
1536702300,0.1248
1536702600,0.1248
1536702900,0.1248
1536703200,0.1248
1536703500,0.1248
1536703800,0.1248
1536704100,0.1248
1536704400,0.1248
1536704700,0.1248
1536705000,0.1248
1536705300,0.1248
1536705600,0.1248
1536705900,0.1248
1536706200,0.1248
1536706500,0.1248
1536706800,0.1248
1536707100,0.1248
1536707400,0.1248
1536707700,0.1248
1536708000,0.1248
1536708300,0.1248
1536708600,0.1248
1536708900,0.1248
1536709200,0.1248
1536709500,0.1248
1536709800,0.1248
1536710100,0.1248
1536710400,0.069333334
1536710700,0.069333334
1536711000,0.069333334
1536711300,0.069333334
1536711600,0.069333334
1536711900,0.069333334
1536712200,0.069333334
1536712500,0.069333334
1536712800,0.069333334
1536713100,0.069333334
1536713400,0.069333334
1536713700,0.069333334
1536714000,0.069333334
1536714300,0.069333334
1536714600,0.069333334
1536714900,0.069333334
1536715200,0.069333334
1536715500,0.069333334
1536715800,0.069333334
1536716100,0.069333334
1536716400,0.069333334
1536716700,0.069333334
1536717000,0.069333334
1536717300,0.069333334
1536717600,0.069333334
1536717900,0.069333334
1536718200,0.069333334
1536718500,0.069333334
1536718800,0.069333334
1536719100,0.069333334
1536719400,0.069333334
1536719700,0.069333334
1536720000,0.069333334
1536720300,0.069333334
1536720600,0.069333334
1536720900,0.069333334
1536721200,0.069333334
1536721500,0.069333334
1536721800,0.069333334
1536722100,0.069333334
1536722400,0.069333334
1536722700,0.069333334
1536723000,0.069333334
1536723300,0.069333334
1536723600,0.069333334
1536723900,0.069333334
1536724200,0.069333334
1536724500,0.069333334
1536724800,0.069333334
1536725100,0.069333334
1536725400,0.069333334
1536725700,0.069333334
1536726000,0.069333334
1536726300,0.069333334
1536726600,0.069333334
1536726900,0.069333334
1536727200,0.069333334
1536727500,0.069333334
1536727800,0.069333334
1536728100,0.069333334
1536728400,0.069333334
1536728700,0.069333334
1536729000,0.069333334
1536729300,0.069333334
1536729600,0.069333334
1536729900,0.069333334
1536730200,0.069333334
1536730500,0.069333334
1536730800,0.069333334
1536731100,0.069333334
1536731400,0.069333334
1536731700,0.069333334
1536732000,0.069333334
1536732300,0.069333334
1536732600,0.069333334
1536732900,0.069333334
1536733200,0.069333334
1536733500,0.069333334
1536733800,0.069333334
1536734100,0.069333334
1536734400,0.069333334
1536734700,0.069333334
1536735000,0.069333334
1536735300,0.069333334
1536735600,0.069333334
1536735900,0.069333334
1536736200,0.069333334
1536736500,0.069333334
1536736800,0.069333334
1536737100,0.069333334
1536737400,0.069333334
1536737700,0.069333334
1536738000,0.069333334
1536738300,0.069333334
1536738600,0.069333334
1536738900,0.069333334
1536739200,0.069333334
1536739500,0.069333334
1536739800,0.069333334
1536740100,0.069333334
1536740400,0.069333334
1536740700,0.069333334
1536741000,0.069333334
1536741300,0.069333334
1536741600,0.069333334
1536741900,0.069333334
1536742200,0.069333334
1536742500,0.069333334
1536742800,0.069333334
1536743100,0.069333334
1536743400,0.069333334
1536743700,0.069333334
1536744000,0.069333334
1536744300,0.069333334
1536744600,0.069333334
1536744900,0.069333334
1536745200,0.069333334
1536745500,0.069333334
1536745800,0.069333334
1536746100,0.069333334
1536746400,0.069333334
1536746700,0.069333334
1536747000,0.069333334
1536747300,0.069333334
1536747600,0.069333334
1536747900,0.069333334
1536748200,0.069333334
1536748500,0.069333334
1536748800,0.069333334
1536749100,0.069333334
1536749400,0.069333334
1536749700,0.069333334
1536750000,0.069333334
1536750300,0.069333334
1536750600,0.069333334
1536750900,0.069333334
1536751200,0.069333334
1536751500,0.069333334
1536751800,0.069333334
1536752100,0.069333334
1536752400,0.069333334
1536752700,0.069333334
1536753000,0.069333334
1536753300,0.069333334
1536753600,0.069333334
1536753900,0.069333334
1536754200,0.069333334
1536754500,0.069333334
1536754800,0.069333334
1536755100,0.069333334
1536755400,0.069333334
1536755700,0.069333334
1536756000,0.069333334
1536756300,0.069333334
1536756600,0.069333334
1536756900,0.069333334
1536757200,0.069333334
1536757500,0.069333334
1536757800,0.069333334
1536758100,0.069333334
1536758400,0.069333334
1536758700,0.069333334
1536759000,0.069333334
1536759300,0.069333334
1536759600,0.069333334
1536759900,0.069333334
1536760200,0.069333334
1536760500,0.069333334
1536760800,0.069333334
1536761100,0.069333334
1536761400,0.069333334
1536761700,0.069333334
1536762000,0.069333334
1536762300,0.069333334
1536762600,0.069333334
1536762900,0.069333334
1536763200,0.069333334
1536763500,0.069333334
1536763800,0.069333334
1536764100,0.069333334
1536764400,0.069333334
1536764700,0.069333334
1536765000,0.069333334
1536765300,0.069333334
1536765600,0.069333334
1536765900,0.069333334
1536766200,0.069333334
1536766500,0.069333334
1536766800,0.069333334
1536767100,0.069333334
1536767400,0.069333334
1536767700,0.069333334
1536768000,0.069333334
1536768300,0.069333334
1536768600,0.069333334
1536768900,0.069333334
1536769200,0.069333334
1536769500,0.069333334
1536769800,0.069333334
1536770100,0.069333334
1536770400,0.069333334
1536770700,0.069333334
1536771000,0.069333334
1536771300,0.069333334
1536771600,0.069333334
1536771900,0.069333334
1536772200,0.069333334
1536772500,0.069333334
1536772800,0.069333334
1536773100,0.069333334
1536773400,0.069333334
1536773700,0.069333334
1536774000,0.069333334
1536774300,0.069333334
1536774600,0.069333334
1536774900,0.069333334
1536775200,0.069333334
1536775500,0.069333334
1536775800,0.069333334
1536776100,0.069333334
1536776400,0.069333334
1536776700,0.069333334
1536777000,0.069333334
1536777300,0.069333334
1536777600,0.069333334
1536777900,0.069333334
1536778200,0.069333334
1536778500,0.069333334
1536778800,0.069333334
1536779100,0.069333334
1536779400,0.069333334
1536779700,0.069333334
1536780000,0.069333334
1536780300,0.069333334
1536780600,0.069333334
1536780900,0.069333334
1536781200,0.069333334
1536781500,0.069333334
1536781800,0.069333334
1536782100,0.069333334
1536782400,0.069333334
1536782700,0.069333334
1536783000,0.069333334
1536783300,0.069333334
1536783600,0.069333334
1536783900,0.069333334
1536784200,0.069333334
1536784500,0.069333334
1536784800,0.069333334
1536785100,0.069333334
1536785400,0.069333334
1536785700,0.069333334
1536786000,0.069333334
1536786300,0.069333334
1536786600,0.069333334
1536786900,0.069333334
1536787200,0.069333334
1536787500,0.069333334
1536787800,0.069333334
1536788100,0.069333334
1536788400,0.069333334
1536788700,0.069333334
1536789000,0.069333334
1536789300,0.069333334
1536789600,0.069333334
1536789900,0.069333334
1536790200,0.069333334
1536790500,0.069333334
1536790800,0.069333334
1536791100,0.069333334
1536791400,0.069333334
1536791700,0.069333334
1536792000,0.069333334
1536792300,0.069333334
1536792600,0.069333334
1536792900,0.069333334
1536793200,0.069333334
1536793500,0.069333334
1536793800,0.069333334
1536794100,0.069333334
1536794400,0.069333334
1536794700,0.069333334
1536795000,0.069333334
1536795300,0.069333334
1536795600,0.069333334
1536795900,0.069333334
1536796200,0.069333334
1536796500,0.069333334
1536796800,0.094933333
1536797100,0.094933333
1536797400,0.094933333
1536797700,0.094933333
1536798000,0.094933333
1536798300,0.094933333
1536798600,0.094933333
1536798900,0.094933333
1536799200,0.094933333
1536799500,0.094933333
1536799800,0.094933333
1536800100,0.094933333
1536800400,0.094933333
1536800700,0.094933333
1536801000,0.094933333
1536801300,0.094933333
1536801600,0.094933333
1536801900,0.094933333
1536802200,0.094933333
1536802500,0.094933333
1536802800,0.094933333
1536803100,0.094933333
1536803400,0.094933333
1536803700,0.094933333
1536804000,0.094933333
1536804300,0.094933333
1536804600,0.094933333
1536804900,0.094933333
1536805200,0.094933333
1536805500,0.094933333
1536805800,0.094933333
1536806100,0.094933333
1536806400,0.094933333
1536806700,0.094933333
1536807000,0.094933333
1536807300,0.094933333
1536807600,0.094933333
1536807900,0.094933333
1536808200,0.094933333
1536808500,0.094933333
1536808800,0.094933333
1536809100,0.094933333
1536809400,0.094933333
1536809700,0.094933333
1536810000,0.094933333
1536810300,0.094933333
1536810600,0.094933333
1536810900,0.094933333
1536811200,0.094933333
1536811500,0.094933333
1536811800,0.094933333
1536812100,0.094933333
1536812400,0.094933333
1536812700,0.094933333
1536813000,0.094933333
1536813300,0.094933333
1536813600,0.094933333
1536813900,0.094933333
1536814200,0.094933333
1536814500,0.094933333
1536814800,0.094933333
1536815100,0.094933333
1536815400,0.094933333
1536815700,0.094933333
1536816000,0.094933333
1536816300,0.094933333
1536816600,0.094933333
1536816900,0.094933333
1536817200,0.094933333
1536817500,0.094933333
1536817800,0.094933333
1536818100,0.094933333
1536818400,0.094933333
1536818700,0.094933333
1536819000,0.094933333
1536819300,0.094933333
1536819600,0.094933333
1536819900,0.094933333
1536820200,0.094933333
1536820500,0.094933333
1536820800,0.094933333
1536821100,0.094933333
1536821400,0.094933333
1536821700,0.094933333
1536822000,0.094933333
1536822300,0.094933333
1536822600,0.094933333
1536822900,0.094933333
1536823200,0.094933333
1536823500,0.094933333
1536823800,0.094933333
1536824100,0.094933333
1536824400,0.094933333
1536824700,0.094933333
1536825000,0.094933333
1536825300,0.094933333
1536825600,0.094933333
1536825900,0.094933333
1536826200,0.094933333
1536826500,0.094933333
1536826800,0.094933333
1536827100,0.094933333
1536827400,0.094933333
1536827700,0.094933333
1536828000,0.094933333
1536828300,0.094933333
1536828600,0.094933333
1536828900,0.094933333
1536829200,0.094933333
1536829500,0.094933333
1536829800,0.094933333
1536830100,0.094933333
1536830400,0.094933333
1536830700,0.094933333
1536831000,0.094933333
1536831300,0.094933333
1536831600,0.094933333
1536831900,0.094933333
1536832200,0.094933333
1536832500,0.094933333
1536832800,0.094933333
1536833100,0.094933333
1536833400,0.094933333
1536833700,0.094933333
1536834000,0.094933333
1536834300,0.094933333
1536834600,0.094933333
1536834900,0.094933333
1536835200,0.094933333
1536835500,0.094933333
1536835800,0.094933333
1536836100,0.094933333
1536836400,0.094933333
1536836700,0.094933333
1536837000,0.094933333
1536837300,0.094933333
1536837600,0.094933333
1536837900,0.094933333
1536838200,0.094933333
1536838500,0.094933333
1536838800,0.094933333
1536839100,0.094933333
1536839400,0.094933333
1536839700,0.094933333
1536840000,0.094933333
1536840300,0.094933333
1536840600,0.094933333
1536840900,0.094933333
1536841200,0.094933333
1536841500,0.094933333
1536841800,0.094933333
1536842100,0.094933333
1536842400,0.094933333
1536842700,0.094933333
1536843000,0.094933333
1536843300,0.094933333
1536843600,0.094933333
1536843900,0.094933333
1536844200,0.094933333
1536844500,0.094933333
1536844800,0.094933333
1536845100,0.094933333
1536845400,0.094933333
1536845700,0.094933333
1536846000,0.094933333
1536846300,0.094933333
1536846600,0.094933333
1536846900,0.094933333
1536847200,0.094933333
1536847500,0.094933333
1536847800,0.094933333
1536848100,0.094933333
1536848400,0.094933333
1536848700,0.094933333
1536849000,0.094933333
1536849300,0.094933333
1536849600,0.094933333
1536849900,0.094933333
1536850200,0.094933333
1536850500,0.094933333
1536850800,0.094933333
1536851100,0.094933333
1536851400,0.094933333
1536851700,0.094933333
1536852000,0.094933333
1536852300,0.094933333
1536852600,0.094933333
1536852900,0.094933333
1536853200,0.094933333
1536853500,0.094933333
1536853800,0.094933333
1536854100,0.094933333
1536854400,0.094933333
1536854700,0.094933333
1536855000,0.094933333
1536855300,0.094933333
1536855600,0.094933333
1536855900,0.094933333
1536856200,0.094933333
1536856500,0.094933333
1536856800,0.094933333
1536857100,0.094933333
1536857400,0.094933333
1536857700,0.094933333
1536858000,0.094933333
1536858300,0.094933333
1536858600,0.094933333
1536858900,0.094933333
1536859200,0.094933333
1536859500,0.094933333
1536859800,0.094933333
1536860100,0.094933333
1536860400,0.094933333
1536860700,0.094933333
1536861000,0.094933333
1536861300,0.094933333
1536861600,0.094933333
1536861900,0.094933333
1536862200,0.094933333
1536862500,0.094933333
1536862800,0.094933333
1536863100,0.094933333
1536863400,0.094933333
1536863700,0.094933333
1536864000,0.094933333
1536864300,0.094933333
1536864600,0.094933333
1536864900,0.094933333
1536865200,0.094933333
1536865500,0.094933333
1536865800,0.094933333
1536866100,0.094933333
1536866400,0.094933333
1536866700,0.094933333
1536867000,0.094933333
1536867300,0.094933333
1536867600,0.094933333
1536867900,0.094933333
1536868200,0.094933333
1536868500,0.094933333
1536868800,0.094933333
1536869100,0.094933333
1536869400,0.094933333
1536869700,0.094933333
1536870000,0.094933333
1536870300,0.094933333
1536870600,0.094933333
1536870900,0.094933333
1536871200,0.094933333
1536871500,0.094933333
1536871800,0.094933333
1536872100,0.094933333
1536872400,0.094933333
1536872700,0.094933333
1536873000,0.094933333
1536873300,0.094933333
1536873600,0.094933333
1536873900,0.094933333
1536874200,0.094933333
1536874500,0.094933333
1536874800,0.094933333
1536875100,0.094933333
1536875400,0.094933333
1536875700,0.094933333
1536876000,0.094933333
1536876300,0.094933333
1536876600,0.094933333
1536876900,0.094933333
1536877200,0.094933333
1536877500,0.094933333
1536877800,0.094933333
1536878100,0.094933333
1536878400,0.094933333
1536878700,0.094933333
1536879000,0.094933333
1536879300,0.094933333
1536879600,0.094933333
1536879900,0.094933333
1536880200,0.094933333
1536880500,0.094933333
1536880800,0.094933333
1536881100,0.094933333
1536881400,0.094933333
1536881700,0.094933333
1536882000,0.094933333
1536882300,0.094933333
1536882600,0.094933333
1536882900,0.094933333
1536883200,0.0896
1536883500,0.0896
1536883800,0.0896
1536884100,0.0896
1536884400,0.0896
1536884700,0.0896
1536885000,0.0896
1536885300,0.0896
1536885600,0.0896
1536885900,0.0896
1536886200,0.0896
1536886500,0.0896
1536886800,0.0896
1536887100,0.0896
1536887400,0.0896
1536887700,0.0896
1536888000,0.0896
1536888300,0.0896
1536888600,0.0896
1536888900,0.0896
1536889200,0.0896
1536889500,0.0896
1536889800,0.0896
1536890100,0.0896
1536890400,0.0896
1536890700,0.0896
1536891000,0.0896
1536891300,0.0896
1536891600,0.0896
1536891900,0.0896
1536892200,0.0896
1536892500,0.0896
1536892800,0.0896
1536893100,0.0896
1536893400,0.0896
1536893700,0.0896
1536894000,0.0896
1536894300,0.0896
1536894600,0.0896
1536894900,0.0896
1536895200,0.0896
1536895500,0.0896
1536895800,0.0896
1536896100,0.0896
1536896400,0.0896
1536896700,0.0896
1536897000,0.0896
1536897300,0.0896
1536897600,0.0896
1536897900,0.0896
1536898200,0.0896
1536898500,0.0896
1536898800,0.0896
1536899100,0.0896
1536899400,0.0896
1536899700,0.0896
1536900000,0.0896
1536900300,0.0896
1536900600,0.0896
1536900900,0.0896
1536901200,0.0896
1536901500,0.0896
1536901800,0.0896
1536902100,0.0896
1536902400,0.0896
1536902700,0.0896
1536903000,0.0896
1536903300,0.0896
1536903600,0.0896
1536903900,0.0896
1536904200,0.0896
1536904500,0.0896
1536904800,0.0896
1536905100,0.0896
1536905400,0.0896
1536905700,0.0896
1536906000,0.0896
1536906300,0.0896
1536906600,0.0896
1536906900,0.0896
1536907200,0.0896
1536907500,0.0896
1536907800,0.0896
1536908100,0.0896
1536908400,0.0896
1536908700,0.0896
1536909000,0.0896
1536909300,0.0896
1536909600,0.0896
1536909900,0.0896
1536910200,0.0896
1536910500,0.0896
1536910800,0.0896
1536911100,0.0896
1536911400,0.0896
1536911700,0.0896
1536912000,0.0896
1536912300,0.0896
1536912600,0.0896
1536912900,0.0896
1536913200,0.0896
1536913500,0.0896
1536913800,0.0896
1536914100,0.0896
1536914400,0.0896
1536914700,0.0896
1536915000,0.0896
1536915300,0.0896
1536915600,0.0896
1536915900,0.0896
1536916200,0.0896
1536916500,0.0896
1536916800,0.0896
1536917100,0.0896
1536917400,0.0896
1536917700,0.0896
1536918000,0.0896
1536918300,0.0896
1536918600,0.0896
1536918900,0.0896
1536919200,0.0896
1536919500,0.0896
1536919800,0.0896
1536920100,0.0896
1536920400,0.0896
1536920700,0.0896
1536921000,0.0896
1536921300,0.0896
1536921600,0.0896
1536921900,0.0896
1536922200,0.0896
1536922500,0.0896
1536922800,0.0896
1536923100,0.0896
1536923400,0.0896
1536923700,0.0896
1536924000,0.0896
1536924300,0.0896
1536924600,0.0896
1536924900,0.0896
1536925200,0.0896
1536925500,0.0896
1536925800,0.0896
1536926100,0.0896
1536926400,0.0896
1536926700,0.0896
1536927000,0.0896
1536927300,0.0896
1536927600,0.0896
1536927900,0.0896
1536928200,0.0896
1536928500,0.0896
1536928800,0.0896
1536929100,0.0896
1536929400,0.0896
1536929700,0.0896
1536930000,0.0896
1536930300,0.0896
1536930600,0.0896
1536930900,0.0896
1536931200,0.0896
1536931500,0.0896
1536931800,0.0896
1536932100,0.0896
1536932400,0.0896
1536932700,0.0896
1536933000,0.0896
1536933300,0.0896
1536933600,0.0896
1536933900,0.0896
1536934200,0.0896
1536934500,0.0896
1536934800,0.0896
1536935100,0.0896
1536935400,0.0896
1536935700,0.0896
1536936000,0.0896
1536936300,0.0896
1536936600,0.0896
1536936900,0.0896
1536937200,0.0896
1536937500,0.0896
1536937800,0.0896
1536938100,0.0896
1536938400,0.0896
1536938700,0.0896
1536939000,0.0896
1536939300,0.0896
1536939600,0.0896
1536939900,0.0896
1536940200,0.0896
1536940500,0.0896
1536940800,0.0896
1536941100,0.0896
1536941400,0.0896
1536941700,0.0896
1536942000,0.0896
1536942300,0.0896
1536942600,0.0896
1536942900,0.0896
1536943200,0.0896
1536943500,0.0896
1536943800,0.0896
1536944100,0.0896
1536944400,0.0896
1536944700,0.0896
1536945000,0.0896
1536945300,0.0896
1536945600,0.0896
1536945900,0.0896
1536946200,0.0896
1536946500,0.0896
1536946800,0.0896
1536947100,0.0896
1536947400,0.0896
1536947700,0.0896
1536948000,0.0896
1536948300,0.0896
1536948600,0.0896
1536948900,0.0896
1536949200,0.0896
1536949500,0.0896
1536949800,0.0896
1536950100,0.0896
1536950400,0.0896
1536950700,0.0896
1536951000,0.0896
1536951300,0.0896
1536951600,0.0896
1536951900,0.0896
1536952200,0.0896
1536952500,0.0896
1536952800,0.0896
1536953100,0.0896
1536953400,0.0896
1536953700,0.0896
1536954000,0.0896
1536954300,0.0896
1536954600,0.0896
1536954900,0.0896
1536955200,0.0896
1536955500,0.0896
1536955800,0.0896
1536956100,0.0896
1536956400,0.0896
1536956700,0.0896
1536957000,0.0896
1536957300,0.0896
1536957600,0.0896
1536957900,0.0896
1536958200,0.0896
1536958500,0.0896
1536958800,0.0896
1536959100,0.0896
1536959400,0.0896
1536959700,0.0896
1536960000,0.0896
1536960300,0.0896
1536960600,0.0896
1536960900,0.0896
1536961200,0.0896
1536961500,0.0896
1536961800,0.0896
1536962100,0.0896
1536962400,0.0896
1536962700,0.0896
1536963000,0.0896
1536963300,0.0896
1536963600,0.0896
1536963900,0.0896
1536964200,0.0896
1536964500,0.0896
1536964800,0.0896
1536965100,0.0896
1536965400,0.0896
1536965700,0.0896
1536966000,0.0896
1536966300,0.0896
1536966600,0.0896
1536966900,0.0896
1536967200,0.0896
1536967500,0.0896
1536967800,0.0896
1536968100,0.0896
1536968400,0.0896
1536968700,0.0896
1536969000,0.0896
1536969300,0.0896
1536969600,0.061866667
1536969900,0.061866667
1536970200,0.061866667
1536970500,0.061866667
1536970800,0.061866667
1536971100,0.061866667
1536971400,0.061866667
1536971700,0.061866667
1536972000,0.061866667
1536972300,0.061866667
1536972600,0.061866667
1536972900,0.061866667
1536973200,0.061866667
1536973500,0.061866667
1536973800,0.061866667
1536974100,0.061866667
1536974400,0.061866667
1536974700,0.061866667
1536975000,0.061866667
1536975300,0.061866667
1536975600,0.061866667
1536975900,0.061866667
1536976200,0.061866667
1536976500,0.061866667
1536976800,0.061866667
1536977100,0.061866667
1536977400,0.061866667
1536977700,0.061866667
1536978000,0.061866667
1536978300,0.061866667
1536978600,0.061866667
1536978900,0.061866667
1536979200,0.061866667
1536979500,0.061866667
1536979800,0.061866667
1536980100,0.061866667
1536980400,0.061866667
1536980700,0.061866667
1536981000,0.061866667
1536981300,0.061866667
1536981600,0.061866667
1536981900,0.061866667
1536982200,0.061866667
1536982500,0.061866667
1536982800,0.061866667
1536983100,0.061866667
1536983400,0.061866667
1536983700,0.061866667
1536984000,0.061866667
1536984300,0.061866667
1536984600,0.061866667
1536984900,0.061866667
1536985200,0.061866667
1536985500,0.061866667
1536985800,0.061866667
1536986100,0.061866667
1536986400,0.061866667
1536986700,0.061866667
1536987000,0.061866667
1536987300,0.061866667
1536987600,0.061866667
1536987900,0.061866667
1536988200,0.061866667
1536988500,0.061866667
1536988800,0.061866667
1536989100,0.061866667
1536989400,0.061866667
1536989700,0.061866667
1536990000,0.061866667
1536990300,0.061866667
1536990600,0.061866667
1536990900,0.061866667
1536991200,0.061866667
1536991500,0.061866667
1536991800,0.061866667
1536992100,0.061866667
1536992400,0.061866667
1536992700,0.061866667
1536993000,0.061866667
1536993300,0.061866667
1536993600,0.061866667
1536993900,0.061866667
1536994200,0.061866667
1536994500,0.061866667
1536994800,0.061866667
1536995100,0.061866667
1536995400,0.061866667
1536995700,0.061866667
1536996000,0.061866667
1536996300,0.061866667
1536996600,0.061866667
1536996900,0.061866667
1536997200,0.061866667
1536997500,0.061866667
1536997800,0.061866667
1536998100,0.061866667
1536998400,0.061866667
1536998700,0.061866667
1536999000,0.061866667
1536999300,0.061866667
1536999600,0.061866667
1536999900,0.061866667
1537000200,0.061866667
1537000500,0.061866667
1537000800,0.061866667
1537001100,0.061866667
1537001400,0.061866667
1537001700,0.061866667
1537002000,0.061866667
1537002300,0.061866667
1537002600,0.061866667
1537002900,0.061866667
1537003200,0.061866667
1537003500,0.061866667
1537003800,0.061866667
1537004100,0.061866667
1537004400,0.061866667
1537004700,0.061866667
1537005000,0.061866667
1537005300,0.061866667
1537005600,0.061866667
1537005900,0.061866667
1537006200,0.061866667
1537006500,0.061866667
1537006800,0.061866667
1537007100,0.061866667
1537007400,0.061866667
1537007700,0.061866667
1537008000,0.061866667
1537008300,0.061866667
1537008600,0.061866667
1537008900,0.061866667
1537009200,0.061866667
1537009500,0.061866667
1537009800,0.061866667
1537010100,0.061866667
1537010400,0.061866667
1537010700,0.061866667
1537011000,0.061866667
1537011300,0.061866667
1537011600,0.061866667
1537011900,0.061866667
1537012200,0.061866667
1537012500,0.061866667
1537012800,0.061866667
1537013100,0.061866667
1537013400,0.061866667
1537013700,0.061866667
1537014000,0.061866667
1537014300,0.061866667
1537014600,0.061866667
1537014900,0.061866667
1537015200,0.061866667
1537015500,0.061866667
1537015800,0.061866667
1537016100,0.061866667
1537016400,0.061866667
1537016700,0.061866667
1537017000,0.061866667
1537017300,0.061866667
1537017600,0.061866667
1537017900,0.061866667
1537018200,0.061866667
1537018500,0.061866667
1537018800,0.061866667
1537019100,0.061866667
1537019400,0.061866667
1537019700,0.061866667
1537020000,0.061866667
1537020300,0.061866667
1537020600,0.061866667
1537020900,0.061866667
1537021200,0.061866667
1537021500,0.061866667
1537021800,0.061866667
1537022100,0.061866667
1537022400,0.061866667
1537022700,0.061866667
1537023000,0.061866667
1537023300,0.061866667
1537023600,0.061866667
1537023900,0.061866667
1537024200,0.061866667
1537024500,0.061866667
1537024800,0.061866667
1537025100,0.061866667
1537025400,0.061866667
1537025700,0.061866667
1537026000,0.061866667
1537026300,0.061866667
1537026600,0.061866667
1537026900,0.061866667
1537027200,0.061866667
1537027500,0.061866667
1537027800,0.061866667
1537028100,0.061866667
1537028400,0.061866667
1537028700,0.061866667
1537029000,0.061866667
1537029300,0.061866667
1537029600,0.061866667
1537029900,0.061866667
1537030200,0.061866667
1537030500,0.061866667
1537030800,0.061866667
1537031100,0.061866667
1537031400,0.061866667
1537031700,0.061866667
1537032000,0.061866667
1537032300,0.061866667
1537032600,0.061866667
1537032900,0.061866667
1537033200,0.061866667
1537033500,0.061866667
1537033800,0.061866667
1537034100,0.061866667
1537034400,0.061866667
1537034700,0.061866667
1537035000,0.061866667
1537035300,0.061866667
1537035600,0.061866667
1537035900,0.061866667
1537036200,0.061866667
1537036500,0.061866667
1537036800,0.061866667
1537037100,0.061866667
1537037400,0.061866667
1537037700,0.061866667
1537038000,0.061866667
1537038300,0.061866667
1537038600,0.061866667
1537038900,0.061866667
1537039200,0.061866667
1537039500,0.061866667
1537039800,0.061866667
1537040100,0.061866667
1537040400,0.061866667
1537040700,0.061866667
1537041000,0.061866667
1537041300,0.061866667
1537041600,0.061866667
1537041900,0.061866667
1537042200,0.061866667
1537042500,0.061866667
1537042800,0.061866667
1537043100,0.061866667
1537043400,0.061866667
1537043700,0.061866667
1537044000,0.061866667
1537044300,0.061866667
1537044600,0.061866667
1537044900,0.061866667
1537045200,0.061866667
1537045500,0.061866667
1537045800,0.061866667
1537046100,0.061866667
1537046400,0.061866667
1537046700,0.061866667
1537047000,0.061866667
1537047300,0.061866667
1537047600,0.061866667
1537047900,0.061866667
1537048200,0.061866667
1537048500,0.061866667
1537048800,0.061866667
1537049100,0.061866667
1537049400,0.061866667
1537049700,0.061866667
1537050000,0.061866667
1537050300,0.061866667
1537050600,0.061866667
1537050900,0.061866667
1537051200,0.061866667
1537051500,0.061866667
1537051800,0.061866667
1537052100,0.061866667
1537052400,0.061866667
1537052700,0.061866667
1537053000,0.061866667
1537053300,0.061866667
1537053600,0.061866667
1537053900,0.061866667
1537054200,0.061866667
1537054500,0.061866667
1537054800,0.061866667
1537055100,0.061866667
1537055400,0.061866667
1537055700,0.061866667
1537056000,0.0832
1537056300,0.0832
1537056600,0.0832
1537056900,0.0832
1537057200,0.0832
1537057500,0.0832
1537057800,0.0832
1537058100,0.0832
1537058400,0.0832
1537058700,0.0832
1537059000,0.0832
1537059300,0.0832
1537059600,0.0832
1537059900,0.0832
1537060200,0.0832
1537060500,0.0832
1537060800,0.0832
1537061100,0.0832
1537061400,0.0832
1537061700,0.0832
1537062000,0.0832
1537062300,0.0832
1537062600,0.0832
1537062900,0.0832
1537063200,0.0832
1537063500,0.0832
1537063800,0.0832
1537064100,0.0832
1537064400,0.0832
1537064700,0.0832
1537065000,0.0832
1537065300,0.0832
1537065600,0.0832
1537065900,0.0832
1537066200,0.0832
1537066500,0.0832
1537066800,0.0832
1537067100,0.0832
1537067400,0.0832
1537067700,0.0832
1537068000,0.0832
1537068300,0.0832
1537068600,0.0832
1537068900,0.0832
1537069200,0.0832
1537069500,0.0832
1537069800,0.0832
1537070100,0.0832
1537070400,0.0832
1537070700,0.0832
1537071000,0.0832
1537071300,0.0832
1537071600,0.0832
1537071900,0.0832
1537072200,0.0832
1537072500,0.0832
1537072800,0.0832
1537073100,0.0832
1537073400,0.0832
1537073700,0.0832
1537074000,0.0832
1537074300,0.0832
1537074600,0.0832
1537074900,0.0832
1537075200,0.0832
1537075500,0.0832
1537075800,0.0832
1537076100,0.0832
1537076400,0.0832
1537076700,0.0832
1537077000,0.0832
1537077300,0.0832
1537077600,0.0832
1537077900,0.0832
1537078200,0.0832
1537078500,0.0832
1537078800,0.0832
1537079100,0.0832
1537079400,0.0832
1537079700,0.0832
1537080000,0.0832
1537080300,0.0832
1537080600,0.0832
1537080900,0.0832
1537081200,0.0832
1537081500,0.0832
1537081800,0.0832
1537082100,0.0832
1537082400,0.0832
1537082700,0.0832
1537083000,0.0832
1537083300,0.0832
1537083600,0.0832
1537083900,0.0832
1537084200,0.0832
1537084500,0.0832
1537084800,0.0832
1537085100,0.0832
1537085400,0.0832
1537085700,0.0832
1537086000,0.0832
1537086300,0.0832
1537086600,0.0832
1537086900,0.0832
1537087200,0.0832
1537087500,0.0832
1537087800,0.0832
1537088100,0.0832
1537088400,0.0832
1537088700,0.0832
1537089000,0.0832
1537089300,0.0832
1537089600,0.0832
1537089900,0.0832
1537090200,0.0832
1537090500,0.0832
1537090800,0.0832
1537091100,0.0832
1537091400,0.0832
1537091700,0.0832
1537092000,0.0832
1537092300,0.0832
1537092600,0.0832
1537092900,0.0832
1537093200,0.0832
1537093500,0.0832
1537093800,0.0832
1537094100,0.0832
1537094400,0.0832
1537094700,0.0832
1537095000,0.0832
1537095300,0.0832
1537095600,0.0832
1537095900,0.0832
1537096200,0.0832
1537096500,0.0832
1537096800,0.0832
1537097100,0.0832
1537097400,0.0832
1537097700,0.0832
1537098000,0.0832
1537098300,0.0832
1537098600,0.0832
1537098900,0.0832
1537099200,0.0832
1537099500,0.0832
1537099800,0.0832
1537100100,0.0832
1537100400,0.0832
1537100700,0.0832
1537101000,0.0832
1537101300,0.0832
1537101600,0.0832
1537101900,0.0832
1537102200,0.0832
1537102500,0.0832
1537102800,0.0832
1537103100,0.0832
1537103400,0.0832
1537103700,0.0832
1537104000,0.0832
1537104300,0.0832
1537104600,0.0832
1537104900,0.0832
1537105200,0.0832
1537105500,0.0832
1537105800,0.0832
1537106100,0.0832
1537106400,0.0832
1537106700,0.0832
1537107000,0.0832
1537107300,0.0832
1537107600,0.0832
1537107900,0.0832
1537108200,0.0832
1537108500,0.0832
1537108800,0.0832
1537109100,0.0832
1537109400,0.0832
1537109700,0.0832
1537110000,0.0832
1537110300,0.0832
1537110600,0.0832
1537110900,0.0832
1537111200,0.0832
1537111500,0.0832
1537111800,0.0832
1537112100,0.0832
1537112400,0.0832
1537112700,0.0832
1537113000,0.0832
1537113300,0.0832
1537113600,0.0832
1537113900,0.0832
1537114200,0.0832
1537114500,0.0832
1537114800,0.0832
1537115100,0.0832
1537115400,0.0832
1537115700,0.0832
1537116000,0.0832
1537116300,0.0832
1537116600,0.0832
1537116900,0.0832
1537117200,0.0832
1537117500,0.0832
1537117800,0.0832
1537118100,0.0832
1537118400,0.0832
1537118700,0.0832
1537119000,0.0832
1537119300,0.0832
1537119600,0.0832
1537119900,0.0832
1537120200,0.0832
1537120500,0.0832
1537120800,0.0832
1537121100,0.0832
1537121400,0.0832
1537121700,0.0832
1537122000,0.0832
1537122300,0.0832
1537122600,0.0832
1537122900,0.0832
1537123200,0.0832
1537123500,0.0832
1537123800,0.0832
1537124100,0.0832
1537124400,0.0832
1537124700,0.0832
1537125000,0.0832
1537125300,0.0832
1537125600,0.0832
1537125900,0.0832
1537126200,0.0832
1537126500,0.0832
1537126800,0.0832
1537127100,0.0832
1537127400,0.0832
1537127700,0.0832
1537128000,0.0832
1537128300,0.0832
1537128600,0.0832
1537128900,0.0832
1537129200,0.0832
1537129500,0.0832
1537129800,0.0832
1537130100,0.0832
1537130400,0.0832
1537130700,0.0832
1537131000,0.0832
1537131300,0.0832
1537131600,0.0832
1537131900,0.0832
1537132200,0.0832
1537132500,0.0832
1537132800,0.0832
1537133100,0.0832
1537133400,0.0832
1537133700,0.0832
1537134000,0.0832
1537134300,0.0832
1537134600,0.0832
1537134900,0.0832
1537135200,0.0832
1537135500,0.0832
1537135800,0.0832
1537136100,0.0832
1537136400,0.0832
1537136700,0.0832
1537137000,0.0832
1537137300,0.0832
1537137600,0.0832
1537137900,0.0832
1537138200,0.0832
1537138500,0.0832
1537138800,0.0832
1537139100,0.0832
1537139400,0.0832
1537139700,0.0832
1537140000,0.0832
1537140300,0.0832
1537140600,0.0832
1537140900,0.0832
1537141200,0.0832
1537141500,0.0832
1537141800,0.0832
1537142100,0.0832
1537142400,0.112
1537142700,0.112
1537143000,0.112
1537143300,0.112
1537143600,0.112
1537143900,0.112
1537144200,0.112
1537144500,0.112
1537144800,0.112
1537145100,0.112
1537145400,0.112
1537145700,0.112
1537146000,0.112
1537146300,0.112
1537146600,0.112
1537146900,0.112
1537147200,0.112
1537147500,0.112
1537147800,0.112
1537148100,0.112
1537148400,0.112
1537148700,0.112
1537149000,0.112
1537149300,0.112
1537149600,0.112
1537149900,0.112
1537150200,0.112
1537150500,0.112
1537150800,0.112
1537151100,0.112
1537151400,0.112
1537151700,0.112
1537152000,0.112
1537152300,0.112
1537152600,0.112
1537152900,0.112
1537153200,0.112
1537153500,0.112
1537153800,0.112
1537154100,0.112
1537154400,0.112
1537154700,0.112
1537155000,0.112
1537155300,0.112
1537155600,0.112
1537155900,0.112
1537156200,0.112
1537156500,0.112
1537156800,0.112
1537157100,0.112
1537157400,0.112
1537157700,0.112
1537158000,0.112
1537158300,0.112
1537158600,0.112
1537158900,0.112
1537159200,0.112
1537159500,0.112
1537159800,0.112
1537160100,0.112
1537160400,0.112
1537160700,0.112
1537161000,0.112
1537161300,0.112
1537161600,0.112
1537161900,0.112
1537162200,0.112
1537162500,0.112
1537162800,0.112
1537163100,0.112
1537163400,0.112
1537163700,0.112
1537164000,0.112
1537164300,0.112
1537164600,0.112
1537164900,0.112
1537165200,0.112
1537165500,0.112
1537165800,0.112
1537166100,0.112
1537166400,0.112
1537166700,0.112
1537167000,0.112
1537167300,0.112
1537167600,0.112
1537167900,0.112
1537168200,0.112
1537168500,0.112
1537168800,0.112
1537169100,0.112
1537169400,0.112
1537169700,0.112
1537170000,0.112
1537170300,0.112
1537170600,0.112
1537170900,0.112
1537171200,0.112
1537171500,0.112
1537171800,0.112
1537172100,0.112
1537172400,0.112
1537172700,0.112
1537173000,0.112
1537173300,0.112
1537173600,0.112
1537173900,0.112
1537174200,0.112
1537174500,0.112
1537174800,0.112
1537175100,0.112
1537175400,0.112
1537175700,0.112
1537176000,0.112
1537176300,0.112
1537176600,0.112
1537176900,0.112
1537177200,0.112
1537177500,0.112
1537177800,0.112
1537178100,0.112
1537178400,0.112
1537178700,0.112
1537179000,0.112
1537179300,0.112
1537179600,0.112
1537179900,0.112
1537180200,0.112
1537180500,0.112
1537180800,0.112
1537181100,0.112
1537181400,0.112
1537181700,0.112
1537182000,0.112
1537182300,0.112
1537182600,0.112
1537182900,0.112
1537183200,0.112
1537183500,0.112
1537183800,0.112
1537184100,0.112
1537184400,0.112
1537184700,0.112
1537185000,0.112
1537185300,0.112
1537185600,0.112
1537185900,0.112
1537186200,0.112
1537186500,0.112
1537186800,0.112
1537187100,0.112
1537187400,0.112
1537187700,0.112
1537188000,0.112
1537188300,0.112
1537188600,0.112
1537188900,0.112
1537189200,0.112
1537189500,0.112
1537189800,0.112
1537190100,0.112
1537190400,0.112
1537190700,0.112
1537191000,0.112
1537191300,0.112
1537191600,0.112
1537191900,0.112
1537192200,0.112
1537192500,0.112
1537192800,0.112
1537193100,0.112
1537193400,0.112
1537193700,0.112
1537194000,0.112
1537194300,0.112
1537194600,0.112
1537194900,0.112
1537195200,0.112
1537195500,0.112
1537195800,0.112
1537196100,0.112
1537196400,0.112
1537196700,0.112
1537197000,0.112
1537197300,0.112
1537197600,0.112
1537197900,0.112
1537198200,0.112
1537198500,0.112
1537198800,0.112
1537199100,0.112
1537199400,0.112
1537199700,0.112
1537200000,0.112
1537200300,0.112
1537200600,0.112
1537200900,0.112
1537201200,0.112
1537201500,0.112
1537201800,0.112
1537202100,0.112
1537202400,0.112
1537202700,0.112
1537203000,0.112
1537203300,0.112
1537203600,0.112
1537203900,0.112
1537204200,0.112
1537204500,0.112
1537204800,0.112
1537205100,0.112
1537205400,0.112
1537205700,0.112
1537206000,0.112
1537206300,0.112
1537206600,0.112
1537206900,0.112
1537207200,0.112
1537207500,0.112
1537207800,0.112
1537208100,0.112
1537208400,0.112
1537208700,0.112
1537209000,0.112
1537209300,0.112
1537209600,0.112
1537209900,0.112
1537210200,0.112
1537210500,0.112
1537210800,0.112
1537211100,0.112
1537211400,0.112
1537211700,0.112
1537212000,0.112
1537212300,0.112
1537212600,0.112
1537212900,0.112
1537213200,0.112
1537213500,0.112
1537213800,0.112
1537214100,0.112
1537214400,0.112
1537214700,0.112
1537215000,0.112
1537215300,0.112
1537215600,0.112
1537215900,0.112
1537216200,0.112
1537216500,0.112
1537216800,0.112
1537217100,0.112
1537217400,0.112
1537217700,0.112
1537218000,0.112
1537218300,0.112
1537218600,0.112
1537218900,0.112
1537219200,0.112
1537219500,0.112
1537219800,0.112
1537220100,0.112
1537220400,0.112
1537220700,0.112
1537221000,0.112
1537221300,0.112
1537221600,0.112
1537221900,0.112
1537222200,0.112
1537222500,0.112
1537222800,0.112
1537223100,0.112
1537223400,0.112
1537223700,0.112
1537224000,0.112
1537224300,0.112
1537224600,0.112
1537224900,0.112
1537225200,0.112
1537225500,0.112
1537225800,0.112
1537226100,0.112
1537226400,0.112
1537226700,0.112
1537227000,0.112
1537227300,0.112
1537227600,0.112
1537227900,0.112
1537228200,0.112
1537228500,0.112
1537228800,0.1088
1537229100,0.1088
1537229400,0.1088
1537229700,0.1088
1537230000,0.1088
1537230300,0.1088
1537230600,0.1088
1537230900,0.1088
1537231200,0.1088
1537231500,0.1088
1537231800,0.1088
1537232100,0.1088
1537232400,0.1088
1537232700,0.1088
1537233000,0.1088
1537233300,0.1088
1537233600,0.1088
1537233900,0.1088
1537234200,0.1088
1537234500,0.1088
1537234800,0.1088
1537235100,0.1088
1537235400,0.1088
1537235700,0.1088
1537236000,0.1088
1537236300,0.1088
1537236600,0.1088
1537236900,0.1088
1537237200,0.1088
1537237500,0.1088
1537237800,0.1088
1537238100,0.1088
1537238400,0.1088
1537238700,0.1088
1537239000,0.1088
1537239300,0.1088
1537239600,0.1088
1537239900,0.1088
1537240200,0.1088
1537240500,0.1088
1537240800,0.1088
1537241100,0.1088
1537241400,0.1088
1537241700,0.1088
1537242000,0.1088
1537242300,0.1088
1537242600,0.1088
1537242900,0.1088
1537243200,0.1088
1537243500,0.1088
1537243800,0.1088
1537244100,0.1088
1537244400,0.1088
1537244700,0.1088
1537245000,0.1088
1537245300,0.1088
1537245600,0.1088
1537245900,0.1088
1537246200,0.1088
1537246500,0.1088
1537246800,0.1088
1537247100,0.1088
1537247400,0.1088
1537247700,0.1088
1537248000,0.1088
1537248300,0.1088
1537248600,0.1088
1537248900,0.1088
1537249200,0.1088
1537249500,0.1088
1537249800,0.1088
1537250100,0.1088
1537250400,0.1088
1537250700,0.1088
1537251000,0.1088
1537251300,0.1088
1537251600,0.1088
1537251900,0.1088
1537252200,0.1088
1537252500,0.1088
1537252800,0.1088
1537253100,0.1088
1537253400,0.1088
1537253700,0.1088
1537254000,0.1088
1537254300,0.1088
1537254600,0.1088
1537254900,0.1088
1537255200,0.1088
1537255500,0.1088
1537255800,0.1088
1537256100,0.1088
1537256400,0.1088
1537256700,0.1088
1537257000,0.1088
1537257300,0.1088
1537257600,0.1088
1537257900,0.1088
1537258200,0.1088
1537258500,0.1088
1537258800,0.1088
1537259100,0.1088
1537259400,0.1088
1537259700,0.1088
1537260000,0.1088
1537260300,0.1088
1537260600,0.1088
1537260900,0.1088
1537261200,0.1088
1537261500,0.1088
1537261800,0.1088
1537262100,0.1088
1537262400,0.1088
1537262700,0.1088
1537263000,0.1088
1537263300,0.1088
1537263600,0.1088
1537263900,0.1088
1537264200,0.1088
1537264500,0.1088
1537264800,0.1088
1537265100,0.1088
1537265400,0.1088
1537265700,0.1088
1537266000,0.1088
1537266300,0.1088
1537266600,0.1088
1537266900,0.1088
1537267200,0.1088
1537267500,0.1088
1537267800,0.1088
1537268100,0.1088
1537268400,0.1088
1537268700,0.1088
1537269000,0.1088
1537269300,0.1088
1537269600,0.1088
1537269900,0.1088
1537270200,0.1088
1537270500,0.1088
1537270800,0.1088
1537271100,0.1088
1537271400,0.1088
1537271700,0.1088
1537272000,0.1088
1537272300,0.1088
1537272600,0.1088
1537272900,0.1088
1537273200,0.1088
1537273500,0.1088
1537273800,0.1088
1537274100,0.1088
1537274400,0.1088
1537274700,0.1088
1537275000,0.1088
1537275300,0.1088
1537275600,0.1088
1537275900,0.1088
1537276200,0.1088
1537276500,0.1088
1537276800,0.1088
1537277100,0.1088
1537277400,0.1088
1537277700,0.1088
1537278000,0.1088
1537278300,0.1088
1537278600,0.1088
1537278900,0.1088
1537279200,0.1088
1537279500,0.1088
1537279800,0.1088
1537280100,0.1088
1537280400,0.1088
1537280700,0.1088
1537281000,0.1088
1537281300,0.1088
1537281600,0.1088
1537281900,0.1088
1537282200,0.1088
1537282500,0.1088
1537282800,0.1088
1537283100,0.1088
1537283400,0.1088
1537283700,0.1088
1537284000,0.1088
1537284300,0.1088
1537284600,0.1088
1537284900,0.1088
1537285200,0.1088
1537285500,0.1088
1537285800,0.1088
1537286100,0.1088
1537286400,0.1088
1537286700,0.1088
1537287000,0.1088
1537287300,0.1088
1537287600,0.1088
1537287900,0.1088
1537288200,0.1088
1537288500,0.1088
1537288800,0.1088
1537289100,0.1088
1537289400,0.1088
1537289700,0.1088
1537290000,0.1088
1537290300,0.1088
1537290600,0.1088
1537290900,0.1088
1537291200,0.1088
1537291500,0.1088
1537291800,0.1088
1537292100,0.1088
1537292400,0.1088
1537292700,0.1088
1537293000,0.1088
1537293300,0.1088
1537293600,0.1088
1537293900,0.1088
1537294200,0.1088
1537294500,0.1088
1537294800,0.1088
1537295100,0.1088
1537295400,0.1088
1537295700,0.1088
1537296000,0.1088
1537296300,0.1088
1537296600,0.1088
1537296900,0.1088
1537297200,0.1088
1537297500,0.1088
1537297800,0.1088
1537298100,0.1088
1537298400,0.1088
1537298700,0.1088
1537299000,0.1088
1537299300,0.1088
1537299600,0.1088
1537299900,0.1088
1537300200,0.1088
1537300500,0.1088
1537300800,0.1088
1537301100,0.1088
1537301400,0.1088
1537301700,0.1088
1537302000,0.1088
1537302300,0.1088
1537302600,0.1088
1537302900,0.1088
1537303200,0.1088
1537303500,0.1088
1537303800,0.1088
1537304100,0.1088
1537304400,0.1088
1537304700,0.1088
1537305000,0.1088
1537305300,0.1088
1537305600,0.1088
1537305900,0.1088
1537306200,0.1088
1537306500,0.1088
1537306800,0.1088
1537307100,0.1088
1537307400,0.1088
1537307700,0.1088
1537308000,0.1088
1537308300,0.1088
1537308600,0.1088
1537308900,0.1088
1537309200,0.1088
1537309500,0.1088
1537309800,0.1088
1537310100,0.1088
1537310400,0.1088
1537310700,0.1088
1537311000,0.1088
1537311300,0.1088
1537311600,0.1088
1537311900,0.1088
1537312200,0.1088
1537312500,0.1088
1537312800,0.1088
1537313100,0.1088
1537313400,0.1088
1537313700,0.1088
1537314000,0.1088
1537314300,0.1088
1537314600,0.1088
1537314900,0.1088
1537315200,0.120533333
1537315500,0.120533333
1537315800,0.120533333
1537316100,0.120533333
1537316400,0.120533333
1537316700,0.120533333
1537317000,0.120533333
1537317300,0.120533333
1537317600,0.120533333
1537317900,0.120533333
1537318200,0.120533333
1537318500,0.120533333
1537318800,0.120533333
1537319100,0.120533333
1537319400,0.120533333
1537319700,0.120533333
1537320000,0.120533333
1537320300,0.120533333
1537320600,0.120533333
1537320900,0.120533333
1537321200,0.120533333
1537321500,0.120533333
1537321800,0.120533333
1537322100,0.120533333
1537322400,0.120533333
1537322700,0.120533333
1537323000,0.120533333
1537323300,0.120533333
1537323600,0.120533333
1537323900,0.120533333
1537324200,0.120533333
1537324500,0.120533333
1537324800,0.120533333
1537325100,0.120533333
1537325400,0.120533333
1537325700,0.120533333
1537326000,0.120533333
1537326300,0.120533333
1537326600,0.120533333
1537326900,0.120533333
1537327200,0.120533333
1537327500,0.120533333
1537327800,0.120533333
1537328100,0.120533333
1537328400,0.120533333
1537328700,0.120533333
1537329000,0.120533333
1537329300,0.120533333
1537329600,0.120533333
1537329900,0.120533333
1537330200,0.120533333
1537330500,0.120533333
1537330800,0.120533333
1537331100,0.120533333
1537331400,0.120533333
1537331700,0.120533333
1537332000,0.120533333
1537332300,0.120533333
1537332600,0.120533333
1537332900,0.120533333
1537333200,0.120533333
1537333500,0.120533333
1537333800,0.120533333
1537334100,0.120533333
1537334400,0.120533333
1537334700,0.120533333
1537335000,0.120533333
1537335300,0.120533333
1537335600,0.120533333
1537335900,0.120533333
1537336200,0.120533333
1537336500,0.120533333
1537336800,0.120533333
1537337100,0.120533333
1537337400,0.120533333
1537337700,0.120533333
1537338000,0.120533333
1537338300,0.120533333
1537338600,0.120533333
1537338900,0.120533333
1537339200,0.120533333
1537339500,0.120533333
1537339800,0.120533333
1537340100,0.120533333
1537340400,0.120533333
1537340700,0.120533333
1537341000,0.120533333
1537341300,0.120533333
1537341600,0.120533333
1537341900,0.120533333
1537342200,0.120533333
1537342500,0.120533333
1537342800,0.120533333
1537343100,0.120533333
1537343400,0.120533333
1537343700,0.120533333
1537344000,0.120533333
1537344300,0.120533333
1537344600,0.120533333
1537344900,0.120533333
1537345200,0.120533333
1537345500,0.120533333
1537345800,0.120533333
1537346100,0.120533333
1537346400,0.120533333
1537346700,0.120533333
1537347000,0.120533333
1537347300,0.120533333
1537347600,0.120533333
1537347900,0.120533333
1537348200,0.120533333
1537348500,0.120533333
1537348800,0.120533333
1537349100,0.120533333
1537349400,0.120533333
1537349700,0.120533333
1537350000,0.120533333
1537350300,0.120533333
1537350600,0.120533333
1537350900,0.120533333
1537351200,0.120533333
1537351500,0.120533333
1537351800,0.120533333
1537352100,0.120533333
1537352400,0.120533333
1537352700,0.120533333
1537353000,0.120533333
1537353300,0.120533333
1537353600,0.120533333
1537353900,0.120533333
1537354200,0.120533333
1537354500,0.120533333
1537354800,0.120533333
1537355100,0.120533333
1537355400,0.120533333
1537355700,0.120533333
1537356000,0.120533333
1537356300,0.120533333
1537356600,0.120533333
1537356900,0.120533333
1537357200,0.120533333
1537357500,0.120533333
1537357800,0.120533333
1537358100,0.120533333
1537358400,0.120533333
1537358700,0.120533333
1537359000,0.120533333
1537359300,0.120533333
1537359600,0.120533333
1537359900,0.120533333
1537360200,0.120533333
1537360500,0.120533333
1537360800,0.120533333
1537361100,0.120533333
1537361400,0.120533333
1537361700,0.120533333
1537362000,0.120533333
1537362300,0.120533333
1537362600,0.120533333
1537362900,0.120533333
1537363200,0.120533333
1537363500,0.120533333
1537363800,0.120533333
1537364100,0.120533333
1537364400,0.120533333
1537364700,0.120533333
1537365000,0.120533333
1537365300,0.120533333
1537365600,0.120533333
1537365900,0.120533333
1537366200,0.120533333
1537366500,0.120533333
1537366800,0.120533333
1537367100,0.120533333
1537367400,0.120533333
1537367700,0.120533333
1537368000,0.120533333
1537368300,0.120533333
1537368600,0.120533333
1537368900,0.120533333
1537369200,0.120533333
1537369500,0.120533333
1537369800,0.120533333
1537370100,0.120533333
1537370400,0.120533333
1537370700,0.120533333
1537371000,0.120533333
1537371300,0.120533333
1537371600,0.120533333
1537371900,0.120533333
1537372200,0.120533333
1537372500,0.120533333
1537372800,0.120533333
1537373100,0.120533333
1537373400,0.120533333
1537373700,0.120533333
1537374000,0.120533333
1537374300,0.120533333
1537374600,0.120533333
1537374900,0.120533333
1537375200,0.120533333
1537375500,0.120533333
1537375800,0.120533333
1537376100,0.120533333
1537376400,0.120533333
1537376700,0.120533333
1537377000,0.120533333
1537377300,0.120533333
1537377600,0.120533333
1537377900,0.120533333
1537378200,0.120533333
1537378500,0.120533333
1537378800,0.120533333
1537379100,0.120533333
1537379400,0.120533333
1537379700,0.120533333
1537380000,0.120533333
1537380300,0.120533333
1537380600,0.120533333
1537380900,0.120533333
1537381200,0.120533333
1537381500,0.120533333
1537381800,0.120533333
1537382100,0.120533333
1537382400,0.120533333
1537382700,0.120533333
1537383000,0.120533333
1537383300,0.120533333
1537383600,0.120533333
1537383900,0.120533333
1537384200,0.120533333
1537384500,0.120533333
1537384800,0.120533333
1537385100,0.120533333
1537385400,0.120533333
1537385700,0.120533333
1537386000,0.120533333
1537386300,0.120533333
1537386600,0.120533333
1537386900,0.120533333
1537387200,0.120533333
1537387500,0.120533333
1537387800,0.120533333
1537388100,0.120533333
1537388400,0.120533333
1537388700,0.120533333
1537389000,0.120533333
1537389300,0.120533333
1537389600,0.120533333
1537389900,0.120533333
1537390200,0.120533333
1537390500,0.120533333
1537390800,0.120533333
1537391100,0.120533333
1537391400,0.120533333
1537391700,0.120533333
1537392000,0.120533333
1537392300,0.120533333
1537392600,0.120533333
1537392900,0.120533333
1537393200,0.120533333
1537393500,0.120533333
1537393800,0.120533333
1537394100,0.120533333
1537394400,0.120533333
1537394700,0.120533333
1537395000,0.120533333
1537395300,0.120533333
1537395600,0.120533333
1537395900,0.120533333
1537396200,0.120533333
1537396500,0.120533333
1537396800,0.120533333
1537397100,0.120533333
1537397400,0.120533333
1537397700,0.120533333
1537398000,0.120533333
1537398300,0.120533333
1537398600,0.120533333
1537398900,0.120533333
1537399200,0.120533333
1537399500,0.120533333
1537399800,0.120533333
1537400100,0.120533333
1537400400,0.120533333
1537400700,0.120533333
1537401000,0.120533333
1537401300,0.120533333
1537401600,0.113066667
1537401900,0.113066667
1537402200,0.113066667
1537402500,0.113066667
1537402800,0.113066667
1537403100,0.113066667
1537403400,0.113066667
1537403700,0.113066667
1537404000,0.113066667
1537404300,0.113066667
1537404600,0.113066667
1537404900,0.113066667
1537405200,0.113066667
1537405500,0.113066667
1537405800,0.113066667
1537406100,0.113066667
1537406400,0.113066667
1537406700,0.113066667
1537407000,0.113066667
1537407300,0.113066667
1537407600,0.113066667
1537407900,0.113066667
1537408200,0.113066667
1537408500,0.113066667
1537408800,0.113066667
1537409100,0.113066667
1537409400,0.113066667
1537409700,0.113066667
1537410000,0.113066667
1537410300,0.113066667
1537410600,0.113066667
1537410900,0.113066667
1537411200,0.113066667
1537411500,0.113066667
1537411800,0.113066667
1537412100,0.113066667
1537412400,0.113066667
1537412700,0.113066667
1537413000,0.113066667
1537413300,0.113066667
1537413600,0.113066667
1537413900,0.113066667
1537414200,0.113066667
1537414500,0.113066667
1537414800,0.113066667
1537415100,0.113066667
1537415400,0.113066667
1537415700,0.113066667
1537416000,0.113066667
1537416300,0.113066667
1537416600,0.113066667
1537416900,0.113066667
1537417200,0.113066667
1537417500,0.113066667
1537417800,0.113066667
1537418100,0.113066667
1537418400,0.113066667
1537418700,0.113066667
1537419000,0.113066667
1537419300,0.113066667
1537419600,0.113066667
1537419900,0.113066667
1537420200,0.113066667
1537420500,0.113066667
1537420800,0.113066667
1537421100,0.113066667
1537421400,0.113066667
1537421700,0.113066667
1537422000,0.113066667
1537422300,0.113066667
1537422600,0.113066667
1537422900,0.113066667
1537423200,0.113066667
1537423500,0.113066667
1537423800,0.113066667
1537424100,0.113066667
1537424400,0.113066667
1537424700,0.113066667
1537425000,0.113066667
1537425300,0.113066667
1537425600,0.113066667
1537425900,0.113066667
1537426200,0.113066667
1537426500,0.113066667
1537426800,0.113066667
1537427100,0.113066667
1537427400,0.113066667
1537427700,0.113066667
1537428000,0.113066667
1537428300,0.113066667
1537428600,0.113066667
1537428900,0.113066667
1537429200,0.113066667
1537429500,0.113066667
1537429800,0.113066667
1537430100,0.113066667
1537430400,0.113066667
1537430700,0.113066667
1537431000,0.113066667
1537431300,0.113066667
1537431600,0.113066667
1537431900,0.113066667
1537432200,0.113066667
1537432500,0.113066667
1537432800,0.113066667
1537433100,0.113066667
1537433400,0.113066667
1537433700,0.113066667
1537434000,0.113066667
1537434300,0.113066667
1537434600,0.113066667
1537434900,0.113066667
1537435200,0.113066667
1537435500,0.113066667
1537435800,0.113066667
1537436100,0.113066667
1537436400,0.113066667
1537436700,0.113066667
1537437000,0.113066667
1537437300,0.113066667
1537437600,0.113066667
1537437900,0.113066667
1537438200,0.113066667
1537438500,0.113066667
1537438800,0.113066667
1537439100,0.113066667
1537439400,0.113066667
1537439700,0.113066667
1537440000,0.113066667
1537440300,0.113066667
1537440600,0.113066667
1537440900,0.113066667
1537441200,0.113066667
1537441500,0.113066667
1537441800,0.113066667
1537442100,0.113066667
1537442400,0.113066667
1537442700,0.113066667
1537443000,0.113066667
1537443300,0.113066667
1537443600,0.113066667
1537443900,0.113066667
1537444200,0.113066667
1537444500,0.113066667
1537444800,0.113066667
1537445100,0.113066667
1537445400,0.113066667
1537445700,0.113066667
1537446000,0.113066667
1537446300,0.113066667
1537446600,0.113066667
1537446900,0.113066667
1537447200,0.113066667
1537447500,0.113066667
1537447800,0.113066667
1537448100,0.113066667
1537448400,0.113066667
1537448700,0.113066667
1537449000,0.113066667
1537449300,0.113066667
1537449600,0.113066667
1537449900,0.113066667
1537450200,0.113066667
1537450500,0.113066667
1537450800,0.113066667
1537451100,0.113066667
1537451400,0.113066667
1537451700,0.113066667
1537452000,0.113066667
1537452300,0.113066667
1537452600,0.113066667
1537452900,0.113066667
1537453200,0.113066667
1537453500,0.113066667
1537453800,0.113066667
1537454100,0.113066667
1537454400,0.113066667
1537454700,0.113066667
1537455000,0.113066667
1537455300,0.113066667
1537455600,0.113066667
1537455900,0.113066667
1537456200,0.113066667
1537456500,0.113066667
1537456800,0.113066667
1537457100,0.113066667
1537457400,0.113066667
1537457700,0.113066667
1537458000,0.113066667
1537458300,0.113066667
1537458600,0.113066667
1537458900,0.113066667
1537459200,0.113066667
1537459500,0.113066667
1537459800,0.113066667
1537460100,0.113066667
1537460400,0.113066667
1537460700,0.113066667
1537461000,0.113066667
1537461300,0.113066667
1537461600,0.113066667
1537461900,0.113066667
1537462200,0.113066667
1537462500,0.113066667
1537462800,0.113066667
1537463100,0.113066667
1537463400,0.113066667
1537463700,0.113066667
1537464000,0.113066667
1537464300,0.113066667
1537464600,0.113066667
1537464900,0.113066667
1537465200,0.113066667
1537465500,0.113066667
1537465800,0.113066667
1537466100,0.113066667
1537466400,0.113066667
1537466700,0.113066667
1537467000,0.113066667
1537467300,0.113066667
1537467600,0.113066667
1537467900,0.113066667
1537468200,0.113066667
1537468500,0.113066667
1537468800,0.113066667
1537469100,0.113066667
1537469400,0.113066667
1537469700,0.113066667
1537470000,0.113066667
1537470300,0.113066667
1537470600,0.113066667
1537470900,0.113066667
1537471200,0.113066667
1537471500,0.113066667
1537471800,0.113066667
1537472100,0.113066667
1537472400,0.113066667
1537472700,0.113066667
1537473000,0.113066667
1537473300,0.113066667
1537473600,0.113066667
1537473900,0.113066667
1537474200,0.113066667
1537474500,0.113066667
1537474800,0.113066667
1537475100,0.113066667
1537475400,0.113066667
1537475700,0.113066667
1537476000,0.113066667
1537476300,0.113066667
1537476600,0.113066667
1537476900,0.113066667
1537477200,0.113066667
1537477500,0.113066667
1537477800,0.113066667
1537478100,0.113066667
1537478400,0.113066667
1537478700,0.113066667
1537479000,0.113066667
1537479300,0.113066667
1537479600,0.113066667
1537479900,0.113066667
1537480200,0.113066667
1537480500,0.113066667
1537480800,0.113066667
1537481100,0.113066667
1537481400,0.113066667
1537481700,0.113066667
1537482000,0.113066667
1537482300,0.113066667
1537482600,0.113066667
1537482900,0.113066667
1537483200,0.113066667
1537483500,0.113066667
1537483800,0.113066667
1537484100,0.113066667
1537484400,0.113066667
1537484700,0.113066667
1537485000,0.113066667
1537485300,0.113066667
1537485600,0.113066667
1537485900,0.113066667
1537486200,0.113066667
1537486500,0.113066667
1537486800,0.113066667
1537487100,0.113066667
1537487400,0.113066667
1537487700,0.113066667
1537488000,0.075733333
1537488300,0.075733333
1537488600,0.075733333
1537488900,0.075733333
1537489200,0.075733333
1537489500,0.075733333
1537489800,0.075733333
1537490100,0.075733333
1537490400,0.075733333
1537490700,0.075733333
1537491000,0.075733333
1537491300,0.075733333
1537491600,0.075733333
1537491900,0.075733333
1537492200,0.075733333
1537492500,0.075733333
1537492800,0.075733333
1537493100,0.075733333
1537493400,0.075733333
1537493700,0.075733333
1537494000,0.075733333
1537494300,0.075733333
1537494600,0.075733333
1537494900,0.075733333
1537495200,0.075733333
1537495500,0.075733333
1537495800,0.075733333
1537496100,0.075733333
1537496400,0.075733333
1537496700,0.075733333
1537497000,0.075733333
1537497300,0.075733333
1537497600,0.075733333
1537497900,0.075733333
1537498200,0.075733333
1537498500,0.075733333
1537498800,0.075733333
1537499100,0.075733333
1537499400,0.075733333
1537499700,0.075733333
1537500000,0.075733333
1537500300,0.075733333
1537500600,0.075733333
1537500900,0.075733333
1537501200,0.075733333
1537501500,0.075733333
1537501800,0.075733333
1537502100,0.075733333
1537502400,0.075733333
1537502700,0.075733333
1537503000,0.075733333
1537503300,0.075733333
1537503600,0.075733333
1537503900,0.075733333
1537504200,0.075733333
1537504500,0.075733333
1537504800,0.075733333
1537505100,0.075733333
1537505400,0.075733333
1537505700,0.075733333
1537506000,0.075733333
1537506300,0.075733333
1537506600,0.075733333
1537506900,0.075733333
1537507200,0.075733333
1537507500,0.075733333
1537507800,0.075733333
1537508100,0.075733333
1537508400,0.075733333
1537508700,0.075733333
1537509000,0.075733333
1537509300,0.075733333
1537509600,0.075733333
1537509900,0.075733333
1537510200,0.075733333
1537510500,0.075733333
1537510800,0.075733333
1537511100,0.075733333
1537511400,0.075733333
1537511700,0.075733333
1537512000,0.075733333
1537512300,0.075733333
1537512600,0.075733333
1537512900,0.075733333
1537513200,0.075733333
1537513500,0.075733333
1537513800,0.075733333
1537514100,0.075733333
1537514400,0.075733333
1537514700,0.075733333
1537515000,0.075733333
1537515300,0.075733333
1537515600,0.075733333
1537515900,0.075733333
1537516200,0.075733333
1537516500,0.075733333
1537516800,0.075733333
1537517100,0.075733333
1537517400,0.075733333
1537517700,0.075733333
1537518000,0.075733333
1537518300,0.075733333
1537518600,0.075733333
1537518900,0.075733333
1537519200,0.075733333
1537519500,0.075733333
1537519800,0.075733333
1537520100,0.075733333
1537520400,0.075733333
1537520700,0.075733333
1537521000,0.075733333
1537521300,0.075733333
1537521600,0.075733333
1537521900,0.075733333
1537522200,0.075733333
1537522500,0.075733333
1537522800,0.075733333
1537523100,0.075733333
1537523400,0.075733333
1537523700,0.075733333
1537524000,0.075733333
1537524300,0.075733333
1537524600,0.075733333
1537524900,0.075733333
1537525200,0.075733333
1537525500,0.075733333
1537525800,0.075733333
1537526100,0.075733333
1537526400,0.075733333
1537526700,0.075733333
1537527000,0.075733333
1537527300,0.075733333
1537527600,0.075733333
1537527900,0.075733333
1537528200,0.075733333
1537528500,0.075733333
1537528800,0.075733333
1537529100,0.075733333
1537529400,0.075733333
1537529700,0.075733333
1537530000,0.075733333
1537530300,0.075733333
1537530600,0.075733333
1537530900,0.075733333
1537531200,0.075733333
1537531500,0.075733333
1537531800,0.075733333
1537532100,0.075733333
1537532400,0.075733333
1537532700,0.075733333
1537533000,0.075733333
1537533300,0.075733333
1537533600,0.075733333
1537533900,0.075733333
1537534200,0.075733333
1537534500,0.075733333
1537534800,0.075733333
1537535100,0.075733333
1537535400,0.075733333
1537535700,0.075733333
1537536000,0.075733333
1537536300,0.075733333
1537536600,0.075733333
1537536900,0.075733333
1537537200,0.075733333
1537537500,0.075733333
1537537800,0.075733333
1537538100,0.075733333
1537538400,0.075733333
1537538700,0.075733333
1537539000,0.075733333
1537539300,0.075733333
1537539600,0.075733333
1537539900,0.075733333
1537540200,0.075733333
1537540500,0.075733333
1537540800,0.075733333
1537541100,0.075733333
1537541400,0.075733333
1537541700,0.075733333
1537542000,0.075733333
1537542300,0.075733333
1537542600,0.075733333
1537542900,0.075733333
1537543200,0.075733333
1537543500,0.075733333
1537543800,0.075733333
1537544100,0.075733333
1537544400,0.075733333
1537544700,0.075733333
1537545000,0.075733333
1537545300,0.075733333
1537545600,0.075733333
1537545900,0.075733333
1537546200,0.075733333
1537546500,0.075733333
1537546800,0.075733333
1537547100,0.075733333
1537547400,0.075733333
1537547700,0.075733333
1537548000,0.075733333
1537548300,0.075733333
1537548600,0.075733333
1537548900,0.075733333
1537549200,0.075733333
1537549500,0.075733333
1537549800,0.075733333
1537550100,0.075733333
1537550400,0.075733333
1537550700,0.075733333
1537551000,0.075733333
1537551300,0.075733333
1537551600,0.075733333
1537551900,0.075733333
1537552200,0.075733333
1537552500,0.075733333
1537552800,0.075733333
1537553100,0.075733333
1537553400,0.075733333
1537553700,0.075733333
1537554000,0.075733333
1537554300,0.075733333
1537554600,0.075733333
1537554900,0.075733333
1537555200,0.075733333
1537555500,0.075733333
1537555800,0.075733333
1537556100,0.075733333
1537556400,0.075733333
1537556700,0.075733333
1537557000,0.075733333
1537557300,0.075733333
1537557600,0.075733333
1537557900,0.075733333
1537558200,0.075733333
1537558500,0.075733333
1537558800,0.075733333
1537559100,0.075733333
1537559400,0.075733333
1537559700,0.075733333
1537560000,0.075733333
1537560300,0.075733333
1537560600,0.075733333
1537560900,0.075733333
1537561200,0.075733333
1537561500,0.075733333
1537561800,0.075733333
1537562100,0.075733333
1537562400,0.075733333
1537562700,0.075733333
1537563000,0.075733333
1537563300,0.075733333
1537563600,0.075733333
1537563900,0.075733333
1537564200,0.075733333
1537564500,0.075733333
1537564800,0.075733333
1537565100,0.075733333
1537565400,0.075733333
1537565700,0.075733333
1537566000,0.075733333
1537566300,0.075733333
1537566600,0.075733333
1537566900,0.075733333
1537567200,0.075733333
1537567500,0.075733333
1537567800,0.075733333
1537568100,0.075733333
1537568400,0.075733333
1537568700,0.075733333
1537569000,0.075733333
1537569300,0.075733333
1537569600,0.075733333
1537569900,0.075733333
1537570200,0.075733333
1537570500,0.075733333
1537570800,0.075733333
1537571100,0.075733333
1537571400,0.075733333
1537571700,0.075733333
1537572000,0.075733333
1537572300,0.075733333
1537572600,0.075733333
1537572900,0.075733333
1537573200,0.075733333
1537573500,0.075733333
1537573800,0.075733333
1537574100,0.075733333
1537574400,0.036266667
1537574700,0.036266667
1537575000,0.036266667
1537575300,0.036266667
1537575600,0.036266667
1537575900,0.036266667
1537576200,0.036266667
1537576500,0.036266667
1537576800,0.036266667
1537577100,0.036266667
1537577400,0.036266667
1537577700,0.036266667
1537578000,0.036266667
1537578300,0.036266667
1537578600,0.036266667
1537578900,0.036266667
1537579200,0.036266667
1537579500,0.036266667
1537579800,0.036266667
1537580100,0.036266667
1537580400,0.036266667
1537580700,0.036266667
1537581000,0.036266667
1537581300,0.036266667
1537581600,0.036266667
1537581900,0.036266667
1537582200,0.036266667
1537582500,0.036266667
1537582800,0.036266667
1537583100,0.036266667
1537583400,0.036266667
1537583700,0.036266667
1537584000,0.036266667
1537584300,0.036266667
1537584600,0.036266667
1537584900,0.036266667
1537585200,0.036266667
1537585500,0.036266667
1537585800,0.036266667
1537586100,0.036266667
1537586400,0.036266667
1537586700,0.036266667
1537587000,0.036266667
1537587300,0.036266667
1537587600,0.036266667
1537587900,0.036266667
1537588200,0.036266667
1537588500,0.036266667
1537588800,0.036266667
1537589100,0.036266667
1537589400,0.036266667
1537589700,0.036266667
1537590000,0.036266667
1537590300,0.036266667
1537590600,0.036266667
1537590900,0.036266667
1537591200,0.036266667
1537591500,0.036266667
1537591800,0.036266667
1537592100,0.036266667
1537592400,0.036266667
1537592700,0.036266667
1537593000,0.036266667
1537593300,0.036266667
1537593600,0.036266667
1537593900,0.036266667
1537594200,0.036266667
1537594500,0.036266667
1537594800,0.036266667
1537595100,0.036266667
1537595400,0.036266667
1537595700,0.036266667
1537596000,0.036266667
1537596300,0.036266667
1537596600,0.036266667
1537596900,0.036266667
1537597200,0.036266667
1537597500,0.036266667
1537597800,0.036266667
1537598100,0.036266667
1537598400,0.036266667
1537598700,0.036266667
1537599000,0.036266667
1537599300,0.036266667
1537599600,0.036266667
1537599900,0.036266667
1537600200,0.036266667
1537600500,0.036266667
1537600800,0.036266667
1537601100,0.036266667
1537601400,0.036266667
1537601700,0.036266667
1537602000,0.036266667
1537602300,0.036266667
1537602600,0.036266667
1537602900,0.036266667
1537603200,0.036266667
1537603500,0.036266667
1537603800,0.036266667
1537604100,0.036266667
1537604400,0.036266667
1537604700,0.036266667
1537605000,0.036266667
1537605300,0.036266667
1537605600,0.036266667
1537605900,0.036266667
1537606200,0.036266667
1537606500,0.036266667
1537606800,0.036266667
1537607100,0.036266667
1537607400,0.036266667
1537607700,0.036266667
1537608000,0.036266667
1537608300,0.036266667
1537608600,0.036266667
1537608900,0.036266667
1537609200,0.036266667
1537609500,0.036266667
1537609800,0.036266667
1537610100,0.036266667
1537610400,0.036266667
1537610700,0.036266667
1537611000,0.036266667
1537611300,0.036266667
1537611600,0.036266667
1537611900,0.036266667
1537612200,0.036266667
1537612500,0.036266667
1537612800,0.036266667
1537613100,0.036266667
1537613400,0.036266667
1537613700,0.036266667
1537614000,0.036266667
1537614300,0.036266667
1537614600,0.036266667
1537614900,0.036266667
1537615200,0.036266667
1537615500,0.036266667
1537615800,0.036266667
1537616100,0.036266667
1537616400,0.036266667
1537616700,0.036266667
1537617000,0.036266667
1537617300,0.036266667
1537617600,0.036266667
1537617900,0.036266667
1537618200,0.036266667
1537618500,0.036266667
1537618800,0.036266667
1537619100,0.036266667
1537619400,0.036266667
1537619700,0.036266667
1537620000,0.036266667
1537620300,0.036266667
1537620600,0.036266667
1537620900,0.036266667
1537621200,0.036266667
1537621500,0.036266667
1537621800,0.036266667
1537622100,0.036266667
1537622400,0.036266667
1537622700,0.036266667
1537623000,0.036266667
1537623300,0.036266667
1537623600,0.036266667
1537623900,0.036266667
1537624200,0.036266667
1537624500,0.036266667
1537624800,0.036266667
1537625100,0.036266667
1537625400,0.036266667
1537625700,0.036266667
1537626000,0.036266667
1537626300,0.036266667
1537626600,0.036266667
1537626900,0.036266667
1537627200,0.036266667
1537627500,0.036266667
1537627800,0.036266667
1537628100,0.036266667
1537628400,0.036266667
1537628700,0.036266667
1537629000,0.036266667
1537629300,0.036266667
1537629600,0.036266667
1537629900,0.036266667
1537630200,0.036266667
1537630500,0.036266667
1537630800,0.036266667
1537631100,0.036266667
1537631400,0.036266667
1537631700,0.036266667
1537632000,0.036266667
1537632300,0.036266667
1537632600,0.036266667
1537632900,0.036266667
1537633200,0.036266667
1537633500,0.036266667
1537633800,0.036266667
1537634100,0.036266667
1537634400,0.036266667
1537634700,0.036266667
1537635000,0.036266667
1537635300,0.036266667
1537635600,0.036266667
1537635900,0.036266667
1537636200,0.036266667
1537636500,0.036266667
1537636800,0.036266667
1537637100,0.036266667
1537637400,0.036266667
1537637700,0.036266667
1537638000,0.036266667
1537638300,0.036266667
1537638600,0.036266667
1537638900,0.036266667
1537639200,0.036266667
1537639500,0.036266667
1537639800,0.036266667
1537640100,0.036266667
1537640400,0.036266667
1537640700,0.036266667
1537641000,0.036266667
1537641300,0.036266667
1537641600,0.036266667
1537641900,0.036266667
1537642200,0.036266667
1537642500,0.036266667
1537642800,0.036266667
1537643100,0.036266667
1537643400,0.036266667
1537643700,0.036266667
1537644000,0.036266667
1537644300,0.036266667
1537644600,0.036266667
1537644900,0.036266667
1537645200,0.036266667
1537645500,0.036266667
1537645800,0.036266667
1537646100,0.036266667
1537646400,0.036266667
1537646700,0.036266667
1537647000,0.036266667
1537647300,0.036266667
1537647600,0.036266667
1537647900,0.036266667
1537648200,0.036266667
1537648500,0.036266667
1537648800,0.036266667
1537649100,0.036266667
1537649400,0.036266667
1537649700,0.036266667
1537650000,0.036266667
1537650300,0.036266667
1537650600,0.036266667
1537650900,0.036266667
1537651200,0.036266667
1537651500,0.036266667
1537651800,0.036266667
1537652100,0.036266667
1537652400,0.036266667
1537652700,0.036266667
1537653000,0.036266667
1537653300,0.036266667
1537653600,0.036266667
1537653900,0.036266667
1537654200,0.036266667
1537654500,0.036266667
1537654800,0.036266667
1537655100,0.036266667
1537655400,0.036266667
1537655700,0.036266667
1537656000,0.036266667
1537656300,0.036266667
1537656600,0.036266667
1537656900,0.036266667
1537657200,0.036266667
1537657500,0.036266667
1537657800,0.036266667
1537658100,0.036266667
1537658400,0.036266667
1537658700,0.036266667
1537659000,0.036266667
1537659300,0.036266667
1537659600,0.036266667
1537659900,0.036266667
1537660200,0.036266667
1537660500,0.036266667
1537660800,0.042666667
1537661100,0.042666667
1537661400,0.042666667
1537661700,0.042666667
1537662000,0.042666667
1537662300,0.042666667
1537662600,0.042666667
1537662900,0.042666667
1537663200,0.042666667
1537663500,0.042666667
1537663800,0.042666667
1537664100,0.042666667
1537664400,0.042666667
1537664700,0.042666667
1537665000,0.042666667
1537665300,0.042666667
1537665600,0.042666667
1537665900,0.042666667
1537666200,0.042666667
1537666500,0.042666667
1537666800,0.042666667
1537667100,0.042666667
1537667400,0.042666667
1537667700,0.042666667
1537668000,0.042666667
1537668300,0.042666667
1537668600,0.042666667
1537668900,0.042666667
1537669200,0.042666667
1537669500,0.042666667
1537669800,0.042666667
1537670100,0.042666667
1537670400,0.042666667
1537670700,0.042666667
1537671000,0.042666667
1537671300,0.042666667
1537671600,0.042666667
1537671900,0.042666667
1537672200,0.042666667
1537672500,0.042666667
1537672800,0.042666667
1537673100,0.042666667
1537673400,0.042666667
1537673700,0.042666667
1537674000,0.042666667
1537674300,0.042666667
1537674600,0.042666667
1537674900,0.042666667
1537675200,0.042666667
1537675500,0.042666667
1537675800,0.042666667
1537676100,0.042666667
1537676400,0.042666667
1537676700,0.042666667
1537677000,0.042666667
1537677300,0.042666667
1537677600,0.042666667
1537677900,0.042666667
1537678200,0.042666667
1537678500,0.042666667
1537678800,0.042666667
1537679100,0.042666667
1537679400,0.042666667
1537679700,0.042666667
1537680000,0.042666667
1537680300,0.042666667
1537680600,0.042666667
1537680900,0.042666667
1537681200,0.042666667
1537681500,0.042666667
1537681800,0.042666667
1537682100,0.042666667
1537682400,0.042666667
1537682700,0.042666667
1537683000,0.042666667
1537683300,0.042666667
1537683600,0.042666667
1537683900,0.042666667
1537684200,0.042666667
1537684500,0.042666667
1537684800,0.042666667
1537685100,0.042666667
1537685400,0.042666667
1537685700,0.042666667
1537686000,0.042666667
1537686300,0.042666667
1537686600,0.042666667
1537686900,0.042666667
1537687200,0.042666667
1537687500,0.042666667
1537687800,0.042666667
1537688100,0.042666667
1537688400,0.042666667
1537688700,0.042666667
1537689000,0.042666667
1537689300,0.042666667
1537689600,0.042666667
1537689900,0.042666667
1537690200,0.042666667
1537690500,0.042666667
1537690800,0.042666667
1537691100,0.042666667
1537691400,0.042666667
1537691700,0.042666667
1537692000,0.042666667
1537692300,0.042666667
1537692600,0.042666667
1537692900,0.042666667
1537693200,0.042666667
1537693500,0.042666667
1537693800,0.042666667
1537694100,0.042666667
1537694400,0.042666667
1537694700,0.042666667
1537695000,0.042666667
1537695300,0.042666667
1537695600,0.042666667
1537695900,0.042666667
1537696200,0.042666667
1537696500,0.042666667
1537696800,0.042666667
1537697100,0.042666667
1537697400,0.042666667
1537697700,0.042666667
1537698000,0.042666667
1537698300,0.042666667
1537698600,0.042666667
1537698900,0.042666667
1537699200,0.042666667
1537699500,0.042666667
1537699800,0.042666667
1537700100,0.042666667
1537700400,0.042666667
1537700700,0.042666667
1537701000,0.042666667
1537701300,0.042666667
1537701600,0.042666667
1537701900,0.042666667
1537702200,0.042666667
1537702500,0.042666667
1537702800,0.042666667
1537703100,0.042666667
1537703400,0.042666667
1537703700,0.042666667
1537704000,0.042666667
1537704300,0.042666667
1537704600,0.042666667
1537704900,0.042666667
1537705200,0.042666667
1537705500,0.042666667
1537705800,0.042666667
1537706100,0.042666667
1537706400,0.042666667
1537706700,0.042666667
1537707000,0.042666667
1537707300,0.042666667
1537707600,0.042666667
1537707900,0.042666667
1537708200,0.042666667
1537708500,0.042666667
1537708800,0.042666667
1537709100,0.042666667
1537709400,0.042666667
1537709700,0.042666667
1537710000,0.042666667
1537710300,0.042666667
1537710600,0.042666667
1537710900,0.042666667
1537711200,0.042666667
1537711500,0.042666667
1537711800,0.042666667
1537712100,0.042666667
1537712400,0.042666667
1537712700,0.042666667
1537713000,0.042666667
1537713300,0.042666667
1537713600,0.042666667
1537713900,0.042666667
1537714200,0.042666667
1537714500,0.042666667
1537714800,0.042666667
1537715100,0.042666667
1537715400,0.042666667
1537715700,0.042666667
1537716000,0.042666667
1537716300,0.042666667
1537716600,0.042666667
1537716900,0.042666667
1537717200,0.042666667
1537717500,0.042666667
1537717800,0.042666667
1537718100,0.042666667
1537718400,0.042666667
1537718700,0.042666667
1537719000,0.042666667
1537719300,0.042666667
1537719600,0.042666667
1537719900,0.042666667
1537720200,0.042666667
1537720500,0.042666667
1537720800,0.042666667
1537721100,0.042666667
1537721400,0.042666667
1537721700,0.042666667
1537722000,0.042666667
1537722300,0.042666667
1537722600,0.042666667
1537722900,0.042666667
1537723200,0.042666667
1537723500,0.042666667
1537723800,0.042666667
1537724100,0.042666667
1537724400,0.042666667
1537724700,0.042666667
1537725000,0.042666667
1537725300,0.042666667
1537725600,0.042666667
1537725900,0.042666667
1537726200,0.042666667
1537726500,0.042666667
1537726800,0.042666667
1537727100,0.042666667
1537727400,0.042666667
1537727700,0.042666667
1537728000,0.042666667
1537728300,0.042666667
1537728600,0.042666667
1537728900,0.042666667
1537729200,0.042666667
1537729500,0.042666667
1537729800,0.042666667
1537730100,0.042666667
1537730400,0.042666667
1537730700,0.042666667
1537731000,0.042666667
1537731300,0.042666667
1537731600,0.042666667
1537731900,0.042666667
1537732200,0.042666667
1537732500,0.042666667
1537732800,0.042666667
1537733100,0.042666667
1537733400,0.042666667
1537733700,0.042666667
1537734000,0.042666667
1537734300,0.042666667
1537734600,0.042666667
1537734900,0.042666667
1537735200,0.042666667
1537735500,0.042666667
1537735800,0.042666667
1537736100,0.042666667
1537736400,0.042666667
1537736700,0.042666667
1537737000,0.042666667
1537737300,0.042666667
1537737600,0.042666667
1537737900,0.042666667
1537738200,0.042666667
1537738500,0.042666667
1537738800,0.042666667
1537739100,0.042666667
1537739400,0.042666667
1537739700,0.042666667
1537740000,0.042666667
1537740300,0.042666667
1537740600,0.042666667
1537740900,0.042666667
1537741200,0.042666667
1537741500,0.042666667
1537741800,0.042666667
1537742100,0.042666667
1537742400,0.042666667
1537742700,0.042666667
1537743000,0.042666667
1537743300,0.042666667
1537743600,0.042666667
1537743900,0.042666667
1537744200,0.042666667
1537744500,0.042666667
1537744800,0.042666667
1537745100,0.042666667
1537745400,0.042666667
1537745700,0.042666667
1537746000,0.042666667
1537746300,0.042666667
1537746600,0.042666667
1537746900,0.042666667
1537747200,0.075733334
1537747500,0.075733334
1537747800,0.075733334
1537748100,0.075733334
1537748400,0.075733334
1537748700,0.075733334
1537749000,0.075733334
1537749300,0.075733334
1537749600,0.075733334
1537749900,0.075733334
1537750200,0.075733334
1537750500,0.075733334
1537750800,0.075733334
1537751100,0.075733334
1537751400,0.075733334
1537751700,0.075733334
1537752000,0.075733334
1537752300,0.075733334
1537752600,0.075733334
1537752900,0.075733334
1537753200,0.075733334
1537753500,0.075733334
1537753800,0.075733334
1537754100,0.075733334
1537754400,0.075733334
1537754700,0.075733334
1537755000,0.075733334
1537755300,0.075733334
1537755600,0.075733334
1537755900,0.075733334
1537756200,0.075733334
1537756500,0.075733334
1537756800,0.075733334
1537757100,0.075733334
1537757400,0.075733334
1537757700,0.075733334
1537758000,0.075733334
1537758300,0.075733334
1537758600,0.075733334
1537758900,0.075733334
1537759200,0.075733334
1537759500,0.075733334
1537759800,0.075733334
1537760100,0.075733334
1537760400,0.075733334
1537760700,0.075733334
1537761000,0.075733334
1537761300,0.075733334
1537761600,0.075733334
1537761900,0.075733334
1537762200,0.075733334
1537762500,0.075733334
1537762800,0.075733334
1537763100,0.075733334
1537763400,0.075733334
1537763700,0.075733334
1537764000,0.075733334
1537764300,0.075733334
1537764600,0.075733334
1537764900,0.075733334
1537765200,0.075733334
1537765500,0.075733334
1537765800,0.075733334
1537766100,0.075733334
1537766400,0.075733334
1537766700,0.075733334
1537767000,0.075733334
1537767300,0.075733334
1537767600,0.075733334
1537767900,0.075733334
1537768200,0.075733334
1537768500,0.075733334
1537768800,0.075733334
1537769100,0.075733334
1537769400,0.075733334
1537769700,0.075733334
1537770000,0.075733334
1537770300,0.075733334
1537770600,0.075733334
1537770900,0.075733334
1537771200,0.075733334
1537771500,0.075733334
1537771800,0.075733334
1537772100,0.075733334
1537772400,0.075733334
1537772700,0.075733334
1537773000,0.075733334
1537773300,0.075733334
1537773600,0.075733334
1537773900,0.075733334
1537774200,0.075733334
1537774500,0.075733334
1537774800,0.075733334
1537775100,0.075733334
1537775400,0.075733334
1537775700,0.075733334
1537776000,0.075733334
1537776300,0.075733334
1537776600,0.075733334
1537776900,0.075733334
1537777200,0.075733334
1537777500,0.075733334
1537777800,0.075733334
1537778100,0.075733334
1537778400,0.075733334
1537778700,0.075733334
1537779000,0.075733334
1537779300,0.075733334
1537779600,0.075733334
1537779900,0.075733334
1537780200,0.075733334
1537780500,0.075733334
1537780800,0.075733334
1537781100,0.075733334
1537781400,0.075733334
1537781700,0.075733334
1537782000,0.075733334
1537782300,0.075733334
1537782600,0.075733334
1537782900,0.075733334
1537783200,0.075733334
1537783500,0.075733334
1537783800,0.075733334
1537784100,0.075733334
1537784400,0.075733334
1537784700,0.075733334
1537785000,0.075733334
1537785300,0.075733334
1537785600,0.075733334
1537785900,0.075733334
1537786200,0.075733334
1537786500,0.075733334
1537786800,0.075733334
1537787100,0.075733334
1537787400,0.075733334
1537787700,0.075733334
1537788000,0.075733334
1537788300,0.075733334
1537788600,0.075733334
1537788900,0.075733334
1537789200,0.075733334
1537789500,0.075733334
1537789800,0.075733334
1537790100,0.075733334
1537790400,0.075733334
1537790700,0.075733334
1537791000,0.075733334
1537791300,0.075733334
1537791600,0.075733334
1537791900,0.075733334
1537792200,0.075733334
1537792500,0.075733334
1537792800,0.075733334
1537793100,0.075733334
1537793400,0.075733334
1537793700,0.075733334
1537794000,0.075733334
1537794300,0.075733334
1537794600,0.075733334
1537794900,0.075733334
1537795200,0.075733334
1537795500,0.075733334
1537795800,0.075733334
1537796100,0.075733334
1537796400,0.075733334
1537796700,0.075733334
1537797000,0.075733334
1537797300,0.075733334
1537797600,0.075733334
1537797900,0.075733334
1537798200,0.075733334
1537798500,0.075733334
1537798800,0.075733334
1537799100,0.075733334
1537799400,0.075733334
1537799700,0.075733334
1537800000,0.075733334
1537800300,0.075733334
1537800600,0.075733334
1537800900,0.075733334
1537801200,0.075733334
1537801500,0.075733334
1537801800,0.075733334
1537802100,0.075733334
1537802400,0.075733334
1537802700,0.075733334
1537803000,0.075733334
1537803300,0.075733334
1537803600,0.075733334
1537803900,0.075733334
1537804200,0.075733334
1537804500,0.075733334
1537804800,0.075733334
1537805100,0.075733334
1537805400,0.075733334
1537805700,0.075733334
1537806000,0.075733334
1537806300,0.075733334
1537806600,0.075733334
1537806900,0.075733334
1537807200,0.075733334
1537807500,0.075733334
1537807800,0.075733334
1537808100,0.075733334
1537808400,0.075733334
1537808700,0.075733334
1537809000,0.075733334
1537809300,0.075733334
1537809600,0.075733334
1537809900,0.075733334
1537810200,0.075733334
1537810500,0.075733334
1537810800,0.075733334
1537811100,0.075733334
1537811400,0.075733334
1537811700,0.075733334
1537812000,0.075733334
1537812300,0.075733334
1537812600,0.075733334
1537812900,0.075733334
1537813200,0.075733334
1537813500,0.075733334
1537813800,0.075733334
1537814100,0.075733334
1537814400,0.075733334
1537814700,0.075733334
1537815000,0.075733334
1537815300,0.075733334
1537815600,0.075733334
1537815900,0.075733334
1537816200,0.075733334
1537816500,0.075733334
1537816800,0.075733334
1537817100,0.075733334
1537817400,0.075733334
1537817700,0.075733334
1537818000,0.075733334
1537818300,0.075733334
1537818600,0.075733334
1537818900,0.075733334
1537819200,0.075733334
1537819500,0.075733334
1537819800,0.075733334
1537820100,0.075733334
1537820400,0.075733334
1537820700,0.075733334
1537821000,0.075733334
1537821300,0.075733334
1537821600,0.075733334
1537821900,0.075733334
1537822200,0.075733334
1537822500,0.075733334
1537822800,0.075733334
1537823100,0.075733334
1537823400,0.075733334
1537823700,0.075733334
1537824000,0.075733334
1537824300,0.075733334
1537824600,0.075733334
1537824900,0.075733334
1537825200,0.075733334
1537825500,0.075733334
1537825800,0.075733334
1537826100,0.075733334
1537826400,0.075733334
1537826700,0.075733334
1537827000,0.075733334
1537827300,0.075733334
1537827600,0.075733334
1537827900,0.075733334
1537828200,0.075733334
1537828500,0.075733334
1537828800,0.075733334
1537829100,0.075733334
1537829400,0.075733334
1537829700,0.075733334
1537830000,0.075733334
1537830300,0.075733334
1537830600,0.075733334
1537830900,0.075733334
1537831200,0.075733334
1537831500,0.075733334
1537831800,0.075733334
1537832100,0.075733334
1537832400,0.075733334
1537832700,0.075733334
1537833000,0.075733334
1537833300,0.075733334
1537833600,0.0608
1537833900,0.0608
1537834200,0.0608
1537834500,0.0608
1537834800,0.0608
1537835100,0.0608
1537835400,0.0608
1537835700,0.0608
1537836000,0.0608
1537836300,0.0608
1537836600,0.0608
1537836900,0.0608
1537837200,0.0608
1537837500,0.0608
1537837800,0.0608
1537838100,0.0608
1537838400,0.0608
1537838700,0.0608
1537839000,0.0608
1537839300,0.0608
1537839600,0.0608
1537839900,0.0608
1537840200,0.0608
1537840500,0.0608
1537840800,0.0608
1537841100,0.0608
1537841400,0.0608
1537841700,0.0608
1537842000,0.0608
1537842300,0.0608
1537842600,0.0608
1537842900,0.0608
1537843200,0.0608
1537843500,0.0608
1537843800,0.0608
1537844100,0.0608
1537844400,0.0608
1537844700,0.0608
1537845000,0.0608
1537845300,0.0608
1537845600,0.0608
1537845900,0.0608
1537846200,0.0608
1537846500,0.0608
1537846800,0.0608
1537847100,0.0608
1537847400,0.0608
1537847700,0.0608
1537848000,0.0608
1537848300,0.0608
1537848600,0.0608
1537848900,0.0608
1537849200,0.0608
1537849500,0.0608
1537849800,0.0608
1537850100,0.0608
1537850400,0.0608
1537850700,0.0608
1537851000,0.0608
1537851300,0.0608
1537851600,0.0608
1537851900,0.0608
1537852200,0.0608
1537852500,0.0608
1537852800,0.0608
1537853100,0.0608
1537853400,0.0608
1537853700,0.0608
1537854000,0.0608
1537854300,0.0608
1537854600,0.0608
1537854900,0.0608
1537855200,0.0608
1537855500,0.0608
1537855800,0.0608
1537856100,0.0608
1537856400,0.0608
1537856700,0.0608
1537857000,0.0608
1537857300,0.0608
1537857600,0.0608
1537857900,0.0608
1537858200,0.0608
1537858500,0.0608
1537858800,0.0608
1537859100,0.0608
1537859400,0.0608
1537859700,0.0608
1537860000,0.0608
1537860300,0.0608
1537860600,0.0608
1537860900,0.0608
1537861200,0.0608
1537861500,0.0608
1537861800,0.0608
1537862100,0.0608
1537862400,0.0608
1537862700,0.0608
1537863000,0.0608
1537863300,0.0608
1537863600,0.0608
1537863900,0.0608
1537864200,0.0608
1537864500,0.0608
1537864800,0.0608
1537865100,0.0608
1537865400,0.0608
1537865700,0.0608
1537866000,0.0608
1537866300,0.0608
1537866600,0.0608
1537866900,0.0608
1537867200,0.0608
1537867500,0.0608
1537867800,0.0608
1537868100,0.0608
1537868400,0.0608
1537868700,0.0608
1537869000,0.0608
1537869300,0.0608
1537869600,0.0608
1537869900,0.0608
1537870200,0.0608
1537870500,0.0608
1537870800,0.0608
1537871100,0.0608
1537871400,0.0608
1537871700,0.0608
1537872000,0.0608
1537872300,0.0608
1537872600,0.0608
1537872900,0.0608
1537873200,0.0608
1537873500,0.0608
1537873800,0.0608
1537874100,0.0608
1537874400,0.0608
1537874700,0.0608
1537875000,0.0608
1537875300,0.0608
1537875600,0.0608
1537875900,0.0608
1537876200,0.0608
1537876500,0.0608
1537876800,0.0608
1537877100,0.0608
1537877400,0.0608
1537877700,0.0608
1537878000,0.0608
1537878300,0.0608
1537878600,0.0608
1537878900,0.0608
1537879200,0.0608
1537879500,0.0608
1537879800,0.0608
1537880100,0.0608
1537880400,0.0608
1537880700,0.0608
1537881000,0.0608
1537881300,0.0608
1537881600,0.0608
1537881900,0.0608
1537882200,0.0608
1537882500,0.0608
1537882800,0.0608
1537883100,0.0608
1537883400,0.0608
1537883700,0.0608
1537884000,0.0608
1537884300,0.0608
1537884600,0.0608
1537884900,0.0608
1537885200,0.0608
1537885500,0.0608
1537885800,0.0608
1537886100,0.0608
1537886400,0.0608
1537886700,0.0608
1537887000,0.0608
1537887300,0.0608
1537887600,0.0608
1537887900,0.0608
1537888200,0.0608
1537888500,0.0608
1537888800,0.0608
1537889100,0.0608
1537889400,0.0608
1537889700,0.0608
1537890000,0.0608
1537890300,0.0608
1537890600,0.0608
1537890900,0.0608
1537891200,0.0608
1537891500,0.0608
1537891800,0.0608
1537892100,0.0608
1537892400,0.0608
1537892700,0.0608
1537893000,0.0608
1537893300,0.0608
1537893600,0.0608
1537893900,0.0608
1537894200,0.0608
1537894500,0.0608
1537894800,0.0608
1537895100,0.0608
1537895400,0.0608
1537895700,0.0608
1537896000,0.0608
1537896300,0.0608
1537896600,0.0608
1537896900,0.0608
1537897200,0.0608
1537897500,0.0608
1537897800,0.0608
1537898100,0.0608
1537898400,0.0608
1537898700,0.0608
1537899000,0.0608
1537899300,0.0608
1537899600,0.0608
1537899900,0.0608
1537900200,0.0608
1537900500,0.0608
1537900800,0.0608
1537901100,0.0608
1537901400,0.0608
1537901700,0.0608
1537902000,0.0608
1537902300,0.0608
1537902600,0.0608
1537902900,0.0608
1537903200,0.0608
1537903500,0.0608
1537903800,0.0608
1537904100,0.0608
1537904400,0.0608
1537904700,0.0608
1537905000,0.0608
1537905300,0.0608
1537905600,0.0608
1537905900,0.0608
1537906200,0.0608
1537906500,0.0608
1537906800,0.0608
1537907100,0.0608
1537907400,0.0608
1537907700,0.0608
1537908000,0.0608
1537908300,0.0608
1537908600,0.0608
1537908900,0.0608
1537909200,0.0608
1537909500,0.0608
1537909800,0.0608
1537910100,0.0608
1537910400,0.0608
1537910700,0.0608
1537911000,0.0608
1537911300,0.0608
1537911600,0.0608
1537911900,0.0608
1537912200,0.0608
1537912500,0.0608
1537912800,0.0608
1537913100,0.0608
1537913400,0.0608
1537913700,0.0608
1537914000,0.0608
1537914300,0.0608
1537914600,0.0608
1537914900,0.0608
1537915200,0.0608
1537915500,0.0608
1537915800,0.0608
1537916100,0.0608
1537916400,0.0608
1537916700,0.0608
1537917000,0.0608
1537917300,0.0608
1537917600,0.0608
1537917900,0.0608
1537918200,0.0608
1537918500,0.0608
1537918800,0.0608
1537919100,0.0608
1537919400,0.0608
1537919700,0.0608
1537920000,0.082133333
1537920300,0.082133333
1537920600,0.082133333
1537920900,0.082133333
1537921200,0.082133333
1537921500,0.082133333
1537921800,0.082133333
1537922100,0.082133333
1537922400,0.082133333
1537922700,0.082133333
1537923000,0.082133333
1537923300,0.082133333
1537923600,0.082133333
1537923900,0.082133333
1537924200,0.082133333
1537924500,0.082133333
1537924800,0.082133333
1537925100,0.082133333
1537925400,0.082133333
1537925700,0.082133333
1537926000,0.082133333
1537926300,0.082133333
1537926600,0.082133333
1537926900,0.082133333
1537927200,0.082133333
1537927500,0.082133333
1537927800,0.082133333
1537928100,0.082133333
1537928400,0.082133333
1537928700,0.082133333
1537929000,0.082133333
1537929300,0.082133333
1537929600,0.082133333
1537929900,0.082133333
1537930200,0.082133333
1537930500,0.082133333
1537930800,0.082133333
1537931100,0.082133333
1537931400,0.082133333
1537931700,0.082133333
1537932000,0.082133333
1537932300,0.082133333
1537932600,0.082133333
1537932900,0.082133333
1537933200,0.082133333
1537933500,0.082133333
1537933800,0.082133333
1537934100,0.082133333
1537934400,0.082133333
1537934700,0.082133333
1537935000,0.082133333
1537935300,0.082133333
1537935600,0.082133333
1537935900,0.082133333
1537936200,0.082133333
1537936500,0.082133333
1537936800,0.082133333
1537937100,0.082133333
1537937400,0.082133333
1537937700,0.082133333
1537938000,0.082133333
1537938300,0.082133333
1537938600,0.082133333
1537938900,0.082133333
1537939200,0.082133333
1537939500,0.082133333
1537939800,0.082133333
1537940100,0.082133333
1537940400,0.082133333
1537940700,0.082133333
1537941000,0.082133333
1537941300,0.082133333
1537941600,0.082133333
1537941900,0.082133333
1537942200,0.082133333
1537942500,0.082133333
1537942800,0.082133333
1537943100,0.082133333
1537943400,0.082133333
1537943700,0.082133333
1537944000,0.082133333
1537944300,0.082133333
1537944600,0.082133333
1537944900,0.082133333
1537945200,0.082133333
1537945500,0.082133333
1537945800,0.082133333
1537946100,0.082133333
1537946400,0.082133333
1537946700,0.082133333
1537947000,0.082133333
1537947300,0.082133333
1537947600,0.082133333
1537947900,0.082133333
1537948200,0.082133333
1537948500,0.082133333
1537948800,0.082133333
1537949100,0.082133333
1537949400,0.082133333
1537949700,0.082133333
1537950000,0.082133333
1537950300,0.082133333
1537950600,0.082133333
1537950900,0.082133333
1537951200,0.082133333
1537951500,0.082133333
1537951800,0.082133333
1537952100,0.082133333
1537952400,0.082133333
1537952700,0.082133333
1537953000,0.082133333
1537953300,0.082133333
1537953600,0.082133333
1537953900,0.082133333
1537954200,0.082133333
1537954500,0.082133333
1537954800,0.082133333
1537955100,0.082133333
1537955400,0.082133333
1537955700,0.082133333
1537956000,0.082133333
1537956300,0.082133333
1537956600,0.082133333
1537956900,0.082133333
1537957200,0.082133333
1537957500,0.082133333
1537957800,0.082133333
1537958100,0.082133333
1537958400,0.082133333
1537958700,0.082133333
1537959000,0.082133333
1537959300,0.082133333
1537959600,0.082133333
1537959900,0.082133333
1537960200,0.082133333
1537960500,0.082133333
1537960800,0.082133333
1537961100,0.082133333
1537961400,0.082133333
1537961700,0.082133333
1537962000,0.082133333
1537962300,0.082133333
1537962600,0.082133333
1537962900,0.082133333
1537963200,0.082133333
1537963500,0.082133333
1537963800,0.082133333
1537964100,0.082133333
1537964400,0.082133333
1537964700,0.082133333
1537965000,0.082133333
1537965300,0.082133333
1537965600,0.082133333
1537965900,0.082133333
1537966200,0.082133333
1537966500,0.082133333
1537966800,0.082133333
1537967100,0.082133333
1537967400,0.082133333
1537967700,0.082133333
1537968000,0.082133333
1537968300,0.082133333
1537968600,0.082133333
1537968900,0.082133333
1537969200,0.082133333
1537969500,0.082133333
1537969800,0.082133333
1537970100,0.082133333
1537970400,0.082133333
1537970700,0.082133333
1537971000,0.082133333
1537971300,0.082133333
1537971600,0.082133333
1537971900,0.082133333
1537972200,0.082133333
1537972500,0.082133333
1537972800,0.082133333
1537973100,0.082133333
1537973400,0.082133333
1537973700,0.082133333
1537974000,0.082133333
1537974300,0.082133333
1537974600,0.082133333
1537974900,0.082133333
1537975200,0.082133333
1537975500,0.082133333
1537975800,0.082133333
1537976100,0.082133333
1537976400,0.082133333
1537976700,0.082133333
1537977000,0.082133333
1537977300,0.082133333
1537977600,0.082133333
1537977900,0.082133333
1537978200,0.082133333
1537978500,0.082133333
1537978800,0.082133333
1537979100,0.082133333
1537979400,0.082133333
1537979700,0.082133333
1537980000,0.082133333
1537980300,0.082133333
1537980600,0.082133333
1537980900,0.082133333
1537981200,0.082133333
1537981500,0.082133333
1537981800,0.082133333
1537982100,0.082133333
1537982400,0.082133333
1537982700,0.082133333
1537983000,0.082133333
1537983300,0.082133333
1537983600,0.082133333
1537983900,0.082133333
1537984200,0.082133333
1537984500,0.082133333
1537984800,0.082133333
1537985100,0.082133333
1537985400,0.082133333
1537985700,0.082133333
1537986000,0.082133333
1537986300,0.082133333
1537986600,0.082133333
1537986900,0.082133333
1537987200,0.082133333
1537987500,0.082133333
1537987800,0.082133333
1537988100,0.082133333
1537988400,0.082133333
1537988700,0.082133333
1537989000,0.082133333
1537989300,0.082133333
1537989600,0.082133333
1537989900,0.082133333
1537990200,0.082133333
1537990500,0.082133333
1537990800,0.082133333
1537991100,0.082133333
1537991400,0.082133333
1537991700,0.082133333
1537992000,0.082133333
1537992300,0.082133333
1537992600,0.082133333
1537992900,0.082133333
1537993200,0.082133333
1537993500,0.082133333
1537993800,0.082133333
1537994100,0.082133333
1537994400,0.082133333
1537994700,0.082133333
1537995000,0.082133333
1537995300,0.082133333
1537995600,0.082133333
1537995900,0.082133333
1537996200,0.082133333
1537996500,0.082133333
1537996800,0.082133333
1537997100,0.082133333
1537997400,0.082133333
1537997700,0.082133333
1537998000,0.082133333
1537998300,0.082133333
1537998600,0.082133333
1537998900,0.082133333
1537999200,0.082133333
1537999500,0.082133333
1537999800,0.082133333
1538000100,0.082133333
1538000400,0.082133333
1538000700,0.082133333
1538001000,0.082133333
1538001300,0.082133333
1538001600,0.082133333
1538001900,0.082133333
1538002200,0.082133333
1538002500,0.082133333
1538002800,0.082133333
1538003100,0.082133333
1538003400,0.082133333
1538003700,0.082133333
1538004000,0.082133333
1538004300,0.082133333
1538004600,0.082133333
1538004900,0.082133333
1538005200,0.082133333
1538005500,0.082133333
1538005800,0.082133333
1538006100,0.082133333
1538006400,0.122133334
1538006700,0.122133334
1538007000,0.122133334
1538007300,0.122133334
1538007600,0.122133334
1538007900,0.122133334
1538008200,0.122133334
1538008500,0.122133334
1538008800,0.122133334
1538009100,0.122133334
1538009400,0.122133334
1538009700,0.122133334
1538010000,0.122133334
1538010300,0.122133334
1538010600,0.122133334
1538010900,0.122133334
1538011200,0.122133334
1538011500,0.122133334
1538011800,0.122133334
1538012100,0.122133334
1538012400,0.122133334
1538012700,0.122133334
1538013000,0.122133334
1538013300,0.122133334
1538013600,0.122133334
1538013900,0.122133334
1538014200,0.122133334
1538014500,0.122133334
1538014800,0.122133334
1538015100,0.122133334
1538015400,0.122133334
1538015700,0.122133334
1538016000,0.122133334
1538016300,0.122133334
1538016600,0.122133334
1538016900,0.122133334
1538017200,0.122133334
1538017500,0.122133334
1538017800,0.122133334
1538018100,0.122133334
1538018400,0.122133334
1538018700,0.122133334
1538019000,0.122133334
1538019300,0.122133334
1538019600,0.122133334
1538019900,0.122133334
1538020200,0.122133334
1538020500,0.122133334
1538020800,0.122133334
1538021100,0.122133334
1538021400,0.122133334
1538021700,0.122133334
1538022000,0.122133334
1538022300,0.122133334
1538022600,0.122133334
1538022900,0.122133334
1538023200,0.122133334
1538023500,0.122133334
1538023800,0.122133334
1538024100,0.122133334
1538024400,0.122133334
1538024700,0.122133334
1538025000,0.122133334
1538025300,0.122133334
1538025600,0.122133334
1538025900,0.122133334
1538026200,0.122133334
1538026500,0.122133334
1538026800,0.122133334
1538027100,0.122133334
1538027400,0.122133334
1538027700,0.122133334
1538028000,0.122133334
1538028300,0.122133334
1538028600,0.122133334
1538028900,0.122133334
1538029200,0.122133334
1538029500,0.122133334
1538029800,0.122133334
1538030100,0.122133334
1538030400,0.122133334
1538030700,0.122133334
1538031000,0.122133334
1538031300,0.122133334
1538031600,0.122133334
1538031900,0.122133334
1538032200,0.122133334
1538032500,0.122133334
1538032800,0.122133334
1538033100,0.122133334
1538033400,0.122133334
1538033700,0.122133334
1538034000,0.122133334
1538034300,0.122133334
1538034600,0.122133334
1538034900,0.122133334
1538035200,0.122133334
1538035500,0.122133334
1538035800,0.122133334
1538036100,0.122133334
1538036400,0.122133334
1538036700,0.122133334
1538037000,0.122133334
1538037300,0.122133334
1538037600,0.122133334
1538037900,0.122133334
1538038200,0.122133334
1538038500,0.122133334
1538038800,0.122133334
1538039100,0.122133334
1538039400,0.122133334
1538039700,0.122133334
1538040000,0.122133334
1538040300,0.122133334
1538040600,0.122133334
1538040900,0.122133334
1538041200,0.122133334
1538041500,0.122133334
1538041800,0.122133334
1538042100,0.122133334
1538042400,0.122133334
1538042700,0.122133334
1538043000,0.122133334
1538043300,0.122133334
1538043600,0.122133334
1538043900,0.122133334
1538044200,0.122133334
1538044500,0.122133334
1538044800,0.122133334
1538045100,0.122133334
1538045400,0.122133334
1538045700,0.122133334
1538046000,0.122133334
1538046300,0.122133334
1538046600,0.122133334
1538046900,0.122133334
1538047200,0.122133334
1538047500,0.122133334
1538047800,0.122133334
1538048100,0.122133334
1538048400,0.122133334
1538048700,0.122133334
1538049000,0.122133334
1538049300,0.122133334
1538049600,0.122133334
1538049900,0.122133334
1538050200,0.122133334
1538050500,0.122133334
1538050800,0.122133334
1538051100,0.122133334
1538051400,0.122133334
1538051700,0.122133334
1538052000,0.122133334
1538052300,0.122133334
1538052600,0.122133334
1538052900,0.122133334
1538053200,0.122133334
1538053500,0.122133334
1538053800,0.122133334
1538054100,0.122133334
1538054400,0.122133334
1538054700,0.122133334
1538055000,0.122133334
1538055300,0.122133334
1538055600,0.122133334
1538055900,0.122133334
1538056200,0.122133334
1538056500,0.122133334
1538056800,0.122133334
1538057100,0.122133334
1538057400,0.122133334
1538057700,0.122133334
1538058000,0.122133334
1538058300,0.122133334
1538058600,0.122133334
1538058900,0.122133334
1538059200,0.122133334
1538059500,0.122133334
1538059800,0.122133334
1538060100,0.122133334
1538060400,0.122133334
1538060700,0.122133334
1538061000,0.122133334
1538061300,0.122133334
1538061600,0.122133334
1538061900,0.122133334
1538062200,0.122133334
1538062500,0.122133334
1538062800,0.122133334
1538063100,0.122133334
1538063400,0.122133334
1538063700,0.122133334
1538064000,0.122133334
1538064300,0.122133334
1538064600,0.122133334
1538064900,0.122133334
1538065200,0.122133334
1538065500,0.122133334
1538065800,0.122133334
1538066100,0.122133334
1538066400,0.122133334
1538066700,0.122133334
1538067000,0.122133334
1538067300,0.122133334
1538067600,0.122133334
1538067900,0.122133334
1538068200,0.122133334
1538068500,0.122133334
1538068800,0.122133334
1538069100,0.122133334
1538069400,0.122133334
1538069700,0.122133334
1538070000,0.122133334
1538070300,0.122133334
1538070600,0.122133334
1538070900,0.122133334
1538071200,0.122133334
1538071500,0.122133334
1538071800,0.122133334
1538072100,0.122133334
1538072400,0.122133334
1538072700,0.122133334
1538073000,0.122133334
1538073300,0.122133334
1538073600,0.122133334
1538073900,0.122133334
1538074200,0.122133334
1538074500,0.122133334
1538074800,0.122133334
1538075100,0.122133334
1538075400,0.122133334
1538075700,0.122133334
1538076000,0.122133334
1538076300,0.122133334
1538076600,0.122133334
1538076900,0.122133334
1538077200,0.122133334
1538077500,0.122133334
1538077800,0.122133334
1538078100,0.122133334
1538078400,0.122133334
1538078700,0.122133334
1538079000,0.122133334
1538079300,0.122133334
1538079600,0.122133334
1538079900,0.122133334
1538080200,0.122133334
1538080500,0.122133334
1538080800,0.122133334
1538081100,0.122133334
1538081400,0.122133334
1538081700,0.122133334
1538082000,0.122133334
1538082300,0.122133334
1538082600,0.122133334
1538082900,0.122133334
1538083200,0.122133334
1538083500,0.122133334
1538083800,0.122133334
1538084100,0.122133334
1538084400,0.122133334
1538084700,0.122133334
1538085000,0.122133334
1538085300,0.122133334
1538085600,0.122133334
1538085900,0.122133334
1538086200,0.122133334
1538086500,0.122133334
1538086800,0.122133334
1538087100,0.122133334
1538087400,0.122133334
1538087700,0.122133334
1538088000,0.122133334
1538088300,0.122133334
1538088600,0.122133334
1538088900,0.122133334
1538089200,0.122133334
1538089500,0.122133334
1538089800,0.122133334
1538090100,0.122133334
1538090400,0.122133334
1538090700,0.122133334
1538091000,0.122133334
1538091300,0.122133334
1538091600,0.122133334
1538091900,0.122133334
1538092200,0.122133334
1538092500,0.122133334
1538092800,0.104533333
1538093100,0.104533333
1538093400,0.104533333
1538093700,0.104533333
1538094000,0.104533333
1538094300,0.104533333
1538094600,0.104533333
1538094900,0.104533333
1538095200,0.104533333
1538095500,0.104533333
1538095800,0.104533333
1538096100,0.104533333
1538096400,0.104533333
1538096700,0.104533333
1538097000,0.104533333
1538097300,0.104533333
1538097600,0.104533333
1538097900,0.104533333
1538098200,0.104533333
1538098500,0.104533333
1538098800,0.104533333
1538099100,0.104533333
1538099400,0.104533333
1538099700,0.104533333
1538100000,0.104533333
1538100300,0.104533333
1538100600,0.104533333
1538100900,0.104533333
1538101200,0.104533333
1538101500,0.104533333
1538101800,0.104533333
1538102100,0.104533333
1538102400,0.104533333
1538102700,0.104533333
1538103000,0.104533333
1538103300,0.104533333
1538103600,0.104533333
1538103900,0.104533333
1538104200,0.104533333
1538104500,0.104533333
1538104800,0.104533333
1538105100,0.104533333
1538105400,0.104533333
1538105700,0.104533333
1538106000,0.104533333
1538106300,0.104533333
1538106600,0.104533333
1538106900,0.104533333
1538107200,0.104533333
1538107500,0.104533333
1538107800,0.104533333
1538108100,0.104533333
1538108400,0.104533333
1538108700,0.104533333
1538109000,0.104533333
1538109300,0.104533333
1538109600,0.104533333
1538109900,0.104533333
1538110200,0.104533333
1538110500,0.104533333
1538110800,0.104533333
1538111100,0.104533333
1538111400,0.104533333
1538111700,0.104533333
1538112000,0.104533333
1538112300,0.104533333
1538112600,0.104533333
1538112900,0.104533333
1538113200,0.104533333
1538113500,0.104533333
1538113800,0.104533333
1538114100,0.104533333
1538114400,0.104533333
1538114700,0.104533333
1538115000,0.104533333
1538115300,0.104533333
1538115600,0.104533333
1538115900,0.104533333
1538116200,0.104533333
1538116500,0.104533333
1538116800,0.104533333
1538117100,0.104533333
1538117400,0.104533333
1538117700,0.104533333
1538118000,0.104533333
1538118300,0.104533333
1538118600,0.104533333
1538118900,0.104533333
1538119200,0.104533333
1538119500,0.104533333
1538119800,0.104533333
1538120100,0.104533333
1538120400,0.104533333
1538120700,0.104533333
1538121000,0.104533333
1538121300,0.104533333
1538121600,0.104533333
1538121900,0.104533333
1538122200,0.104533333
1538122500,0.104533333
1538122800,0.104533333
1538123100,0.104533333
1538123400,0.104533333
1538123700,0.104533333
1538124000,0.104533333
1538124300,0.104533333
1538124600,0.104533333
1538124900,0.104533333
1538125200,0.104533333
1538125500,0.104533333
1538125800,0.104533333
1538126100,0.104533333
1538126400,0.104533333
1538126700,0.104533333
1538127000,0.104533333
1538127300,0.104533333
1538127600,0.104533333
1538127900,0.104533333
1538128200,0.104533333
1538128500,0.104533333
1538128800,0.104533333
1538129100,0.104533333
1538129400,0.104533333
1538129700,0.104533333
1538130000,0.104533333
1538130300,0.104533333
1538130600,0.104533333
1538130900,0.104533333
1538131200,0.104533333
1538131500,0.104533333
1538131800,0.104533333
1538132100,0.104533333
1538132400,0.104533333
1538132700,0.104533333
1538133000,0.104533333
1538133300,0.104533333
1538133600,0.104533333
1538133900,0.104533333
1538134200,0.104533333
1538134500,0.104533333
1538134800,0.104533333
1538135100,0.104533333
1538135400,0.104533333
1538135700,0.104533333
1538136000,0.104533333
1538136300,0.104533333
1538136600,0.104533333
1538136900,0.104533333
1538137200,0.104533333
1538137500,0.104533333
1538137800,0.104533333
1538138100,0.104533333
1538138400,0.104533333
1538138700,0.104533333
1538139000,0.104533333
1538139300,0.104533333
1538139600,0.104533333
1538139900,0.104533333
1538140200,0.104533333
1538140500,0.104533333
1538140800,0.104533333
1538141100,0.104533333
1538141400,0.104533333
1538141700,0.104533333
1538142000,0.104533333
1538142300,0.104533333
1538142600,0.104533333
1538142900,0.104533333
1538143200,0.104533333
1538143500,0.104533333
1538143800,0.104533333
1538144100,0.104533333
1538144400,0.104533333
1538144700,0.104533333
1538145000,0.104533333
1538145300,0.104533333
1538145600,0.104533333
1538145900,0.104533333
1538146200,0.104533333
1538146500,0.104533333
1538146800,0.104533333
1538147100,0.104533333
1538147400,0.104533333
1538147700,0.104533333
1538148000,0.104533333
1538148300,0.104533333
1538148600,0.104533333
1538148900,0.104533333
1538149200,0.104533333
1538149500,0.104533333
1538149800,0.104533333
1538150100,0.104533333
1538150400,0.104533333
1538150700,0.104533333
1538151000,0.104533333
1538151300,0.104533333
1538151600,0.104533333
1538151900,0.104533333
1538152200,0.104533333
1538152500,0.104533333
1538152800,0.104533333
1538153100,0.104533333
1538153400,0.104533333
1538153700,0.104533333
1538154000,0.104533333
1538154300,0.104533333
1538154600,0.104533333
1538154900,0.104533333
1538155200,0.104533333
1538155500,0.104533333
1538155800,0.104533333
1538156100,0.104533333
1538156400,0.104533333
1538156700,0.104533333
1538157000,0.104533333
1538157300,0.104533333
1538157600,0.104533333
1538157900,0.104533333
1538158200,0.104533333
1538158500,0.104533333
1538158800,0.104533333
1538159100,0.104533333
1538159400,0.104533333
1538159700,0.104533333
1538160000,0.104533333
1538160300,0.104533333
1538160600,0.104533333
1538160900,0.104533333
1538161200,0.104533333
1538161500,0.104533333
1538161800,0.104533333
1538162100,0.104533333
1538162400,0.104533333
1538162700,0.104533333
1538163000,0.104533333
1538163300,0.104533333
1538163600,0.104533333
1538163900,0.104533333
1538164200,0.104533333
1538164500,0.104533333
1538164800,0.104533333
1538165100,0.104533333
1538165400,0.104533333
1538165700,0.104533333
1538166000,0.104533333
1538166300,0.104533333
1538166600,0.104533333
1538166900,0.104533333
1538167200,0.104533333
1538167500,0.104533333
1538167800,0.104533333
1538168100,0.104533333
1538168400,0.104533333
1538168700,0.104533333
1538169000,0.104533333
1538169300,0.104533333
1538169600,0.104533333
1538169900,0.104533333
1538170200,0.104533333
1538170500,0.104533333
1538170800,0.104533333
1538171100,0.104533333
1538171400,0.104533333
1538171700,0.104533333
1538172000,0.104533333
1538172300,0.104533333
1538172600,0.104533333
1538172900,0.104533333
1538173200,0.104533333
1538173500,0.104533333
1538173800,0.104533333
1538174100,0.104533333
1538174400,0.104533333
1538174700,0.104533333
1538175000,0.104533333
1538175300,0.104533333
1538175600,0.104533333
1538175900,0.104533333
1538176200,0.104533333
1538176500,0.104533333
1538176800,0.104533333
1538177100,0.104533333
1538177400,0.104533333
1538177700,0.104533333
1538178000,0.104533333
1538178300,0.104533333
1538178600,0.104533333
1538178900,0.104533333
1538179200,0.0992
1538179500,0.0992
1538179800,0.0992
1538180100,0.0992
1538180400,0.0992
1538180700,0.0992
1538181000,0.0992
1538181300,0.0992
1538181600,0.0992
1538181900,0.0992
1538182200,0.0992
1538182500,0.0992
1538182800,0.0992
1538183100,0.0992
1538183400,0.0992
1538183700,0.0992
1538184000,0.0992
1538184300,0.0992
1538184600,0.0992
1538184900,0.0992
1538185200,0.0992
1538185500,0.0992
1538185800,0.0992
1538186100,0.0992
1538186400,0.0992
1538186700,0.0992
1538187000,0.0992
1538187300,0.0992
1538187600,0.0992
1538187900,0.0992
1538188200,0.0992
1538188500,0.0992
1538188800,0.0992
1538189100,0.0992
1538189400,0.0992
1538189700,0.0992
1538190000,0.0992
1538190300,0.0992
1538190600,0.0992
1538190900,0.0992
1538191200,0.0992
1538191500,0.0992
1538191800,0.0992
1538192100,0.0992
1538192400,0.0992
1538192700,0.0992
1538193000,0.0992
1538193300,0.0992
1538193600,0.0992
1538193900,0.0992
1538194200,0.0992
1538194500,0.0992
1538194800,0.0992
1538195100,0.0992
1538195400,0.0992
1538195700,0.0992
1538196000,0.0992
1538196300,0.0992
1538196600,0.0992
1538196900,0.0992
1538197200,0.0992
1538197500,0.0992
1538197800,0.0992
1538198100,0.0992
1538198400,0.0992
1538198700,0.0992
1538199000,0.0992
1538199300,0.0992
1538199600,0.0992
1538199900,0.0992
1538200200,0.0992
1538200500,0.0992
1538200800,0.0992
1538201100,0.0992
1538201400,0.0992
1538201700,0.0992
1538202000,0.0992
1538202300,0.0992
1538202600,0.0992
1538202900,0.0992
1538203200,0.0992
1538203500,0.0992
1538203800,0.0992
1538204100,0.0992
1538204400,0.0992
1538204700,0.0992
1538205000,0.0992
1538205300,0.0992
1538205600,0.0992
1538205900,0.0992
1538206200,0.0992
1538206500,0.0992
1538206800,0.0992
1538207100,0.0992
1538207400,0.0992
1538207700,0.0992
1538208000,0.0992
1538208300,0.0992
1538208600,0.0992
1538208900,0.0992
1538209200,0.0992
1538209500,0.0992
1538209800,0.0992
1538210100,0.0992
1538210400,0.0992
1538210700,0.0992
1538211000,0.0992
1538211300,0.0992
1538211600,0.0992
1538211900,0.0992
1538212200,0.0992
1538212500,0.0992
1538212800,0.0992
1538213100,0.0992
1538213400,0.0992
1538213700,0.0992
1538214000,0.0992
1538214300,0.0992
1538214600,0.0992
1538214900,0.0992
1538215200,0.0992
1538215500,0.0992
1538215800,0.0992
1538216100,0.0992
1538216400,0.0992
1538216700,0.0992
1538217000,0.0992
1538217300,0.0992
1538217600,0.0992
1538217900,0.0992
1538218200,0.0992
1538218500,0.0992
1538218800,0.0992
1538219100,0.0992
1538219400,0.0992
1538219700,0.0992
1538220000,0.0992
1538220300,0.0992
1538220600,0.0992
1538220900,0.0992
1538221200,0.0992
1538221500,0.0992
1538221800,0.0992
1538222100,0.0992
1538222400,0.0992
1538222700,0.0992
1538223000,0.0992
1538223300,0.0992
1538223600,0.0992
1538223900,0.0992
1538224200,0.0992
1538224500,0.0992
1538224800,0.0992
1538225100,0.0992
1538225400,0.0992
1538225700,0.0992
1538226000,0.0992
1538226300,0.0992
1538226600,0.0992
1538226900,0.0992
1538227200,0.0992
1538227500,0.0992
1538227800,0.0992
1538228100,0.0992
1538228400,0.0992
1538228700,0.0992
1538229000,0.0992
1538229300,0.0992
1538229600,0.0992
1538229900,0.0992
1538230200,0.0992
1538230500,0.0992
1538230800,0.0992
1538231100,0.0992
1538231400,0.0992
1538231700,0.0992
1538232000,0.0992
1538232300,0.0992
1538232600,0.0992
1538232900,0.0992
1538233200,0.0992
1538233500,0.0992
1538233800,0.0992
1538234100,0.0992
1538234400,0.0992
1538234700,0.0992
1538235000,0.0992
1538235300,0.0992
1538235600,0.0992
1538235900,0.0992
1538236200,0.0992
1538236500,0.0992
1538236800,0.0992
1538237100,0.0992
1538237400,0.0992
1538237700,0.0992
1538238000,0.0992
1538238300,0.0992
1538238600,0.0992
1538238900,0.0992
1538239200,0.0992
1538239500,0.0992
1538239800,0.0992
1538240100,0.0992
1538240400,0.0992
1538240700,0.0992
1538241000,0.0992
1538241300,0.0992
1538241600,0.0992
1538241900,0.0992
1538242200,0.0992
1538242500,0.0992
1538242800,0.0992
1538243100,0.0992
1538243400,0.0992
1538243700,0.0992
1538244000,0.0992
1538244300,0.0992
1538244600,0.0992
1538244900,0.0992
1538245200,0.0992
1538245500,0.0992
1538245800,0.0992
1538246100,0.0992
1538246400,0.0992
1538246700,0.0992
1538247000,0.0992
1538247300,0.0992
1538247600,0.0992
1538247900,0.0992
1538248200,0.0992
1538248500,0.0992
1538248800,0.0992
1538249100,0.0992
1538249400,0.0992
1538249700,0.0992
1538250000,0.0992
1538250300,0.0992
1538250600,0.0992
1538250900,0.0992
1538251200,0.0992
1538251500,0.0992
1538251800,0.0992
1538252100,0.0992
1538252400,0.0992
1538252700,0.0992
1538253000,0.0992
1538253300,0.0992
1538253600,0.0992
1538253900,0.0992
1538254200,0.0992
1538254500,0.0992
1538254800,0.0992
1538255100,0.0992
1538255400,0.0992
1538255700,0.0992
1538256000,0.0992
1538256300,0.0992
1538256600,0.0992
1538256900,0.0992
1538257200,0.0992
1538257500,0.0992
1538257800,0.0992
1538258100,0.0992
1538258400,0.0992
1538258700,0.0992
1538259000,0.0992
1538259300,0.0992
1538259600,0.0992
1538259900,0.0992
1538260200,0.0992
1538260500,0.0992
1538260800,0.0992
1538261100,0.0992
1538261400,0.0992
1538261700,0.0992
1538262000,0.0992
1538262300,0.0992
1538262600,0.0992
1538262900,0.0992
1538263200,0.0992
1538263500,0.0992
1538263800,0.0992
1538264100,0.0992
1538264400,0.0992
1538264700,0.0992
1538265000,0.0992
1538265300,0.0992
1538265600,0.093866667
1538265900,0.093866667
1538266200,0.093866667
1538266500,0.093866667
1538266800,0.093866667
1538267100,0.093866667
1538267400,0.093866667
1538267700,0.093866667
1538268000,0.093866667
1538268300,0.093866667
1538268600,0.093866667
1538268900,0.093866667
1538269200,0.093866667
1538269500,0.093866667
1538269800,0.093866667
1538270100,0.093866667
1538270400,0.093866667
1538270700,0.093866667
1538271000,0.093866667
1538271300,0.093866667
1538271600,0.093866667
1538271900,0.093866667
1538272200,0.093866667
1538272500,0.093866667
1538272800,0.093866667
1538273100,0.093866667
1538273400,0.093866667
1538273700,0.093866667
1538274000,0.093866667
1538274300,0.093866667
1538274600,0.093866667
1538274900,0.093866667
1538275200,0.093866667
1538275500,0.093866667
1538275800,0.093866667
1538276100,0.093866667
1538276400,0.093866667
1538276700,0.093866667
1538277000,0.093866667
1538277300,0.093866667
1538277600,0.093866667
1538277900,0.093866667
1538278200,0.093866667
1538278500,0.093866667
1538278800,0.093866667
1538279100,0.093866667
1538279400,0.093866667
1538279700,0.093866667
1538280000,0.093866667
1538280300,0.093866667
1538280600,0.093866667
1538280900,0.093866667
1538281200,0.093866667
1538281500,0.093866667
1538281800,0.093866667
1538282100,0.093866667
1538282400,0.093866667
1538282700,0.093866667
1538283000,0.093866667
1538283300,0.093866667
1538283600,0.093866667
1538283900,0.093866667
1538284200,0.093866667
1538284500,0.093866667
1538284800,0.093866667
1538285100,0.093866667
1538285400,0.093866667
1538285700,0.093866667
1538286000,0.093866667
1538286300,0.093866667
1538286600,0.093866667
1538286900,0.093866667
1538287200,0.093866667
1538287500,0.093866667
1538287800,0.093866667
1538288100,0.093866667
1538288400,0.093866667
1538288700,0.093866667
1538289000,0.093866667
1538289300,0.093866667
1538289600,0.093866667
1538289900,0.093866667
1538290200,0.093866667
1538290500,0.093866667
1538290800,0.093866667
1538291100,0.093866667
1538291400,0.093866667
1538291700,0.093866667
1538292000,0.093866667
1538292300,0.093866667
1538292600,0.093866667
1538292900,0.093866667
1538293200,0.093866667
1538293500,0.093866667
1538293800,0.093866667
1538294100,0.093866667
1538294400,0.093866667
1538294700,0.093866667
1538295000,0.093866667
1538295300,0.093866667
1538295600,0.093866667
1538295900,0.093866667
1538296200,0.093866667
1538296500,0.093866667
1538296800,0.093866667
1538297100,0.093866667
1538297400,0.093866667
1538297700,0.093866667
1538298000,0.093866667
1538298300,0.093866667
1538298600,0.093866667
1538298900,0.093866667
1538299200,0.093866667
1538299500,0.093866667
1538299800,0.093866667
1538300100,0.093866667
1538300400,0.093866667
1538300700,0.093866667
1538301000,0.093866667
1538301300,0.093866667
1538301600,0.093866667
1538301900,0.093866667
1538302200,0.093866667
1538302500,0.093866667
1538302800,0.093866667
1538303100,0.093866667
1538303400,0.093866667
1538303700,0.093866667
1538304000,0.093866667
1538304300,0.093866667
1538304600,0.093866667
1538304900,0.093866667
1538305200,0.093866667
1538305500,0.093866667
1538305800,0.093866667
1538306100,0.093866667
1538306400,0.093866667
1538306700,0.093866667
1538307000,0.093866667
1538307300,0.093866667
1538307600,0.093866667
1538307900,0.093866667
1538308200,0.093866667
1538308500,0.093866667
1538308800,0.093866667
1538309100,0.093866667
1538309400,0.093866667
1538309700,0.093866667
1538310000,0.093866667
1538310300,0.093866667
1538310600,0.093866667
1538310900,0.093866667
1538311200,0.093866667
1538311500,0.093866667
1538311800,0.093866667
1538312100,0.093866667
1538312400,0.093866667
1538312700,0.093866667
1538313000,0.093866667
1538313300,0.093866667
1538313600,0.093866667
1538313900,0.093866667
1538314200,0.093866667
1538314500,0.093866667
1538314800,0.093866667
1538315100,0.093866667
1538315400,0.093866667
1538315700,0.093866667
1538316000,0.093866667
1538316300,0.093866667
1538316600,0.093866667
1538316900,0.093866667
1538317200,0.093866667
1538317500,0.093866667
1538317800,0.093866667
1538318100,0.093866667
1538318400,0.093866667
1538318700,0.093866667
1538319000,0.093866667
1538319300,0.093866667
1538319600,0.093866667
1538319900,0.093866667
1538320200,0.093866667
1538320500,0.093866667
1538320800,0.093866667
1538321100,0.093866667
1538321400,0.093866667
1538321700,0.093866667
1538322000,0.093866667
1538322300,0.093866667
1538322600,0.093866667
1538322900,0.093866667
1538323200,0.093866667
1538323500,0.093866667
1538323800,0.093866667
1538324100,0.093866667
1538324400,0.093866667
1538324700,0.093866667
1538325000,0.093866667
1538325300,0.093866667
1538325600,0.093866667
1538325900,0.093866667
1538326200,0.093866667
1538326500,0.093866667
1538326800,0.093866667
1538327100,0.093866667
1538327400,0.093866667
1538327700,0.093866667
1538328000,0.093866667
1538328300,0.093866667
1538328600,0.093866667
1538328900,0.093866667
1538329200,0.093866667
1538329500,0.093866667
1538329800,0.093866667
1538330100,0.093866667
1538330400,0.093866667
1538330700,0.093866667
1538331000,0.093866667
1538331300,0.093866667
1538331600,0.093866667
1538331900,0.093866667
1538332200,0.093866667
1538332500,0.093866667
1538332800,0.093866667
1538333100,0.093866667
1538333400,0.093866667
1538333700,0.093866667
1538334000,0.093866667
1538334300,0.093866667
1538334600,0.093866667
1538334900,0.093866667
1538335200,0.093866667
1538335500,0.093866667
1538335800,0.093866667
1538336100,0.093866667
1538336400,0.093866667
1538336700,0.093866667
1538337000,0.093866667
1538337300,0.093866667
1538337600,0.093866667
1538337900,0.093866667
1538338200,0.093866667
1538338500,0.093866667
1538338800,0.093866667
1538339100,0.093866667
1538339400,0.093866667
1538339700,0.093866667
1538340000,0.093866667
1538340300,0.093866667
1538340600,0.093866667
1538340900,0.093866667
1538341200,0.093866667
1538341500,0.093866667
1538341800,0.093866667
1538342100,0.093866667
1538342400,0.093866667
1538342700,0.093866667
1538343000,0.093866667
1538343300,0.093866667
1538343600,0.093866667
1538343900,0.093866667
1538344200,0.093866667
1538344500,0.093866667
1538344800,0.093866667
1538345100,0.093866667
1538345400,0.093866667
1538345700,0.093866667
1538346000,0.093866667
1538346300,0.093866667
1538346600,0.093866667
1538346900,0.093866667
1538347200,0.093866667
1538347500,0.093866667
1538347800,0.093866667
1538348100,0.093866667
1538348400,0.093866667
1538348700,0.093866667
1538349000,0.093866667
1538349300,0.093866667
1538349600,0.093866667
1538349900,0.093866667
1538350200,0.093866667
1538350500,0.093866667
1538350800,0.093866667
1538351100,0.093866667
1538351400,0.093866667
1538351700,0.093866667
1538352000,0.088533333
1538352300,0.088533333
1538352600,0.088533333
1538352900,0.088533333
1538353200,0.088533333
1538353500,0.088533333
1538353800,0.088533333
1538354100,0.088533333
1538354400,0.088533333
1538354700,0.088533333
1538355000,0.088533333
1538355300,0.088533333
1538355600,0.088533333
1538355900,0.088533333
1538356200,0.088533333
1538356500,0.088533333
1538356800,0.088533333
1538357100,0.088533333
1538357400,0.088533333
1538357700,0.088533333
1538358000,0.088533333
1538358300,0.088533333
1538358600,0.088533333
1538358900,0.088533333
1538359200,0.088533333
1538359500,0.088533333
1538359800,0.088533333
1538360100,0.088533333
1538360400,0.088533333
1538360700,0.088533333
1538361000,0.088533333
1538361300,0.088533333
1538361600,0.088533333
1538361900,0.088533333
1538362200,0.088533333
1538362500,0.088533333
1538362800,0.088533333
1538363100,0.088533333
1538363400,0.088533333
1538363700,0.088533333
1538364000,0.088533333
1538364300,0.088533333
1538364600,0.088533333
1538364900,0.088533333
1538365200,0.088533333
1538365500,0.088533333
1538365800,0.088533333
1538366100,0.088533333
1538366400,0.088533333
1538366700,0.088533333
1538367000,0.088533333
1538367300,0.088533333
1538367600,0.088533333
1538367900,0.088533333
1538368200,0.088533333
1538368500,0.088533333
1538368800,0.088533333
1538369100,0.088533333
1538369400,0.088533333
1538369700,0.088533333
1538370000,0.088533333
1538370300,0.088533333
1538370600,0.088533333
1538370900,0.088533333
1538371200,0.088533333
1538371500,0.088533333
1538371800,0.088533333
1538372100,0.088533333
1538372400,0.088533333
1538372700,0.088533333
1538373000,0.088533333
1538373300,0.088533333
1538373600,0.088533333
1538373900,0.088533333
1538374200,0.088533333
1538374500,0.088533333
1538374800,0.088533333
1538375100,0.088533333
1538375400,0.088533333
1538375700,0.088533333
1538376000,0.088533333
1538376300,0.088533333
1538376600,0.088533333
1538376900,0.088533333
1538377200,0.088533333
1538377500,0.088533333
1538377800,0.088533333
1538378100,0.088533333
1538378400,0.088533333
1538378700,0.088533333
1538379000,0.088533333
1538379300,0.088533333
1538379600,0.088533333
1538379900,0.088533333
1538380200,0.088533333
1538380500,0.088533333
1538380800,0.088533333
1538381100,0.088533333
1538381400,0.088533333
1538381700,0.088533333
1538382000,0.088533333
1538382300,0.088533333
1538382600,0.088533333
1538382900,0.088533333
1538383200,0.088533333
1538383500,0.088533333
1538383800,0.088533333
1538384100,0.088533333
1538384400,0.088533333
1538384700,0.088533333
1538385000,0.088533333
1538385300,0.088533333
1538385600,0.088533333
1538385900,0.088533333
1538386200,0.088533333
1538386500,0.088533333
1538386800,0.088533333
1538387100,0.088533333
1538387400,0.088533333
1538387700,0.088533333
1538388000,0.088533333
1538388300,0.088533333
1538388600,0.088533333
1538388900,0.088533333
1538389200,0.088533333
1538389500,0.088533333
1538389800,0.088533333
1538390100,0.088533333
1538390400,0.088533333
1538390700,0.088533333
1538391000,0.088533333
1538391300,0.088533333
1538391600,0.088533333
1538391900,0.088533333
1538392200,0.088533333
1538392500,0.088533333
1538392800,0.088533333
1538393100,0.088533333
1538393400,0.088533333
1538393700,0.088533333
1538394000,0.088533333
1538394300,0.088533333
1538394600,0.088533333
1538394900,0.088533333
1538395200,0.088533333
1538395500,0.088533333
1538395800,0.088533333
1538396100,0.088533333
1538396400,0.088533333
1538396700,0.088533333
1538397000,0.088533333
1538397300,0.088533333
1538397600,0.088533333
1538397900,0.088533333
1538398200,0.088533333
1538398500,0.088533333
1538398800,0.088533333
1538399100,0.088533333
1538399400,0.088533333
1538399700,0.088533333
1538400000,0.088533333
1538400300,0.088533333
1538400600,0.088533333
1538400900,0.088533333
1538401200,0.088533333
1538401500,0.088533333
1538401800,0.088533333
1538402100,0.088533333
1538402400,0.088533333
1538402700,0.088533333
1538403000,0.088533333
1538403300,0.088533333
1538403600,0.088533333
1538403900,0.088533333
1538404200,0.088533333
1538404500,0.088533333
1538404800,0.088533333
1538405100,0.088533333
1538405400,0.088533333
1538405700,0.088533333
1538406000,0.088533333
1538406300,0.088533333
1538406600,0.088533333
1538406900,0.088533333
1538407200,0.088533333
1538407500,0.088533333
1538407800,0.088533333
1538408100,0.088533333
1538408400,0.088533333
1538408700,0.088533333
1538409000,0.088533333
1538409300,0.088533333
1538409600,0.088533333
1538409900,0.088533333
1538410200,0.088533333
1538410500,0.088533333
1538410800,0.088533333
1538411100,0.088533333
1538411400,0.088533333
1538411700,0.088533333
1538412000,0.088533333
1538412300,0.088533333
1538412600,0.088533333
1538412900,0.088533333
1538413200,0.088533333
1538413500,0.088533333
1538413800,0.088533333
1538414100,0.088533333
1538414400,0.088533333
1538414700,0.088533333
1538415000,0.088533333
1538415300,0.088533333
1538415600,0.088533333
1538415900,0.088533333
1538416200,0.088533333
1538416500,0.088533333
1538416800,0.088533333
1538417100,0.088533333
1538417400,0.088533333
1538417700,0.088533333
1538418000,0.088533333
1538418300,0.088533333
1538418600,0.088533333
1538418900,0.088533333
1538419200,0.088533333
1538419500,0.088533333
1538419800,0.088533333
1538420100,0.088533333
1538420400,0.088533333
1538420700,0.088533333
1538421000,0.088533333
1538421300,0.088533333
1538421600,0.088533333
1538421900,0.088533333
1538422200,0.088533333
1538422500,0.088533333
1538422800,0.088533333
1538423100,0.088533333
1538423400,0.088533333
1538423700,0.088533333
1538424000,0.088533333
1538424300,0.088533333
1538424600,0.088533333
1538424900,0.088533333
1538425200,0.088533333
1538425500,0.088533333
1538425800,0.088533333
1538426100,0.088533333
1538426400,0.088533333
1538426700,0.088533333
1538427000,0.088533333
1538427300,0.088533333
1538427600,0.088533333
1538427900,0.088533333
1538428200,0.088533333
1538428500,0.088533333
1538428800,0.088533333
1538429100,0.088533333
1538429400,0.088533333
1538429700,0.088533333
1538430000,0.088533333
1538430300,0.088533333
1538430600,0.088533333
1538430900,0.088533333
1538431200,0.088533333
1538431500,0.088533333
1538431800,0.088533333
1538432100,0.088533333
1538432400,0.088533333
1538432700,0.088533333
1538433000,0.088533333
1538433300,0.088533333
1538433600,0.088533333
1538433900,0.088533333
1538434200,0.088533333
1538434500,0.088533333
1538434800,0.088533333
1538435100,0.088533333
1538435400,0.088533333
1538435700,0.088533333
1538436000,0.088533333
1538436300,0.088533333
1538436600,0.088533333
1538436900,0.088533333
1538437200,0.088533333
1538437500,0.088533333
1538437800,0.088533333
1538438100,0.088533333
1538438400,0.0704
1538438700,0.0704
1538439000,0.0704
1538439300,0.0704
1538439600,0.0704
1538439900,0.0704
1538440200,0.0704
1538440500,0.0704
1538440800,0.0704
1538441100,0.0704
1538441400,0.0704
1538441700,0.0704
1538442000,0.0704
1538442300,0.0704
1538442600,0.0704
1538442900,0.0704
1538443200,0.0704
1538443500,0.0704
1538443800,0.0704
1538444100,0.0704
1538444400,0.0704
1538444700,0.0704
1538445000,0.0704
1538445300,0.0704
1538445600,0.0704
1538445900,0.0704
1538446200,0.0704
1538446500,0.0704
1538446800,0.0704
1538447100,0.0704
1538447400,0.0704
1538447700,0.0704
1538448000,0.0704
1538448300,0.0704
1538448600,0.0704
1538448900,0.0704
1538449200,0.0704
1538449500,0.0704
1538449800,0.0704
1538450100,0.0704
1538450400,0.0704
1538450700,0.0704
1538451000,0.0704
1538451300,0.0704
1538451600,0.0704
1538451900,0.0704
1538452200,0.0704
1538452500,0.0704
1538452800,0.0704
1538453100,0.0704
1538453400,0.0704
1538453700,0.0704
1538454000,0.0704
1538454300,0.0704
1538454600,0.0704
1538454900,0.0704
1538455200,0.0704
1538455500,0.0704
1538455800,0.0704
1538456100,0.0704
1538456400,0.0704
1538456700,0.0704
1538457000,0.0704
1538457300,0.0704
1538457600,0.0704
1538457900,0.0704
1538458200,0.0704
1538458500,0.0704
1538458800,0.0704
1538459100,0.0704
1538459400,0.0704
1538459700,0.0704
1538460000,0.0704
1538460300,0.0704
1538460600,0.0704
1538460900,0.0704
1538461200,0.0704
1538461500,0.0704
1538461800,0.0704
1538462100,0.0704
1538462400,0.0704
1538462700,0.0704
1538463000,0.0704
1538463300,0.0704
1538463600,0.0704
1538463900,0.0704
1538464200,0.0704
1538464500,0.0704
1538464800,0.0704
1538465100,0.0704
1538465400,0.0704
1538465700,0.0704
1538466000,0.0704
1538466300,0.0704
1538466600,0.0704
1538466900,0.0704
1538467200,0.0704
1538467500,0.0704
1538467800,0.0704
1538468100,0.0704
1538468400,0.0704
1538468700,0.0704
1538469000,0.0704
1538469300,0.0704
1538469600,0.0704
1538469900,0.0704
1538470200,0.0704
1538470500,0.0704
1538470800,0.0704
1538471100,0.0704
1538471400,0.0704
1538471700,0.0704
1538472000,0.0704
1538472300,0.0704
1538472600,0.0704
1538472900,0.0704
1538473200,0.0704
1538473500,0.0704
1538473800,0.0704
1538474100,0.0704
1538474400,0.0704
1538474700,0.0704
1538475000,0.0704
1538475300,0.0704
1538475600,0.0704
1538475900,0.0704
1538476200,0.0704
1538476500,0.0704
1538476800,0.0704
1538477100,0.0704
1538477400,0.0704
1538477700,0.0704
1538478000,0.0704
1538478300,0.0704
1538478600,0.0704
1538478900,0.0704
1538479200,0.0704
1538479500,0.0704
1538479800,0.0704
1538480100,0.0704
1538480400,0.0704
1538480700,0.0704
1538481000,0.0704
1538481300,0.0704
1538481600,0.0704
1538481900,0.0704
1538482200,0.0704
1538482500,0.0704
1538482800,0.0704
1538483100,0.0704
1538483400,0.0704
1538483700,0.0704
1538484000,0.0704
1538484300,0.0704
1538484600,0.0704
1538484900,0.0704
1538485200,0.0704
1538485500,0.0704
1538485800,0.0704
1538486100,0.0704
1538486400,0.0704
1538486700,0.0704
1538487000,0.0704
1538487300,0.0704
1538487600,0.0704
1538487900,0.0704
1538488200,0.0704
1538488500,0.0704
1538488800,0.0704
1538489100,0.0704
1538489400,0.0704
1538489700,0.0704
1538490000,0.0704
1538490300,0.0704
1538490600,0.0704
1538490900,0.0704
1538491200,0.0704
1538491500,0.0704
1538491800,0.0704
1538492100,0.0704
1538492400,0.0704
1538492700,0.0704
1538493000,0.0704
1538493300,0.0704
1538493600,0.0704
1538493900,0.0704
1538494200,0.0704
1538494500,0.0704
1538494800,0.0704
1538495100,0.0704
1538495400,0.0704
1538495700,0.0704
1538496000,0.0704
1538496300,0.0704
1538496600,0.0704
1538496900,0.0704
1538497200,0.0704
1538497500,0.0704
1538497800,0.0704
1538498100,0.0704
1538498400,0.0704
1538498700,0.0704
1538499000,0.0704
1538499300,0.0704
1538499600,0.0704
1538499900,0.0704
1538500200,0.0704
1538500500,0.0704
1538500800,0.0704
1538501100,0.0704
1538501400,0.0704
1538501700,0.0704
1538502000,0.0704
1538502300,0.0704
1538502600,0.0704
1538502900,0.0704
1538503200,0.0704
1538503500,0.0704
1538503800,0.0704
1538504100,0.0704
1538504400,0.0704
1538504700,0.0704
1538505000,0.0704
1538505300,0.0704
1538505600,0.0704
1538505900,0.0704
1538506200,0.0704
1538506500,0.0704
1538506800,0.0704
1538507100,0.0704
1538507400,0.0704
1538507700,0.0704
1538508000,0.0704
1538508300,0.0704
1538508600,0.0704
1538508900,0.0704
1538509200,0.0704
1538509500,0.0704
1538509800,0.0704
1538510100,0.0704
1538510400,0.0704
1538510700,0.0704
1538511000,0.0704
1538511300,0.0704
1538511600,0.0704
1538511900,0.0704
1538512200,0.0704
1538512500,0.0704
1538512800,0.0704
1538513100,0.0704
1538513400,0.0704
1538513700,0.0704
1538514000,0.0704
1538514300,0.0704
1538514600,0.0704
1538514900,0.0704
1538515200,0.0704
1538515500,0.0704
1538515800,0.0704
1538516100,0.0704
1538516400,0.0704
1538516700,0.0704
1538517000,0.0704
1538517300,0.0704
1538517600,0.0704
1538517900,0.0704
1538518200,0.0704
1538518500,0.0704
1538518800,0.0704
1538519100,0.0704
1538519400,0.0704
1538519700,0.0704
1538520000,0.0704
1538520300,0.0704
1538520600,0.0704
1538520900,0.0704
1538521200,0.0704
1538521500,0.0704
1538521800,0.0704
1538522100,0.0704
1538522400,0.0704
1538522700,0.0704
1538523000,0.0704
1538523300,0.0704
1538523600,0.0704
1538523900,0.0704
1538524200,0.0704
1538524500,0.0704
1538524800,0.123733333
1538525100,0.123733333
1538525400,0.123733333
1538525700,0.123733333
1538526000,0.123733333
1538526300,0.123733333
1538526600,0.123733333
1538526900,0.123733333
1538527200,0.123733333
1538527500,0.123733333
1538527800,0.123733333
1538528100,0.123733333
1538528400,0.123733333
1538528700,0.123733333
1538529000,0.123733333
1538529300,0.123733333
1538529600,0.123733333
1538529900,0.123733333
1538530200,0.123733333
1538530500,0.123733333
1538530800,0.123733333
1538531100,0.123733333
1538531400,0.123733333
1538531700,0.123733333
1538532000,0.123733333
1538532300,0.123733333
1538532600,0.123733333
1538532900,0.123733333
1538533200,0.123733333
1538533500,0.123733333
1538533800,0.123733333
1538534100,0.123733333
1538534400,0.123733333
1538534700,0.123733333
1538535000,0.123733333
1538535300,0.123733333
1538535600,0.123733333
1538535900,0.123733333
1538536200,0.123733333
1538536500,0.123733333
1538536800,0.123733333
1538537100,0.123733333
1538537400,0.123733333
1538537700,0.123733333
1538538000,0.123733333
1538538300,0.123733333
1538538600,0.123733333
1538538900,0.123733333
1538539200,0.123733333
1538539500,0.123733333
1538539800,0.123733333
1538540100,0.123733333
1538540400,0.123733333
1538540700,0.123733333
1538541000,0.123733333
1538541300,0.123733333
1538541600,0.123733333
1538541900,0.123733333
1538542200,0.123733333
1538542500,0.123733333
1538542800,0.123733333
1538543100,0.123733333
1538543400,0.123733333
1538543700,0.123733333
1538544000,0.123733333
1538544300,0.123733333
1538544600,0.123733333
1538544900,0.123733333
1538545200,0.123733333
1538545500,0.123733333
1538545800,0.123733333
1538546100,0.123733333
1538546400,0.123733333
1538546700,0.123733333
1538547000,0.123733333
1538547300,0.123733333
1538547600,0.123733333
1538547900,0.123733333
1538548200,0.123733333
1538548500,0.123733333
1538548800,0.123733333
1538549100,0.123733333
1538549400,0.123733333
1538549700,0.123733333
1538550000,0.123733333
1538550300,0.123733333
1538550600,0.123733333
1538550900,0.123733333
1538551200,0.123733333
1538551500,0.123733333
1538551800,0.123733333
1538552100,0.123733333
1538552400,0.123733333
1538552700,0.123733333
1538553000,0.123733333
1538553300,0.123733333
1538553600,0.123733333
1538553900,0.123733333
1538554200,0.123733333
1538554500,0.123733333
1538554800,0.123733333
1538555100,0.123733333
1538555400,0.123733333
1538555700,0.123733333
1538556000,0.123733333
1538556300,0.123733333
1538556600,0.123733333
1538556900,0.123733333
1538557200,0.123733333
1538557500,0.123733333
1538557800,0.123733333
1538558100,0.123733333
1538558400,0.123733333
1538558700,0.123733333
1538559000,0.123733333
1538559300,0.123733333
1538559600,0.123733333
1538559900,0.123733333
1538560200,0.123733333
1538560500,0.123733333
1538560800,0.123733333
1538561100,0.123733333
1538561400,0.123733333
1538561700,0.123733333
1538562000,0.123733333
1538562300,0.123733333
1538562600,0.123733333
1538562900,0.123733333
1538563200,0.123733333
1538563500,0.123733333
1538563800,0.123733333
1538564100,0.123733333
1538564400,0.123733333
1538564700,0.123733333
1538565000,0.123733333
1538565300,0.123733333
1538565600,0.123733333
1538565900,0.123733333
1538566200,0.123733333
1538566500,0.123733333
1538566800,0.123733333
1538567100,0.123733333
1538567400,0.123733333
1538567700,0.123733333
1538568000,0.123733333
1538568300,0.123733333
1538568600,0.123733333
1538568900,0.123733333
1538569200,0.123733333
1538569500,0.123733333
1538569800,0.123733333
1538570100,0.123733333
1538570400,0.123733333
1538570700,0.123733333
1538571000,0.123733333
1538571300,0.123733333
1538571600,0.123733333
1538571900,0.123733333
1538572200,0.123733333
1538572500,0.123733333
1538572800,0.123733333
1538573100,0.123733333
1538573400,0.123733333
1538573700,0.123733333
1538574000,0.123733333
1538574300,0.123733333
1538574600,0.123733333
1538574900,0.123733333
1538575200,0.123733333
1538575500,0.123733333
1538575800,0.123733333
1538576100,0.123733333
1538576400,0.123733333
1538576700,0.123733333
1538577000,0.123733333
1538577300,0.123733333
1538577600,0.123733333
1538577900,0.123733333
1538578200,0.123733333
1538578500,0.123733333
1538578800,0.123733333
1538579100,0.123733333
1538579400,0.123733333
1538579700,0.123733333
1538580000,0.123733333
1538580300,0.123733333
1538580600,0.123733333
1538580900,0.123733333
1538581200,0.123733333
1538581500,0.123733333
1538581800,0.123733333
1538582100,0.123733333
1538582400,0.123733333
1538582700,0.123733333
1538583000,0.123733333
1538583300,0.123733333
1538583600,0.123733333
1538583900,0.123733333
1538584200,0.123733333
1538584500,0.123733333
1538584800,0.123733333
1538585100,0.123733333
1538585400,0.123733333
1538585700,0.123733333
1538586000,0.123733333
1538586300,0.123733333
1538586600,0.123733333
1538586900,0.123733333
1538587200,0.123733333
1538587500,0.123733333
1538587800,0.123733333
1538588100,0.123733333
1538588400,0.123733333
1538588700,0.123733333
1538589000,0.123733333
1538589300,0.123733333
1538589600,0.123733333
1538589900,0.123733333
1538590200,0.123733333
1538590500,0.123733333
1538590800,0.123733333
1538591100,0.123733333
1538591400,0.123733333
1538591700,0.123733333
1538592000,0.123733333
1538592300,0.123733333
1538592600,0.123733333
1538592900,0.123733333
1538593200,0.123733333
1538593500,0.123733333
1538593800,0.123733333
1538594100,0.123733333
1538594400,0.123733333
1538594700,0.123733333
1538595000,0.123733333
1538595300,0.123733333
1538595600,0.123733333
1538595900,0.123733333
1538596200,0.123733333
1538596500,0.123733333
1538596800,0.123733333
1538597100,0.123733333
1538597400,0.123733333
1538597700,0.123733333
1538598000,0.123733333
1538598300,0.123733333
1538598600,0.123733333
1538598900,0.123733333
1538599200,0.123733333
1538599500,0.123733333
1538599800,0.123733333
1538600100,0.123733333
1538600400,0.123733333
1538600700,0.123733333
1538601000,0.123733333
1538601300,0.123733333
1538601600,0.123733333
1538601900,0.123733333
1538602200,0.123733333
1538602500,0.123733333
1538602800,0.123733333
1538603100,0.123733333
1538603400,0.123733333
1538603700,0.123733333
1538604000,0.123733333
1538604300,0.123733333
1538604600,0.123733333
1538604900,0.123733333
1538605200,0.123733333
1538605500,0.123733333
1538605800,0.123733333
1538606100,0.123733333
1538606400,0.123733333
1538606700,0.123733333
1538607000,0.123733333
1538607300,0.123733333
1538607600,0.123733333
1538607900,0.123733333
1538608200,0.123733333
1538608500,0.123733333
1538608800,0.123733333
1538609100,0.123733333
1538609400,0.123733333
1538609700,0.123733333
1538610000,0.123733333
1538610300,0.123733333
1538610600,0.123733333
1538610900,0.123733333
1538611200,0.072533333
1538611500,0.072533333
1538611800,0.072533333
1538612100,0.072533333
1538612400,0.072533333
1538612700,0.072533333
1538613000,0.072533333
1538613300,0.072533333
1538613600,0.072533333
1538613900,0.072533333
1538614200,0.072533333
1538614500,0.072533333
1538614800,0.072533333
1538615100,0.072533333
1538615400,0.072533333
1538615700,0.072533333
1538616000,0.072533333
1538616300,0.072533333
1538616600,0.072533333
1538616900,0.072533333
1538617200,0.072533333
1538617500,0.072533333
1538617800,0.072533333
1538618100,0.072533333
1538618400,0.072533333
1538618700,0.072533333
1538619000,0.072533333
1538619300,0.072533333
1538619600,0.072533333
1538619900,0.072533333
1538620200,0.072533333
1538620500,0.072533333
1538620800,0.072533333
1538621100,0.072533333
1538621400,0.072533333
1538621700,0.072533333
1538622000,0.072533333
1538622300,0.072533333
1538622600,0.072533333
1538622900,0.072533333
1538623200,0.072533333
1538623500,0.072533333
1538623800,0.072533333
1538624100,0.072533333
1538624400,0.072533333
1538624700,0.072533333
1538625000,0.072533333
1538625300,0.072533333
1538625600,0.072533333
1538625900,0.072533333
1538626200,0.072533333
1538626500,0.072533333
1538626800,0.072533333
1538627100,0.072533333
1538627400,0.072533333
1538627700,0.072533333
1538628000,0.072533333
1538628300,0.072533333
1538628600,0.072533333
1538628900,0.072533333
1538629200,0.072533333
1538629500,0.072533333
1538629800,0.072533333
1538630100,0.072533333
1538630400,0.072533333
1538630700,0.072533333
1538631000,0.072533333
1538631300,0.072533333
1538631600,0.072533333
1538631900,0.072533333
1538632200,0.072533333
1538632500,0.072533333
1538632800,0.072533333
1538633100,0.072533333
1538633400,0.072533333
1538633700,0.072533333
1538634000,0.072533333
1538634300,0.072533333
1538634600,0.072533333
1538634900,0.072533333
1538635200,0.072533333
1538635500,0.072533333
1538635800,0.072533333
1538636100,0.072533333
1538636400,0.072533333
1538636700,0.072533333
1538637000,0.072533333
1538637300,0.072533333
1538637600,0.072533333
1538637900,0.072533333
1538638200,0.072533333
1538638500,0.072533333
1538638800,0.072533333
1538639100,0.072533333
1538639400,0.072533333
1538639700,0.072533333
1538640000,0.072533333
1538640300,0.072533333
1538640600,0.072533333
1538640900,0.072533333
1538641200,0.072533333
1538641500,0.072533333
1538641800,0.072533333
1538642100,0.072533333
1538642400,0.072533333
1538642700,0.072533333
1538643000,0.072533333
1538643300,0.072533333
1538643600,0.072533333
1538643900,0.072533333
1538644200,0.072533333
1538644500,0.072533333
1538644800,0.072533333
1538645100,0.072533333
1538645400,0.072533333
1538645700,0.072533333
1538646000,0.072533333
1538646300,0.072533333
1538646600,0.072533333
1538646900,0.072533333
1538647200,0.072533333
1538647500,0.072533333
1538647800,0.072533333
1538648100,0.072533333
1538648400,0.072533333
1538648700,0.072533333
1538649000,0.072533333
1538649300,0.072533333
1538649600,0.072533333
1538649900,0.072533333
1538650200,0.072533333
1538650500,0.072533333
1538650800,0.072533333
1538651100,0.072533333
1538651400,0.072533333
1538651700,0.072533333
1538652000,0.072533333
1538652300,0.072533333
1538652600,0.072533333
1538652900,0.072533333
1538653200,0.072533333
1538653500,0.072533333
1538653800,0.072533333
1538654100,0.072533333
1538654400,0.072533333
1538654700,0.072533333
1538655000,0.072533333
1538655300,0.072533333
1538655600,0.072533333
1538655900,0.072533333
1538656200,0.072533333
1538656500,0.072533333
1538656800,0.072533333
1538657100,0.072533333
1538657400,0.072533333
1538657700,0.072533333
1538658000,0.072533333
1538658300,0.072533333
1538658600,0.072533333
1538658900,0.072533333
1538659200,0.072533333
1538659500,0.072533333
1538659800,0.072533333
1538660100,0.072533333
1538660400,0.072533333
1538660700,0.072533333
1538661000,0.072533333
1538661300,0.072533333
1538661600,0.072533333
1538661900,0.072533333
1538662200,0.072533333
1538662500,0.072533333
1538662800,0.072533333
1538663100,0.072533333
1538663400,0.072533333
1538663700,0.072533333
1538664000,0.072533333
1538664300,0.072533333
1538664600,0.072533333
1538664900,0.072533333
1538665200,0.072533333
1538665500,0.072533333
1538665800,0.072533333
1538666100,0.072533333
1538666400,0.072533333
1538666700,0.072533333
1538667000,0.072533333
1538667300,0.072533333
1538667600,0.072533333
1538667900,0.072533333
1538668200,0.072533333
1538668500,0.072533333
1538668800,0.072533333
1538669100,0.072533333
1538669400,0.072533333
1538669700,0.072533333
1538670000,0.072533333
1538670300,0.072533333
1538670600,0.072533333
1538670900,0.072533333
1538671200,0.072533333
1538671500,0.072533333
1538671800,0.072533333
1538672100,0.072533333
1538672400,0.072533333
1538672700,0.072533333
1538673000,0.072533333
1538673300,0.072533333
1538673600,0.072533333
1538673900,0.072533333
1538674200,0.072533333
1538674500,0.072533333
1538674800,0.072533333
1538675100,0.072533333
1538675400,0.072533333
1538675700,0.072533333
1538676000,0.072533333
1538676300,0.072533333
1538676600,0.072533333
1538676900,0.072533333
1538677200,0.072533333
1538677500,0.072533333
1538677800,0.072533333
1538678100,0.072533333
1538678400,0.072533333
1538678700,0.072533333
1538679000,0.072533333
1538679300,0.072533333
1538679600,0.072533333
1538679900,0.072533333
1538680200,0.072533333
1538680500,0.072533333
1538680800,0.072533333
1538681100,0.072533333
1538681400,0.072533333
1538681700,0.072533333
1538682000,0.072533333
1538682300,0.072533333
1538682600,0.072533333
1538682900,0.072533333
1538683200,0.072533333
1538683500,0.072533333
1538683800,0.072533333
1538684100,0.072533333
1538684400,0.072533333
1538684700,0.072533333
1538685000,0.072533333
1538685300,0.072533333
1538685600,0.072533333
1538685900,0.072533333
1538686200,0.072533333
1538686500,0.072533333
1538686800,0.072533333
1538687100,0.072533333
1538687400,0.072533333
1538687700,0.072533333
1538688000,0.072533333
1538688300,0.072533333
1538688600,0.072533333
1538688900,0.072533333
1538689200,0.072533333
1538689500,0.072533333
1538689800,0.072533333
1538690100,0.072533333
1538690400,0.072533333
1538690700,0.072533333
1538691000,0.072533333
1538691300,0.072533333
1538691600,0.072533333
1538691900,0.072533333
1538692200,0.072533333
1538692500,0.072533333
1538692800,0.072533333
1538693100,0.072533333
1538693400,0.072533333
1538693700,0.072533333
1538694000,0.072533333
1538694300,0.072533333
1538694600,0.072533333
1538694900,0.072533333
1538695200,0.072533333
1538695500,0.072533333
1538695800,0.072533333
1538696100,0.072533333
1538696400,0.072533333
1538696700,0.072533333
1538697000,0.072533333
1538697300,0.072533333
1538697600,0.100266667
1538697900,0.100266667
1538698200,0.100266667
1538698500,0.100266667
1538698800,0.100266667
1538699100,0.100266667
1538699400,0.100266667
1538699700,0.100266667
1538700000,0.100266667
1538700300,0.100266667
1538700600,0.100266667
1538700900,0.100266667
1538701200,0.100266667
1538701500,0.100266667
1538701800,0.100266667
1538702100,0.100266667
1538702400,0.100266667
1538702700,0.100266667
1538703000,0.100266667
1538703300,0.100266667
1538703600,0.100266667
1538703900,0.100266667
1538704200,0.100266667
1538704500,0.100266667
1538704800,0.100266667
1538705100,0.100266667
1538705400,0.100266667
1538705700,0.100266667
1538706000,0.100266667
1538706300,0.100266667
1538706600,0.100266667
1538706900,0.100266667
1538707200,0.100266667
1538707500,0.100266667
1538707800,0.100266667
1538708100,0.100266667
1538708400,0.100266667
1538708700,0.100266667
1538709000,0.100266667
1538709300,0.100266667
1538709600,0.100266667
1538709900,0.100266667
1538710200,0.100266667
1538710500,0.100266667
1538710800,0.100266667
1538711100,0.100266667
1538711400,0.100266667
1538711700,0.100266667
1538712000,0.100266667
1538712300,0.100266667
1538712600,0.100266667
1538712900,0.100266667
1538713200,0.100266667
1538713500,0.100266667
1538713800,0.100266667
1538714100,0.100266667
1538714400,0.100266667
1538714700,0.100266667
1538715000,0.100266667
1538715300,0.100266667
1538715600,0.100266667
1538715900,0.100266667
1538716200,0.100266667
1538716500,0.100266667
1538716800,0.100266667
1538717100,0.100266667
1538717400,0.100266667
1538717700,0.100266667
1538718000,0.100266667
1538718300,0.100266667
1538718600,0.100266667
1538718900,0.100266667
1538719200,0.100266667
1538719500,0.100266667
1538719800,0.100266667
1538720100,0.100266667
1538720400,0.100266667
1538720700,0.100266667
1538721000,0.100266667
1538721300,0.100266667
1538721600,0.100266667
1538721900,0.100266667
1538722200,0.100266667
1538722500,0.100266667
1538722800,0.100266667
1538723100,0.100266667
1538723400,0.100266667
1538723700,0.100266667
1538724000,0.100266667
1538724300,0.100266667
1538724600,0.100266667
1538724900,0.100266667
1538725200,0.100266667
1538725500,0.100266667
1538725800,0.100266667
1538726100,0.100266667
1538726400,0.100266667
1538726700,0.100266667
1538727000,0.100266667
1538727300,0.100266667
1538727600,0.100266667
1538727900,0.100266667
1538728200,0.100266667
1538728500,0.100266667
1538728800,0.100266667
1538729100,0.100266667
1538729400,0.100266667
1538729700,0.100266667
1538730000,0.100266667
1538730300,0.100266667
1538730600,0.100266667
1538730900,0.100266667
1538731200,0.100266667
1538731500,0.100266667
1538731800,0.100266667
1538732100,0.100266667
1538732400,0.100266667
1538732700,0.100266667
1538733000,0.100266667
1538733300,0.100266667
1538733600,0.100266667
1538733900,0.100266667
1538734200,0.100266667
1538734500,0.100266667
1538734800,0.100266667
1538735100,0.100266667
1538735400,0.100266667
1538735700,0.100266667
1538736000,0.100266667
1538736300,0.100266667
1538736600,0.100266667
1538736900,0.100266667
1538737200,0.100266667
1538737500,0.100266667
1538737800,0.100266667
1538738100,0.100266667
1538738400,0.100266667
1538738700,0.100266667
1538739000,0.100266667
1538739300,0.100266667
1538739600,0.100266667
1538739900,0.100266667
1538740200,0.100266667
1538740500,0.100266667
1538740800,0.100266667
1538741100,0.100266667
1538741400,0.100266667
1538741700,0.100266667
1538742000,0.100266667
1538742300,0.100266667
1538742600,0.100266667
1538742900,0.100266667
1538743200,0.100266667
1538743500,0.100266667
1538743800,0.100266667
1538744100,0.100266667
1538744400,0.100266667
1538744700,0.100266667
1538745000,0.100266667
1538745300,0.100266667
1538745600,0.100266667
1538745900,0.100266667
1538746200,0.100266667
1538746500,0.100266667
1538746800,0.100266667
1538747100,0.100266667
1538747400,0.100266667
1538747700,0.100266667
1538748000,0.100266667
1538748300,0.100266667
1538748600,0.100266667
1538748900,0.100266667
1538749200,0.100266667
1538749500,0.100266667
1538749800,0.100266667
1538750100,0.100266667
1538750400,0.100266667
1538750700,0.100266667
1538751000,0.100266667
1538751300,0.100266667
1538751600,0.100266667
1538751900,0.100266667
1538752200,0.100266667
1538752500,0.100266667
1538752800,0.100266667
1538753100,0.100266667
1538753400,0.100266667
1538753700,0.100266667
1538754000,0.100266667
1538754300,0.100266667
1538754600,0.100266667
1538754900,0.100266667
1538755200,0.100266667
1538755500,0.100266667
1538755800,0.100266667
1538756100,0.100266667
1538756400,0.100266667
1538756700,0.100266667
1538757000,0.100266667
1538757300,0.100266667
1538757600,0.100266667
1538757900,0.100266667
1538758200,0.100266667
1538758500,0.100266667
1538758800,0.100266667
1538759100,0.100266667
1538759400,0.100266667
1538759700,0.100266667
1538760000,0.100266667
1538760300,0.100266667
1538760600,0.100266667
1538760900,0.100266667
1538761200,0.100266667
1538761500,0.100266667
1538761800,0.100266667
1538762100,0.100266667
1538762400,0.100266667
1538762700,0.100266667
1538763000,0.100266667
1538763300,0.100266667
1538763600,0.100266667
1538763900,0.100266667
1538764200,0.100266667
1538764500,0.100266667
1538764800,0.100266667
1538765100,0.100266667
1538765400,0.100266667
1538765700,0.100266667
1538766000,0.100266667
1538766300,0.100266667
1538766600,0.100266667
1538766900,0.100266667
1538767200,0.100266667
1538767500,0.100266667
1538767800,0.100266667
1538768100,0.100266667
1538768400,0.100266667
1538768700,0.100266667
1538769000,0.100266667
1538769300,0.100266667
1538769600,0.100266667
1538769900,0.100266667
1538770200,0.100266667
1538770500,0.100266667
1538770800,0.100266667
1538771100,0.100266667
1538771400,0.100266667
1538771700,0.100266667
1538772000,0.100266667
1538772300,0.100266667
1538772600,0.100266667
1538772900,0.100266667
1538773200,0.100266667
1538773500,0.100266667
1538773800,0.100266667
1538774100,0.100266667
1538774400,0.100266667
1538774700,0.100266667
1538775000,0.100266667
1538775300,0.100266667
1538775600,0.100266667
1538775900,0.100266667
1538776200,0.100266667
1538776500,0.100266667
1538776800,0.100266667
1538777100,0.100266667
1538777400,0.100266667
1538777700,0.100266667
1538778000,0.100266667
1538778300,0.100266667
1538778600,0.100266667
1538778900,0.100266667
1538779200,0.100266667
1538779500,0.100266667
1538779800,0.100266667
1538780100,0.100266667
1538780400,0.100266667
1538780700,0.100266667
1538781000,0.100266667
1538781300,0.100266667
1538781600,0.100266667
1538781900,0.100266667
1538782200,0.100266667
1538782500,0.100266667
1538782800,0.100266667
1538783100,0.100266667
1538783400,0.100266667
1538783700,0.100266667
1538784000,0.0992
1538784300,0.0992
1538784600,0.0992
1538784900,0.0992
1538785200,0.0992
1538785500,0.0992
1538785800,0.0992
1538786100,0.0992
1538786400,0.0992
1538786700,0.0992
1538787000,0.0992
1538787300,0.0992
1538787600,0.0992
1538787900,0.0992
1538788200,0.0992
1538788500,0.0992
1538788800,0.0992
1538789100,0.0992
1538789400,0.0992
1538789700,0.0992
1538790000,0.0992
1538790300,0.0992
1538790600,0.0992
1538790900,0.0992
1538791200,0.0992
1538791500,0.0992
1538791800,0.0992
1538792100,0.0992
1538792400,0.0992
1538792700,0.0992
1538793000,0.0992
1538793300,0.0992
1538793600,0.0992
1538793900,0.0992
1538794200,0.0992
1538794500,0.0992
1538794800,0.0992
1538795100,0.0992
1538795400,0.0992
1538795700,0.0992
1538796000,0.0992
1538796300,0.0992
1538796600,0.0992
1538796900,0.0992
1538797200,0.0992
1538797500,0.0992
1538797800,0.0992
1538798100,0.0992
1538798400,0.0992
1538798700,0.0992
1538799000,0.0992
1538799300,0.0992
1538799600,0.0992
1538799900,0.0992
1538800200,0.0992
1538800500,0.0992
1538800800,0.0992
1538801100,0.0992
1538801400,0.0992
1538801700,0.0992
1538802000,0.0992
1538802300,0.0992
1538802600,0.0992
1538802900,0.0992
1538803200,0.0992
1538803500,0.0992
1538803800,0.0992
1538804100,0.0992
1538804400,0.0992
1538804700,0.0992
1538805000,0.0992
1538805300,0.0992
1538805600,0.0992
1538805900,0.0992
1538806200,0.0992
1538806500,0.0992
1538806800,0.0992
1538807100,0.0992
1538807400,0.0992
1538807700,0.0992
1538808000,0.0992
1538808300,0.0992
1538808600,0.0992
1538808900,0.0992
1538809200,0.0992
1538809500,0.0992
1538809800,0.0992
1538810100,0.0992
1538810400,0.0992
1538810700,0.0992
1538811000,0.0992
1538811300,0.0992
1538811600,0.0992
1538811900,0.0992
1538812200,0.0992
1538812500,0.0992
1538812800,0.0992
1538813100,0.0992
1538813400,0.0992
1538813700,0.0992
1538814000,0.0992
1538814300,0.0992
1538814600,0.0992
1538814900,0.0992
1538815200,0.0992
1538815500,0.0992
1538815800,0.0992
1538816100,0.0992
1538816400,0.0992
1538816700,0.0992
1538817000,0.0992
1538817300,0.0992
1538817600,0.0992
1538817900,0.0992
1538818200,0.0992
1538818500,0.0992
1538818800,0.0992
1538819100,0.0992
1538819400,0.0992
1538819700,0.0992
1538820000,0.0992
1538820300,0.0992
1538820600,0.0992
1538820900,0.0992
1538821200,0.0992
1538821500,0.0992
1538821800,0.0992
1538822100,0.0992
1538822400,0.0992
1538822700,0.0992
1538823000,0.0992
1538823300,0.0992
1538823600,0.0992
1538823900,0.0992
1538824200,0.0992
1538824500,0.0992
1538824800,0.0992
1538825100,0.0992
1538825400,0.0992
1538825700,0.0992
1538826000,0.0992
1538826300,0.0992
1538826600,0.0992
1538826900,0.0992
1538827200,0.0992
1538827500,0.0992
1538827800,0.0992
1538828100,0.0992
1538828400,0.0992
1538828700,0.0992
1538829000,0.0992
1538829300,0.0992
1538829600,0.0992
1538829900,0.0992
1538830200,0.0992
1538830500,0.0992
1538830800,0.0992
1538831100,0.0992
1538831400,0.0992
1538831700,0.0992
1538832000,0.0992
1538832300,0.0992
1538832600,0.0992
1538832900,0.0992
1538833200,0.0992
1538833500,0.0992
1538833800,0.0992
1538834100,0.0992
1538834400,0.0992
1538834700,0.0992
1538835000,0.0992
1538835300,0.0992
1538835600,0.0992
1538835900,0.0992
1538836200,0.0992
1538836500,0.0992
1538836800,0.0992
1538837100,0.0992
1538837400,0.0992
1538837700,0.0992
1538838000,0.0992
1538838300,0.0992
1538838600,0.0992
1538838900,0.0992
1538839200,0.0992
1538839500,0.0992
1538839800,0.0992
1538840100,0.0992
1538840400,0.0992
1538840700,0.0992
1538841000,0.0992
1538841300,0.0992
1538841600,0.0992
1538841900,0.0992
1538842200,0.0992
1538842500,0.0992
1538842800,0.0992
1538843100,0.0992
1538843400,0.0992
1538843700,0.0992
1538844000,0.0992
1538844300,0.0992
1538844600,0.0992
1538844900,0.0992
1538845200,0.0992
1538845500,0.0992
1538845800,0.0992
1538846100,0.0992
1538846400,0.0992
1538846700,0.0992
1538847000,0.0992
1538847300,0.0992
1538847600,0.0992
1538847900,0.0992
1538848200,0.0992
1538848500,0.0992
1538848800,0.0992
1538849100,0.0992
1538849400,0.0992
1538849700,0.0992
1538850000,0.0992
1538850300,0.0992
1538850600,0.0992
1538850900,0.0992
1538851200,0.0992
1538851500,0.0992
1538851800,0.0992
1538852100,0.0992
1538852400,0.0992
1538852700,0.0992
1538853000,0.0992
1538853300,0.0992
1538853600,0.0992
1538853900,0.0992
1538854200,0.0992
1538854500,0.0992
1538854800,0.0992
1538855100,0.0992
1538855400,0.0992
1538855700,0.0992
1538856000,0.0992
1538856300,0.0992
1538856600,0.0992
1538856900,0.0992
1538857200,0.0992
1538857500,0.0992
1538857800,0.0992
1538858100,0.0992
1538858400,0.0992
1538858700,0.0992
1538859000,0.0992
1538859300,0.0992
1538859600,0.0992
1538859900,0.0992
1538860200,0.0992
1538860500,0.0992
1538860800,0.0992
1538861100,0.0992
1538861400,0.0992
1538861700,0.0992
1538862000,0.0992
1538862300,0.0992
1538862600,0.0992
1538862900,0.0992
1538863200,0.0992
1538863500,0.0992
1538863800,0.0992
1538864100,0.0992
1538864400,0.0992
1538864700,0.0992
1538865000,0.0992
1538865300,0.0992
1538865600,0.0992
1538865900,0.0992
1538866200,0.0992
1538866500,0.0992
1538866800,0.0992
1538867100,0.0992
1538867400,0.0992
1538867700,0.0992
1538868000,0.0992
1538868300,0.0992
1538868600,0.0992
1538868900,0.0992
1538869200,0.0992
1538869500,0.0992
1538869800,0.0992
1538870100,0.0992
1538870400,0.085333334
1538870700,0.085333334
1538871000,0.085333334
1538871300,0.085333334
1538871600,0.085333334
1538871900,0.085333334
1538872200,0.085333334
1538872500,0.085333334
1538872800,0.085333334
1538873100,0.085333334
1538873400,0.085333334
1538873700,0.085333334
1538874000,0.085333334
1538874300,0.085333334
1538874600,0.085333334
1538874900,0.085333334
1538875200,0.085333334
1538875500,0.085333334
1538875800,0.085333334
1538876100,0.085333334
1538876400,0.085333334
1538876700,0.085333334
1538877000,0.085333334
1538877300,0.085333334
1538877600,0.085333334
1538877900,0.085333334
1538878200,0.085333334
1538878500,0.085333334
1538878800,0.085333334
1538879100,0.085333334
1538879400,0.085333334
1538879700,0.085333334
1538880000,0.085333334
1538880300,0.085333334
1538880600,0.085333334
1538880900,0.085333334
1538881200,0.085333334
1538881500,0.085333334
1538881800,0.085333334
1538882100,0.085333334
1538882400,0.085333334
1538882700,0.085333334
1538883000,0.085333334
1538883300,0.085333334
1538883600,0.085333334
1538883900,0.085333334
1538884200,0.085333334
1538884500,0.085333334
1538884800,0.085333334
1538885100,0.085333334
1538885400,0.085333334
1538885700,0.085333334
1538886000,0.085333334
1538886300,0.085333334
1538886600,0.085333334
1538886900,0.085333334
1538887200,0.085333334
1538887500,0.085333334
1538887800,0.085333334
1538888100,0.085333334
1538888400,0.085333334
1538888700,0.085333334
1538889000,0.085333334
1538889300,0.085333334
1538889600,0.085333334
1538889900,0.085333334
1538890200,0.085333334
1538890500,0.085333334
1538890800,0.085333334
1538891100,0.085333334
1538891400,0.085333334
1538891700,0.085333334
1538892000,0.085333334
1538892300,0.085333334
1538892600,0.085333334
1538892900,0.085333334
1538893200,0.085333334
1538893500,0.085333334
1538893800,0.085333334
1538894100,0.085333334
1538894400,0.085333334
1538894700,0.085333334
1538895000,0.085333334
1538895300,0.085333334
1538895600,0.085333334
1538895900,0.085333334
1538896200,0.085333334
1538896500,0.085333334
1538896800,0.085333334
1538897100,0.085333334
1538897400,0.085333334
1538897700,0.085333334
1538898000,0.085333334
1538898300,0.085333334
1538898600,0.085333334
1538898900,0.085333334
1538899200,0.085333334
1538899500,0.085333334
1538899800,0.085333334
1538900100,0.085333334
1538900400,0.085333334
1538900700,0.085333334
1538901000,0.085333334
1538901300,0.085333334
1538901600,0.085333334
1538901900,0.085333334
1538902200,0.085333334
1538902500,0.085333334
1538902800,0.085333334
1538903100,0.085333334
1538903400,0.085333334
1538903700,0.085333334
1538904000,0.085333334
1538904300,0.085333334
1538904600,0.085333334
1538904900,0.085333334
1538905200,0.085333334
1538905500,0.085333334
1538905800,0.085333334
1538906100,0.085333334
1538906400,0.085333334
1538906700,0.085333334
1538907000,0.085333334
1538907300,0.085333334
1538907600,0.085333334
1538907900,0.085333334
1538908200,0.085333334
1538908500,0.085333334
1538908800,0.085333334
1538909100,0.085333334
1538909400,0.085333334
1538909700,0.085333334
1538910000,0.085333334
1538910300,0.085333334
1538910600,0.085333334
1538910900,0.085333334
1538911200,0.085333334
1538911500,0.085333334
1538911800,0.085333334
1538912100,0.085333334
1538912400,0.085333334
1538912700,0.085333334
1538913000,0.085333334
1538913300,0.085333334
1538913600,0.085333334
1538913900,0.085333334
1538914200,0.085333334
1538914500,0.085333334
1538914800,0.085333334
1538915100,0.085333334
1538915400,0.085333334
1538915700,0.085333334
1538916000,0.085333334
1538916300,0.085333334
1538916600,0.085333334
1538916900,0.085333334
1538917200,0.085333334
1538917500,0.085333334
1538917800,0.085333334
1538918100,0.085333334
1538918400,0.085333334
1538918700,0.085333334
1538919000,0.085333334
1538919300,0.085333334
1538919600,0.085333334
1538919900,0.085333334
1538920200,0.085333334
1538920500,0.085333334
1538920800,0.085333334
1538921100,0.085333334
1538921400,0.085333334
1538921700,0.085333334
1538922000,0.085333334
1538922300,0.085333334
1538922600,0.085333334
1538922900,0.085333334
1538923200,0.085333334
1538923500,0.085333334
1538923800,0.085333334
1538924100,0.085333334
1538924400,0.085333334
1538924700,0.085333334
1538925000,0.085333334
1538925300,0.085333334
1538925600,0.085333334
1538925900,0.085333334
1538926200,0.085333334
1538926500,0.085333334
1538926800,0.085333334
1538927100,0.085333334
1538927400,0.085333334
1538927700,0.085333334
1538928000,0.085333334
1538928300,0.085333334
1538928600,0.085333334
1538928900,0.085333334
1538929200,0.085333334
1538929500,0.085333334
1538929800,0.085333334
1538930100,0.085333334
1538930400,0.085333334
1538930700,0.085333334
1538931000,0.085333334
1538931300,0.085333334
1538931600,0.085333334
1538931900,0.085333334
1538932200,0.085333334
1538932500,0.085333334
1538932800,0.085333334
1538933100,0.085333334
1538933400,0.085333334
1538933700,0.085333334
1538934000,0.085333334
1538934300,0.085333334
1538934600,0.085333334
1538934900,0.085333334
1538935200,0.085333334
1538935500,0.085333334
1538935800,0.085333334
1538936100,0.085333334
1538936400,0.085333334
1538936700,0.085333334
1538937000,0.085333334
1538937300,0.085333334
1538937600,0.085333334
1538937900,0.085333334
1538938200,0.085333334
1538938500,0.085333334
1538938800,0.085333334
1538939100,0.085333334
1538939400,0.085333334
1538939700,0.085333334
1538940000,0.085333334
1538940300,0.085333334
1538940600,0.085333334
1538940900,0.085333334
1538941200,0.085333334
1538941500,0.085333334
1538941800,0.085333334
1538942100,0.085333334
1538942400,0.085333334
1538942700,0.085333334
1538943000,0.085333334
1538943300,0.085333334
1538943600,0.085333334
1538943900,0.085333334
1538944200,0.085333334
1538944500,0.085333334
1538944800,0.085333334
1538945100,0.085333334
1538945400,0.085333334
1538945700,0.085333334
1538946000,0.085333334
1538946300,0.085333334
1538946600,0.085333334
1538946900,0.085333334
1538947200,0.085333334
1538947500,0.085333334
1538947800,0.085333334
1538948100,0.085333334
1538948400,0.085333334
1538948700,0.085333334
1538949000,0.085333334
1538949300,0.085333334
1538949600,0.085333334
1538949900,0.085333334
1538950200,0.085333334
1538950500,0.085333334
1538950800,0.085333334
1538951100,0.085333334
1538951400,0.085333334
1538951700,0.085333334
1538952000,0.085333334
1538952300,0.085333334
1538952600,0.085333334
1538952900,0.085333334
1538953200,0.085333334
1538953500,0.085333334
1538953800,0.085333334
1538954100,0.085333334
1538954400,0.085333334
1538954700,0.085333334
1538955000,0.085333334
1538955300,0.085333334
1538955600,0.085333334
1538955900,0.085333334
1538956200,0.085333334
1538956500,0.085333334
1538956800,0.078933333
1538957100,0.078933333
1538957400,0.078933333
1538957700,0.078933333
1538958000,0.078933333
1538958300,0.078933333
1538958600,0.078933333
1538958900,0.078933333
1538959200,0.078933333
1538959500,0.078933333
1538959800,0.078933333
1538960100,0.078933333
1538960400,0.078933333
1538960700,0.078933333
1538961000,0.078933333
1538961300,0.078933333
1538961600,0.078933333
1538961900,0.078933333
1538962200,0.078933333
1538962500,0.078933333
1538962800,0.078933333
1538963100,0.078933333
1538963400,0.078933333
1538963700,0.078933333
1538964000,0.078933333
1538964300,0.078933333
1538964600,0.078933333
1538964900,0.078933333
1538965200,0.078933333
1538965500,0.078933333
1538965800,0.078933333
1538966100,0.078933333
1538966400,0.078933333
1538966700,0.078933333
1538967000,0.078933333
1538967300,0.078933333
1538967600,0.078933333
1538967900,0.078933333
1538968200,0.078933333
1538968500,0.078933333
1538968800,0.078933333
1538969100,0.078933333
1538969400,0.078933333
1538969700,0.078933333
1538970000,0.078933333
1538970300,0.078933333
1538970600,0.078933333
1538970900,0.078933333
1538971200,0.078933333
1538971500,0.078933333
1538971800,0.078933333
1538972100,0.078933333
1538972400,0.078933333
1538972700,0.078933333
1538973000,0.078933333
1538973300,0.078933333
1538973600,0.078933333
1538973900,0.078933333
1538974200,0.078933333
1538974500,0.078933333
1538974800,0.078933333
1538975100,0.078933333
1538975400,0.078933333
1538975700,0.078933333
1538976000,0.078933333
1538976300,0.078933333
1538976600,0.078933333
1538976900,0.078933333
1538977200,0.078933333
1538977500,0.078933333
1538977800,0.078933333
1538978100,0.078933333
1538978400,0.078933333
1538978700,0.078933333
1538979000,0.078933333
1538979300,0.078933333
1538979600,0.078933333
1538979900,0.078933333
1538980200,0.078933333
1538980500,0.078933333
1538980800,0.078933333
1538981100,0.078933333
1538981400,0.078933333
1538981700,0.078933333
1538982000,0.078933333
1538982300,0.078933333
1538982600,0.078933333
1538982900,0.078933333
1538983200,0.078933333
1538983500,0.078933333
1538983800,0.078933333
1538984100,0.078933333
1538984400,0.078933333
1538984700,0.078933333
1538985000,0.078933333
1538985300,0.078933333
1538985600,0.078933333
1538985900,0.078933333
1538986200,0.078933333
1538986500,0.078933333
1538986800,0.078933333
1538987100,0.078933333
1538987400,0.078933333
1538987700,0.078933333
1538988000,0.078933333
1538988300,0.078933333
1538988600,0.078933333
1538988900,0.078933333
1538989200,0.078933333
1538989500,0.078933333
1538989800,0.078933333
1538990100,0.078933333
1538990400,0.078933333
1538990700,0.078933333
1538991000,0.078933333
1538991300,0.078933333
1538991600,0.078933333
1538991900,0.078933333
1538992200,0.078933333
1538992500,0.078933333
1538992800,0.078933333
1538993100,0.078933333
1538993400,0.078933333
1538993700,0.078933333
1538994000,0.078933333
1538994300,0.078933333
1538994600,0.078933333
1538994900,0.078933333
1538995200,0.078933333
1538995500,0.078933333
1538995800,0.078933333
1538996100,0.078933333
1538996400,0.078933333
1538996700,0.078933333
1538997000,0.078933333
1538997300,0.078933333
1538997600,0.078933333
1538997900,0.078933333
1538998200,0.078933333
1538998500,0.078933333
1538998800,0.078933333
1538999100,0.078933333
1538999400,0.078933333
1538999700,0.078933333
1539000000,0.078933333
1539000300,0.078933333
1539000600,0.078933333
1539000900,0.078933333
1539001200,0.078933333
1539001500,0.078933333
1539001800,0.078933333
1539002100,0.078933333
1539002400,0.078933333
1539002700,0.078933333
1539003000,0.078933333
1539003300,0.078933333
1539003600,0.078933333
1539003900,0.078933333
1539004200,0.078933333
1539004500,0.078933333
1539004800,0.078933333
1539005100,0.078933333
1539005400,0.078933333
1539005700,0.078933333
1539006000,0.078933333
1539006300,0.078933333
1539006600,0.078933333
1539006900,0.078933333
1539007200,0.078933333
1539007500,0.078933333
1539007800,0.078933333
1539008100,0.078933333
1539008400,0.078933333
1539008700,0.078933333
1539009000,0.078933333
1539009300,0.078933333
1539009600,0.078933333
1539009900,0.078933333
1539010200,0.078933333
1539010500,0.078933333
1539010800,0.078933333
1539011100,0.078933333
1539011400,0.078933333
1539011700,0.078933333
1539012000,0.078933333
1539012300,0.078933333
1539012600,0.078933333
1539012900,0.078933333
1539013200,0.078933333
1539013500,0.078933333
1539013800,0.078933333
1539014100,0.078933333
1539014400,0.078933333
1539014700,0.078933333
1539015000,0.078933333
1539015300,0.078933333
1539015600,0.078933333
1539015900,0.078933333
1539016200,0.078933333
1539016500,0.078933333
1539016800,0.078933333
1539017100,0.078933333
1539017400,0.078933333
1539017700,0.078933333
1539018000,0.078933333
1539018300,0.078933333
1539018600,0.078933333
1539018900,0.078933333
1539019200,0.078933333
1539019500,0.078933333
1539019800,0.078933333
1539020100,0.078933333
1539020400,0.078933333
1539020700,0.078933333
1539021000,0.078933333
1539021300,0.078933333
1539021600,0.078933333
1539021900,0.078933333
1539022200,0.078933333
1539022500,0.078933333
1539022800,0.078933333
1539023100,0.078933333
1539023400,0.078933333
1539023700,0.078933333
1539024000,0.078933333
1539024300,0.078933333
1539024600,0.078933333
1539024900,0.078933333
1539025200,0.078933333
1539025500,0.078933333
1539025800,0.078933333
1539026100,0.078933333
1539026400,0.078933333
1539026700,0.078933333
1539027000,0.078933333
1539027300,0.078933333
1539027600,0.078933333
1539027900,0.078933333
1539028200,0.078933333
1539028500,0.078933333
1539028800,0.078933333
1539029100,0.078933333
1539029400,0.078933333
1539029700,0.078933333
1539030000,0.078933333
1539030300,0.078933333
1539030600,0.078933333
1539030900,0.078933333
1539031200,0.078933333
1539031500,0.078933333
1539031800,0.078933333
1539032100,0.078933333
1539032400,0.078933333
1539032700,0.078933333
1539033000,0.078933333
1539033300,0.078933333
1539033600,0.078933333
1539033900,0.078933333
1539034200,0.078933333
1539034500,0.078933333
1539034800,0.078933333
1539035100,0.078933333
1539035400,0.078933333
1539035700,0.078933333
1539036000,0.078933333
1539036300,0.078933333
1539036600,0.078933333
1539036900,0.078933333
1539037200,0.078933333
1539037500,0.078933333
1539037800,0.078933333
1539038100,0.078933333
1539038400,0.078933333
1539038700,0.078933333
1539039000,0.078933333
1539039300,0.078933333
1539039600,0.078933333
1539039900,0.078933333
1539040200,0.078933333
1539040500,0.078933333
1539040800,0.078933333
1539041100,0.078933333
1539041400,0.078933333
1539041700,0.078933333
1539042000,0.078933333
1539042300,0.078933333
1539042600,0.078933333
1539042900,0.078933333
1539043200,0.093866667
1539043500,0.093866667
1539043800,0.093866667
1539044100,0.093866667
1539044400,0.093866667
1539044700,0.093866667
1539045000,0.093866667
1539045300,0.093866667
1539045600,0.093866667
1539045900,0.093866667
1539046200,0.093866667
1539046500,0.093866667
1539046800,0.093866667
1539047100,0.093866667
1539047400,0.093866667
1539047700,0.093866667
1539048000,0.093866667
1539048300,0.093866667
1539048600,0.093866667
1539048900,0.093866667
1539049200,0.093866667
1539049500,0.093866667
1539049800,0.093866667
1539050100,0.093866667
1539050400,0.093866667
1539050700,0.093866667
1539051000,0.093866667
1539051300,0.093866667
1539051600,0.093866667
1539051900,0.093866667
1539052200,0.093866667
1539052500,0.093866667
1539052800,0.093866667
1539053100,0.093866667
1539053400,0.093866667
1539053700,0.093866667
1539054000,0.093866667
1539054300,0.093866667
1539054600,0.093866667
1539054900,0.093866667
1539055200,0.093866667
1539055500,0.093866667
1539055800,0.093866667
1539056100,0.093866667
1539056400,0.093866667
1539056700,0.093866667
1539057000,0.093866667
1539057300,0.093866667
1539057600,0.093866667
1539057900,0.093866667
1539058200,0.093866667
1539058500,0.093866667
1539058800,0.093866667
1539059100,0.093866667
1539059400,0.093866667
1539059700,0.093866667
1539060000,0.093866667
1539060300,0.093866667
1539060600,0.093866667
1539060900,0.093866667
1539061200,0.093866667
1539061500,0.093866667
1539061800,0.093866667
1539062100,0.093866667
1539062400,0.093866667
1539062700,0.093866667
1539063000,0.093866667
1539063300,0.093866667
1539063600,0.093866667
1539063900,0.093866667
1539064200,0.093866667
1539064500,0.093866667
1539064800,0.093866667
1539065100,0.093866667
1539065400,0.093866667
1539065700,0.093866667
1539066000,0.093866667
1539066300,0.093866667
1539066600,0.093866667
1539066900,0.093866667
1539067200,0.093866667
1539067500,0.093866667
1539067800,0.093866667
1539068100,0.093866667
1539068400,0.093866667
1539068700,0.093866667
1539069000,0.093866667
1539069300,0.093866667
1539069600,0.093866667
1539069900,0.093866667
1539070200,0.093866667
1539070500,0.093866667
1539070800,0.093866667
1539071100,0.093866667
1539071400,0.093866667
1539071700,0.093866667
1539072000,0.093866667
1539072300,0.093866667
1539072600,0.093866667
1539072900,0.093866667
1539073200,0.093866667
1539073500,0.093866667
1539073800,0.093866667
1539074100,0.093866667
1539074400,0.093866667
1539074700,0.093866667
1539075000,0.093866667
1539075300,0.093866667
1539075600,0.093866667
1539075900,0.093866667
1539076200,0.093866667
1539076500,0.093866667
1539076800,0.093866667
1539077100,0.093866667
1539077400,0.093866667
1539077700,0.093866667
1539078000,0.093866667
1539078300,0.093866667
1539078600,0.093866667
1539078900,0.093866667
1539079200,0.093866667
1539079500,0.093866667
1539079800,0.093866667
1539080100,0.093866667
1539080400,0.093866667
1539080700,0.093866667
1539081000,0.093866667
1539081300,0.093866667
1539081600,0.093866667
1539081900,0.093866667
1539082200,0.093866667
1539082500,0.093866667
1539082800,0.093866667
1539083100,0.093866667
1539083400,0.093866667
1539083700,0.093866667
1539084000,0.093866667
1539084300,0.093866667
1539084600,0.093866667
1539084900,0.093866667
1539085200,0.093866667
1539085500,0.093866667
1539085800,0.093866667
1539086100,0.093866667
1539086400,0.093866667
1539086700,0.093866667
1539087000,0.093866667
1539087300,0.093866667
1539087600,0.093866667
1539087900,0.093866667
1539088200,0.093866667
1539088500,0.093866667
1539088800,0.093866667
1539089100,0.093866667
1539089400,0.093866667
1539089700,0.093866667
1539090000,0.093866667
1539090300,0.093866667
1539090600,0.093866667
1539090900,0.093866667
1539091200,0.093866667
1539091500,0.093866667
1539091800,0.093866667
1539092100,0.093866667
1539092400,0.093866667
1539092700,0.093866667
1539093000,0.093866667
1539093300,0.093866667
1539093600,0.093866667
1539093900,0.093866667
1539094200,0.093866667
1539094500,0.093866667
1539094800,0.093866667
1539095100,0.093866667
1539095400,0.093866667
1539095700,0.093866667
1539096000,0.093866667
1539096300,0.093866667
1539096600,0.093866667
1539096900,0.093866667
1539097200,0.093866667
1539097500,0.093866667
1539097800,0.093866667
1539098100,0.093866667
1539098400,0.093866667
1539098700,0.093866667
1539099000,0.093866667
1539099300,0.093866667
1539099600,0.093866667
1539099900,0.093866667
1539100200,0.093866667
1539100500,0.093866667
1539100800,0.093866667
1539101100,0.093866667
1539101400,0.093866667
1539101700,0.093866667
1539102000,0.093866667
1539102300,0.093866667
1539102600,0.093866667
1539102900,0.093866667
1539103200,0.093866667
1539103500,0.093866667
1539103800,0.093866667
1539104100,0.093866667
1539104400,0.093866667
1539104700,0.093866667
1539105000,0.093866667
1539105300,0.093866667
1539105600,0.093866667
1539105900,0.093866667
1539106200,0.093866667
1539106500,0.093866667
1539106800,0.093866667
1539107100,0.093866667
1539107400,0.093866667
1539107700,0.093866667
1539108000,0.093866667
1539108300,0.093866667
1539108600,0.093866667
1539108900,0.093866667
1539109200,0.093866667
1539109500,0.093866667
1539109800,0.093866667
1539110100,0.093866667
1539110400,0.093866667
1539110700,0.093866667
1539111000,0.093866667
1539111300,0.093866667
1539111600,0.093866667
1539111900,0.093866667
1539112200,0.093866667
1539112500,0.093866667
1539112800,0.093866667
1539113100,0.093866667
1539113400,0.093866667
1539113700,0.093866667
1539114000,0.093866667
1539114300,0.093866667
1539114600,0.093866667
1539114900,0.093866667
1539115200,0.093866667
1539115500,0.093866667
1539115800,0.093866667
1539116100,0.093866667
1539116400,0.093866667
1539116700,0.093866667
1539117000,0.093866667
1539117300,0.093866667
1539117600,0.093866667
1539117900,0.093866667
1539118200,0.093866667
1539118500,0.093866667
1539118800,0.093866667
1539119100,0.093866667
1539119400,0.093866667
1539119700,0.093866667
1539120000,0.093866667
1539120300,0.093866667
1539120600,0.093866667
1539120900,0.093866667
1539121200,0.093866667
1539121500,0.093866667
1539121800,0.093866667
1539122100,0.093866667
1539122400,0.093866667
1539122700,0.093866667
1539123000,0.093866667
1539123300,0.093866667
1539123600,0.093866667
1539123900,0.093866667
1539124200,0.093866667
1539124500,0.093866667
1539124800,0.093866667
1539125100,0.093866667
1539125400,0.093866667
1539125700,0.093866667
1539126000,0.093866667
1539126300,0.093866667
1539126600,0.093866667
1539126900,0.093866667
1539127200,0.093866667
1539127500,0.093866667
1539127800,0.093866667
1539128100,0.093866667
1539128400,0.093866667
1539128700,0.093866667
1539129000,0.093866667
1539129300,0.093866667
1539129600,0.116266667
1539129900,0.116266667
1539130200,0.116266667
1539130500,0.116266667
1539130800,0.116266667
1539131100,0.116266667
1539131400,0.116266667
1539131700,0.116266667
1539132000,0.116266667
1539132300,0.116266667
1539132600,0.116266667
1539132900,0.116266667
1539133200,0.116266667
1539133500,0.116266667
1539133800,0.116266667
1539134100,0.116266667
1539134400,0.116266667
1539134700,0.116266667
1539135000,0.116266667
1539135300,0.116266667
1539135600,0.116266667
1539135900,0.116266667
1539136200,0.116266667
1539136500,0.116266667
1539136800,0.116266667
1539137100,0.116266667
1539137400,0.116266667
1539137700,0.116266667
1539138000,0.116266667
1539138300,0.116266667
1539138600,0.116266667
1539138900,0.116266667
1539139200,0.116266667
1539139500,0.116266667
1539139800,0.116266667
1539140100,0.116266667
1539140400,0.116266667
1539140700,0.116266667
1539141000,0.116266667
1539141300,0.116266667
1539141600,0.116266667
1539141900,0.116266667
1539142200,0.116266667
1539142500,0.116266667
1539142800,0.116266667
1539143100,0.116266667
1539143400,0.116266667
1539143700,0.116266667
1539144000,0.116266667
1539144300,0.116266667
1539144600,0.116266667
1539144900,0.116266667
1539145200,0.116266667
1539145500,0.116266667
1539145800,0.116266667
1539146100,0.116266667
1539146400,0.116266667
1539146700,0.116266667
1539147000,0.116266667
1539147300,0.116266667
1539147600,0.116266667
1539147900,0.116266667
1539148200,0.116266667
1539148500,0.116266667
1539148800,0.116266667
1539149100,0.116266667
1539149400,0.116266667
1539149700,0.116266667
1539150000,0.116266667
1539150300,0.116266667
1539150600,0.116266667
1539150900,0.116266667
1539151200,0.116266667
1539151500,0.116266667
1539151800,0.116266667
1539152100,0.116266667
1539152400,0.116266667
1539152700,0.116266667
1539153000,0.116266667
1539153300,0.116266667
1539153600,0.116266667
1539153900,0.116266667
1539154200,0.116266667
1539154500,0.116266667
1539154800,0.116266667
1539155100,0.116266667
1539155400,0.116266667
1539155700,0.116266667
1539156000,0.116266667
1539156300,0.116266667
1539156600,0.116266667
1539156900,0.116266667
1539157200,0.116266667
1539157500,0.116266667
1539157800,0.116266667
1539158100,0.116266667
1539158400,0.116266667
1539158700,0.116266667
1539159000,0.116266667
1539159300,0.116266667
1539159600,0.116266667
1539159900,0.116266667
1539160200,0.116266667
1539160500,0.116266667
1539160800,0.116266667
1539161100,0.116266667
1539161400,0.116266667
1539161700,0.116266667
1539162000,0.116266667
1539162300,0.116266667
1539162600,0.116266667
1539162900,0.116266667
1539163200,0.116266667
1539163500,0.116266667
1539163800,0.116266667
1539164100,0.116266667
1539164400,0.116266667
1539164700,0.116266667
1539165000,0.116266667
1539165300,0.116266667
1539165600,0.116266667
1539165900,0.116266667
1539166200,0.116266667
1539166500,0.116266667
1539166800,0.116266667
1539167100,0.116266667
1539167400,0.116266667
1539167700,0.116266667
1539168000,0.116266667
1539168300,0.116266667
1539168600,0.116266667
1539168900,0.116266667
1539169200,0.116266667
1539169500,0.116266667
1539169800,0.116266667
1539170100,0.116266667
1539170400,0.116266667
1539170700,0.116266667
1539171000,0.116266667
1539171300,0.116266667
1539171600,0.116266667
1539171900,0.116266667
1539172200,0.116266667
1539172500,0.116266667
1539172800,0.116266667
1539173100,0.116266667
1539173400,0.116266667
1539173700,0.116266667
1539174000,0.116266667
1539174300,0.116266667
1539174600,0.116266667
1539174900,0.116266667
1539175200,0.116266667
1539175500,0.116266667
1539175800,0.116266667
1539176100,0.116266667
1539176400,0.116266667
1539176700,0.116266667
1539177000,0.116266667
1539177300,0.116266667
1539177600,0.116266667
1539177900,0.116266667
1539178200,0.116266667
1539178500,0.116266667
1539178800,0.116266667
1539179100,0.116266667
1539179400,0.116266667
1539179700,0.116266667
1539180000,0.116266667
1539180300,0.116266667
1539180600,0.116266667
1539180900,0.116266667
1539181200,0.116266667
1539181500,0.116266667
1539181800,0.116266667
1539182100,0.116266667
1539182400,0.116266667
1539182700,0.116266667
1539183000,0.116266667
1539183300,0.116266667
1539183600,0.116266667
1539183900,0.116266667
1539184200,0.116266667
1539184500,0.116266667
1539184800,0.116266667
1539185100,0.116266667
1539185400,0.116266667
1539185700,0.116266667
1539186000,0.116266667
1539186300,0.116266667
1539186600,0.116266667
1539186900,0.116266667
1539187200,0.116266667
1539187500,0.116266667
1539187800,0.116266667
1539188100,0.116266667
1539188400,0.116266667
1539188700,0.116266667
1539189000,0.116266667
1539189300,0.116266667
1539189600,0.116266667
1539189900,0.116266667
1539190200,0.116266667
1539190500,0.116266667
1539190800,0.116266667
1539191100,0.116266667
1539191400,0.116266667
1539191700,0.116266667
1539192000,0.116266667
1539192300,0.116266667
1539192600,0.116266667
1539192900,0.116266667
1539193200,0.116266667
1539193500,0.116266667
1539193800,0.116266667
1539194100,0.116266667
1539194400,0.116266667
1539194700,0.116266667
1539195000,0.116266667
1539195300,0.116266667
1539195600,0.116266667
1539195900,0.116266667
1539196200,0.116266667
1539196500,0.116266667
1539196800,0.116266667
1539197100,0.116266667
1539197400,0.116266667
1539197700,0.116266667
1539198000,0.116266667
1539198300,0.116266667
1539198600,0.116266667
1539198900,0.116266667
1539199200,0.116266667
1539199500,0.116266667
1539199800,0.116266667
1539200100,0.116266667
1539200400,0.116266667
1539200700,0.116266667
1539201000,0.116266667
1539201300,0.116266667
1539201600,0.116266667
1539201900,0.116266667
1539202200,0.116266667
1539202500,0.116266667
1539202800,0.116266667
1539203100,0.116266667
1539203400,0.116266667
1539203700,0.116266667
1539204000,0.116266667
1539204300,0.116266667
1539204600,0.116266667
1539204900,0.116266667
1539205200,0.116266667
1539205500,0.116266667
1539205800,0.116266667
1539206100,0.116266667
1539206400,0.116266667
1539206700,0.116266667
1539207000,0.116266667
1539207300,0.116266667
1539207600,0.116266667
1539207900,0.116266667
1539208200,0.116266667
1539208500,0.116266667
1539208800,0.116266667
1539209100,0.116266667
1539209400,0.116266667
1539209700,0.116266667
1539210000,0.116266667
1539210300,0.116266667
1539210600,0.116266667
1539210900,0.116266667
1539211200,0.116266667
1539211500,0.116266667
1539211800,0.116266667
1539212100,0.116266667
1539212400,0.116266667
1539212700,0.116266667
1539213000,0.116266667
1539213300,0.116266667
1539213600,0.116266667
1539213900,0.116266667
1539214200,0.116266667
1539214500,0.116266667
1539214800,0.116266667
1539215100,0.116266667
1539215400,0.116266667
1539215700,0.116266667
1539216000,0.144
1539216300,0.144
1539216600,0.144
1539216900,0.144
1539217200,0.144
1539217500,0.144
1539217800,0.144
1539218100,0.144
1539218400,0.144
1539218700,0.144
1539219000,0.144
1539219300,0.144
1539219600,0.144
1539219900,0.144
1539220200,0.144
1539220500,0.144
1539220800,0.144
1539221100,0.144
1539221400,0.144
1539221700,0.144
1539222000,0.144
1539222300,0.144
1539222600,0.144
1539222900,0.144
1539223200,0.144
1539223500,0.144
1539223800,0.144
1539224100,0.144
1539224400,0.144
1539224700,0.144
1539225000,0.144
1539225300,0.144
1539225600,0.144
1539225900,0.144
1539226200,0.144
1539226500,0.144
1539226800,0.144
1539227100,0.144
1539227400,0.144
1539227700,0.144
1539228000,0.144
1539228300,0.144
1539228600,0.144
1539228900,0.144
1539229200,0.144
1539229500,0.144
1539229800,0.144
1539230100,0.144
1539230400,0.144
1539230700,0.144
1539231000,0.144
1539231300,0.144
1539231600,0.144
1539231900,0.144
1539232200,0.144
1539232500,0.144
1539232800,0.144
1539233100,0.144
1539233400,0.144
1539233700,0.144
1539234000,0.144
1539234300,0.144
1539234600,0.144
1539234900,0.144
1539235200,0.144
1539235500,0.144
1539235800,0.144
1539236100,0.144
1539236400,0.144
1539236700,0.144
1539237000,0.144
1539237300,0.144
1539237600,0.144
1539237900,0.144
1539238200,0.144
1539238500,0.144
1539238800,0.144
1539239100,0.144
1539239400,0.144
1539239700,0.144
1539240000,0.144
1539240300,0.144
1539240600,0.144
1539240900,0.144
1539241200,0.144
1539241500,0.144
1539241800,0.144
1539242100,0.144
1539242400,0.144
1539242700,0.144
1539243000,0.144
1539243300,0.144
1539243600,0.144
1539243900,0.144
1539244200,0.144
1539244500,0.144
1539244800,0.144
1539245100,0.144
1539245400,0.144
1539245700,0.144
1539246000,0.144
1539246300,0.144
1539246600,0.144
1539246900,0.144
1539247200,0.144
1539247500,0.144
1539247800,0.144
1539248100,0.144
1539248400,0.144
1539248700,0.144
1539249000,0.144
1539249300,0.144
1539249600,0.144
1539249900,0.144
1539250200,0.144
1539250500,0.144
1539250800,0.144
1539251100,0.144
1539251400,0.144
1539251700,0.144
1539252000,0.144
1539252300,0.144
1539252600,0.144
1539252900,0.144
1539253200,0.144
1539253500,0.144
1539253800,0.144
1539254100,0.144
1539254400,0.144
1539254700,0.144
1539255000,0.144
1539255300,0.144
1539255600,0.144
1539255900,0.144
1539256200,0.144
1539256500,0.144
1539256800,0.144
1539257100,0.144
1539257400,0.144
1539257700,0.144
1539258000,0.144
1539258300,0.144
1539258600,0.144
1539258900,0.144
1539259200,0.144
1539259500,0.144
1539259800,0.144
1539260100,0.144
1539260400,0.144
1539260700,0.144
1539261000,0.144
1539261300,0.144
1539261600,0.144
1539261900,0.144
1539262200,0.144
1539262500,0.144
1539262800,0.144
1539263100,0.144
1539263400,0.144
1539263700,0.144
1539264000,0.144
1539264300,0.144
1539264600,0.144
1539264900,0.144
1539265200,0.144
1539265500,0.144
1539265800,0.144
1539266100,0.144
1539266400,0.144
1539266700,0.144
1539267000,0.144
1539267300,0.144
1539267600,0.144
1539267900,0.144
1539268200,0.144
1539268500,0.144
1539268800,0.144
1539269100,0.144
1539269400,0.144
1539269700,0.144
1539270000,0.144
1539270300,0.144
1539270600,0.144
1539270900,0.144
1539271200,0.144
1539271500,0.144
1539271800,0.144
1539272100,0.144
1539272400,0.144
1539272700,0.144
1539273000,0.144
1539273300,0.144
1539273600,0.144
1539273900,0.144
1539274200,0.144
1539274500,0.144
1539274800,0.144
1539275100,0.144
1539275400,0.144
1539275700,0.144
1539276000,0.144
1539276300,0.144
1539276600,0.144
1539276900,0.144
1539277200,0.144
1539277500,0.144
1539277800,0.144
1539278100,0.144
1539278400,0.144
1539278700,0.144
1539279000,0.144
1539279300,0.144
1539279600,0.144
1539279900,0.144
1539280200,0.144
1539280500,0.144
1539280800,0.144
1539281100,0.144
1539281400,0.144
1539281700,0.144
1539282000,0.144
1539282300,0.144
1539282600,0.144
1539282900,0.144
1539283200,0.144
1539283500,0.144
1539283800,0.144
1539284100,0.144
1539284400,0.144
1539284700,0.144
1539285000,0.144
1539285300,0.144
1539285600,0.144
1539285900,0.144
1539286200,0.144
1539286500,0.144
1539286800,0.144
1539287100,0.144
1539287400,0.144
1539287700,0.144
1539288000,0.144
1539288300,0.144
1539288600,0.144
1539288900,0.144
1539289200,0.144
1539289500,0.144
1539289800,0.144
1539290100,0.144
1539290400,0.144
1539290700,0.144
1539291000,0.144
1539291300,0.144
1539291600,0.144
1539291900,0.144
1539292200,0.144
1539292500,0.144
1539292800,0.144
1539293100,0.144
1539293400,0.144
1539293700,0.144
1539294000,0.144
1539294300,0.144
1539294600,0.144
1539294900,0.144
1539295200,0.144
1539295500,0.144
1539295800,0.144
1539296100,0.144
1539296400,0.144
1539296700,0.144
1539297000,0.144
1539297300,0.144
1539297600,0.144
1539297900,0.144
1539298200,0.144
1539298500,0.144
1539298800,0.144
1539299100,0.144
1539299400,0.144
1539299700,0.144
1539300000,0.144
1539300300,0.144
1539300600,0.144
1539300900,0.144
1539301200,0.144
1539301500,0.144
1539301800,0.144
1539302100,0.144
1539302400,0.158933333
1539302700,0.158933333
1539303000,0.158933333
1539303300,0.158933333
1539303600,0.158933333
1539303900,0.158933333
1539304200,0.158933333
1539304500,0.158933333
1539304800,0.158933333
1539305100,0.158933333
1539305400,0.158933333
1539305700,0.158933333
1539306000,0.158933333
1539306300,0.158933333
1539306600,0.158933333
1539306900,0.158933333
1539307200,0.158933333
1539307500,0.158933333
1539307800,0.158933333
1539308100,0.158933333
1539308400,0.158933333
1539308700,0.158933333
1539309000,0.158933333
1539309300,0.158933333
1539309600,0.158933333
1539309900,0.158933333
1539310200,0.158933333
1539310500,0.158933333
1539310800,0.158933333
1539311100,0.158933333
1539311400,0.158933333
1539311700,0.158933333
1539312000,0.158933333
1539312300,0.158933333
1539312600,0.158933333
1539312900,0.158933333
1539313200,0.158933333
1539313500,0.158933333
1539313800,0.158933333
1539314100,0.158933333
1539314400,0.158933333
1539314700,0.158933333
1539315000,0.158933333
1539315300,0.158933333
1539315600,0.158933333
1539315900,0.158933333
1539316200,0.158933333
1539316500,0.158933333
1539316800,0.158933333
1539317100,0.158933333
1539317400,0.158933333
1539317700,0.158933333
1539318000,0.158933333
1539318300,0.158933333
1539318600,0.158933333
1539318900,0.158933333
1539319200,0.158933333
1539319500,0.158933333
1539319800,0.158933333
1539320100,0.158933333
1539320400,0.158933333
1539320700,0.158933333
1539321000,0.158933333
1539321300,0.158933333
1539321600,0.158933333
1539321900,0.158933333
1539322200,0.158933333
1539322500,0.158933333
1539322800,0.158933333
1539323100,0.158933333
1539323400,0.158933333
1539323700,0.158933333
1539324000,0.158933333
1539324300,0.158933333
1539324600,0.158933333
1539324900,0.158933333
1539325200,0.158933333
1539325500,0.158933333
1539325800,0.158933333
1539326100,0.158933333
1539326400,0.158933333
1539326700,0.158933333
1539327000,0.158933333
1539327300,0.158933333
1539327600,0.158933333
1539327900,0.158933333
1539328200,0.158933333
1539328500,0.158933333
1539328800,0.158933333
1539329100,0.158933333
1539329400,0.158933333
1539329700,0.158933333
1539330000,0.158933333
1539330300,0.158933333
1539330600,0.158933333
1539330900,0.158933333
1539331200,0.158933333
1539331500,0.158933333
1539331800,0.158933333
1539332100,0.158933333
1539332400,0.158933333
1539332700,0.158933333
1539333000,0.158933333
1539333300,0.158933333
1539333600,0.158933333
1539333900,0.158933333
1539334200,0.158933333
1539334500,0.158933333
1539334800,0.158933333
1539335100,0.158933333
1539335400,0.158933333
1539335700,0.158933333
1539336000,0.158933333
1539336300,0.158933333
1539336600,0.158933333
1539336900,0.158933333
1539337200,0.158933333
1539337500,0.158933333
1539337800,0.158933333
1539338100,0.158933333
1539338400,0.158933333
1539338700,0.158933333
1539339000,0.158933333
1539339300,0.158933333
1539339600,0.158933333
1539339900,0.158933333
1539340200,0.158933333
1539340500,0.158933333
1539340800,0.158933333
1539341100,0.158933333
1539341400,0.158933333
1539341700,0.158933333
1539342000,0.158933333
1539342300,0.158933333
1539342600,0.158933333
1539342900,0.158933333
1539343200,0.158933333
1539343500,0.158933333
1539343800,0.158933333
1539344100,0.158933333
1539344400,0.158933333
1539344700,0.158933333
1539345000,0.158933333
1539345300,0.158933333
1539345600,0.158933333
1539345900,0.158933333
1539346200,0.158933333
1539346500,0.158933333
1539346800,0.158933333
1539347100,0.158933333
1539347400,0.158933333
1539347700,0.158933333
1539348000,0.158933333
1539348300,0.158933333
1539348600,0.158933333
1539348900,0.158933333
1539349200,0.158933333
1539349500,0.158933333
1539349800,0.158933333
1539350100,0.158933333
1539350400,0.158933333
1539350700,0.158933333
1539351000,0.158933333
1539351300,0.158933333
1539351600,0.158933333
1539351900,0.158933333
1539352200,0.158933333
1539352500,0.158933333
1539352800,0.158933333
1539353100,0.158933333
1539353400,0.158933333
1539353700,0.158933333
1539354000,0.158933333
1539354300,0.158933333
1539354600,0.158933333
1539354900,0.158933333
1539355200,0.158933333
1539355500,0.158933333
1539355800,0.158933333
1539356100,0.158933333
1539356400,0.158933333
1539356700,0.158933333
1539357000,0.158933333
1539357300,0.158933333
1539357600,0.158933333
1539357900,0.158933333
1539358200,0.158933333
1539358500,0.158933333
1539358800,0.158933333
1539359100,0.158933333
1539359400,0.158933333
1539359700,0.158933333
1539360000,0.158933333
1539360300,0.158933333
1539360600,0.158933333
1539360900,0.158933333
1539361200,0.158933333
1539361500,0.158933333
1539361800,0.158933333
1539362100,0.158933333
1539362400,0.158933333
1539362700,0.158933333
1539363000,0.158933333
1539363300,0.158933333
1539363600,0.158933333
1539363900,0.158933333
1539364200,0.158933333
1539364500,0.158933333
1539364800,0.158933333
1539365100,0.158933333
1539365400,0.158933333
1539365700,0.158933333
1539366000,0.158933333
1539366300,0.158933333
1539366600,0.158933333
1539366900,0.158933333
1539367200,0.158933333
1539367500,0.158933333
1539367800,0.158933333
1539368100,0.158933333
1539368400,0.158933333
1539368700,0.158933333
1539369000,0.158933333
1539369300,0.158933333
1539369600,0.158933333
1539369900,0.158933333
1539370200,0.158933333
1539370500,0.158933333
1539370800,0.158933333
1539371100,0.158933333
1539371400,0.158933333
1539371700,0.158933333
1539372000,0.158933333
1539372300,0.158933333
1539372600,0.158933333
1539372900,0.158933333
1539373200,0.158933333
1539373500,0.158933333
1539373800,0.158933333
1539374100,0.158933333
1539374400,0.158933333
1539374700,0.158933333
1539375000,0.158933333
1539375300,0.158933333
1539375600,0.158933333
1539375900,0.158933333
1539376200,0.158933333
1539376500,0.158933333
1539376800,0.158933333
1539377100,0.158933333
1539377400,0.158933333
1539377700,0.158933333
1539378000,0.158933333
1539378300,0.158933333
1539378600,0.158933333
1539378900,0.158933333
1539379200,0.158933333
1539379500,0.158933333
1539379800,0.158933333
1539380100,0.158933333
1539380400,0.158933333
1539380700,0.158933333
1539381000,0.158933333
1539381300,0.158933333
1539381600,0.158933333
1539381900,0.158933333
1539382200,0.158933333
1539382500,0.158933333
1539382800,0.158933333
1539383100,0.158933333
1539383400,0.158933333
1539383700,0.158933333
1539384000,0.158933333
1539384300,0.158933333
1539384600,0.158933333
1539384900,0.158933333
1539385200,0.158933333
1539385500,0.158933333
1539385800,0.158933333
1539386100,0.158933333
1539386400,0.158933333
1539386700,0.158933333
1539387000,0.158933333
1539387300,0.158933333
1539387600,0.158933333
1539387900,0.158933333
1539388200,0.158933333
1539388500,0.158933333
1539388800,0.164266667
1539389100,0.164266667
1539389400,0.164266667
1539389700,0.164266667
1539390000,0.164266667
1539390300,0.164266667
1539390600,0.164266667
1539390900,0.164266667
1539391200,0.164266667
1539391500,0.164266667
1539391800,0.164266667
1539392100,0.164266667
1539392400,0.164266667
1539392700,0.164266667
1539393000,0.164266667
1539393300,0.164266667
1539393600,0.164266667
1539393900,0.164266667
1539394200,0.164266667
1539394500,0.164266667
1539394800,0.164266667
1539395100,0.164266667
1539395400,0.164266667
1539395700,0.164266667
1539396000,0.164266667
1539396300,0.164266667
1539396600,0.164266667
1539396900,0.164266667
1539397200,0.164266667
1539397500,0.164266667
1539397800,0.164266667
1539398100,0.164266667
1539398400,0.164266667
1539398700,0.164266667
1539399000,0.164266667
1539399300,0.164266667
1539399600,0.164266667
1539399900,0.164266667
1539400200,0.164266667
1539400500,0.164266667
1539400800,0.164266667
1539401100,0.164266667
1539401400,0.164266667
1539401700,0.164266667
1539402000,0.164266667
1539402300,0.164266667
1539402600,0.164266667
1539402900,0.164266667
1539403200,0.164266667
1539403500,0.164266667
1539403800,0.164266667
1539404100,0.164266667
1539404400,0.164266667
1539404700,0.164266667
1539405000,0.164266667
1539405300,0.164266667
1539405600,0.164266667
1539405900,0.164266667
1539406200,0.164266667
1539406500,0.164266667
1539406800,0.164266667
1539407100,0.164266667
1539407400,0.164266667
1539407700,0.164266667
1539408000,0.164266667
1539408300,0.164266667
1539408600,0.164266667
1539408900,0.164266667
1539409200,0.164266667
1539409500,0.164266667
1539409800,0.164266667
1539410100,0.164266667
1539410400,0.164266667
1539410700,0.164266667
1539411000,0.164266667
1539411300,0.164266667
1539411600,0.164266667
1539411900,0.164266667
1539412200,0.164266667
1539412500,0.164266667
1539412800,0.164266667
1539413100,0.164266667
1539413400,0.164266667
1539413700,0.164266667
1539414000,0.164266667
1539414300,0.164266667
1539414600,0.164266667
1539414900,0.164266667
1539415200,0.164266667
1539415500,0.164266667
1539415800,0.164266667
1539416100,0.164266667
1539416400,0.164266667
1539416700,0.164266667
1539417000,0.164266667
1539417300,0.164266667
1539417600,0.164266667
1539417900,0.164266667
1539418200,0.164266667
1539418500,0.164266667
1539418800,0.164266667
1539419100,0.164266667
1539419400,0.164266667
1539419700,0.164266667
1539420000,0.164266667
1539420300,0.164266667
1539420600,0.164266667
1539420900,0.164266667
1539421200,0.164266667
1539421500,0.164266667
1539421800,0.164266667
1539422100,0.164266667
1539422400,0.164266667
1539422700,0.164266667
1539423000,0.164266667
1539423300,0.164266667
1539423600,0.164266667
1539423900,0.164266667
1539424200,0.164266667
1539424500,0.164266667
1539424800,0.164266667
1539425100,0.164266667
1539425400,0.164266667
1539425700,0.164266667
1539426000,0.164266667
1539426300,0.164266667
1539426600,0.164266667
1539426900,0.164266667
1539427200,0.164266667
1539427500,0.164266667
1539427800,0.164266667
1539428100,0.164266667
1539428400,0.164266667
1539428700,0.164266667
1539429000,0.164266667
1539429300,0.164266667
1539429600,0.164266667
1539429900,0.164266667
1539430200,0.164266667
1539430500,0.164266667
1539430800,0.164266667
1539431100,0.164266667
1539431400,0.164266667
1539431700,0.164266667
1539432000,0.164266667
1539432300,0.164266667
1539432600,0.164266667
1539432900,0.164266667
1539433200,0.164266667
1539433500,0.164266667
1539433800,0.164266667
1539434100,0.164266667
1539434400,0.164266667
1539434700,0.164266667
1539435000,0.164266667
1539435300,0.164266667
1539435600,0.164266667
1539435900,0.164266667
1539436200,0.164266667
1539436500,0.164266667
1539436800,0.164266667
1539437100,0.164266667
1539437400,0.164266667
1539437700,0.164266667
1539438000,0.164266667
1539438300,0.164266667
1539438600,0.164266667
1539438900,0.164266667
1539439200,0.164266667
1539439500,0.164266667
1539439800,0.164266667
1539440100,0.164266667
1539440400,0.164266667
1539440700,0.164266667
1539441000,0.164266667
1539441300,0.164266667
1539441600,0.164266667
1539441900,0.164266667
1539442200,0.164266667
1539442500,0.164266667
1539442800,0.164266667
1539443100,0.164266667
1539443400,0.164266667
1539443700,0.164266667
1539444000,0.164266667
1539444300,0.164266667
1539444600,0.164266667
1539444900,0.164266667
1539445200,0.164266667
1539445500,0.164266667
1539445800,0.164266667
1539446100,0.164266667
1539446400,0.164266667
1539446700,0.164266667
1539447000,0.164266667
1539447300,0.164266667
1539447600,0.164266667
1539447900,0.164266667
1539448200,0.164266667
1539448500,0.164266667
1539448800,0.164266667
1539449100,0.164266667
1539449400,0.164266667
1539449700,0.164266667
1539450000,0.164266667
1539450300,0.164266667
1539450600,0.164266667
1539450900,0.164266667
1539451200,0.164266667
1539451500,0.164266667
1539451800,0.164266667
1539452100,0.164266667
1539452400,0.164266667
1539452700,0.164266667
1539453000,0.164266667
1539453300,0.164266667
1539453600,0.164266667
1539453900,0.164266667
1539454200,0.164266667
1539454500,0.164266667
1539454800,0.164266667
1539455100,0.164266667
1539455400,0.164266667
1539455700,0.164266667
1539456000,0.164266667
1539456300,0.164266667
1539456600,0.164266667
1539456900,0.164266667
1539457200,0.164266667
1539457500,0.164266667
1539457800,0.164266667
1539458100,0.164266667
1539458400,0.164266667
1539458700,0.164266667
1539459000,0.164266667
1539459300,0.164266667
1539459600,0.164266667
1539459900,0.164266667
1539460200,0.164266667
1539460500,0.164266667
1539460800,0.164266667
1539461100,0.164266667
1539461400,0.164266667
1539461700,0.164266667
1539462000,0.164266667
1539462300,0.164266667
1539462600,0.164266667
1539462900,0.164266667
1539463200,0.164266667
1539463500,0.164266667
1539463800,0.164266667
1539464100,0.164266667
1539464400,0.164266667
1539464700,0.164266667
1539465000,0.164266667
1539465300,0.164266667
1539465600,0.164266667
1539465900,0.164266667
1539466200,0.164266667
1539466500,0.164266667
1539466800,0.164266667
1539467100,0.164266667
1539467400,0.164266667
1539467700,0.164266667
1539468000,0.164266667
1539468300,0.164266667
1539468600,0.164266667
1539468900,0.164266667
1539469200,0.164266667
1539469500,0.164266667
1539469800,0.164266667
1539470100,0.164266667
1539470400,0.164266667
1539470700,0.164266667
1539471000,0.164266667
1539471300,0.164266667
1539471600,0.164266667
1539471900,0.164266667
1539472200,0.164266667
1539472500,0.164266667
1539472800,0.164266667
1539473100,0.164266667
1539473400,0.164266667
1539473700,0.164266667
1539474000,0.164266667
1539474300,0.164266667
1539474600,0.164266667
1539474900,0.164266667
1539475200,0.148266667
1539475500,0.148266667
1539475800,0.148266667
1539476100,0.148266667
1539476400,0.148266667
1539476700,0.148266667
1539477000,0.148266667
1539477300,0.148266667
1539477600,0.148266667
1539477900,0.148266667
1539478200,0.148266667
1539478500,0.148266667
1539478800,0.148266667
1539479100,0.148266667
1539479400,0.148266667
1539479700,0.148266667
1539480000,0.148266667
1539480300,0.148266667
1539480600,0.148266667
1539480900,0.148266667
1539481200,0.148266667
1539481500,0.148266667
1539481800,0.148266667
1539482100,0.148266667
1539482400,0.148266667
1539482700,0.148266667
1539483000,0.148266667
1539483300,0.148266667
1539483600,0.148266667
1539483900,0.148266667
1539484200,0.148266667
1539484500,0.148266667
1539484800,0.148266667
1539485100,0.148266667
1539485400,0.148266667
1539485700,0.148266667
1539486000,0.148266667
1539486300,0.148266667
1539486600,0.148266667
1539486900,0.148266667
1539487200,0.148266667
1539487500,0.148266667
1539487800,0.148266667
1539488100,0.148266667
1539488400,0.148266667
1539488700,0.148266667
1539489000,0.148266667
1539489300,0.148266667
1539489600,0.148266667
1539489900,0.148266667
1539490200,0.148266667
1539490500,0.148266667
1539490800,0.148266667
1539491100,0.148266667
1539491400,0.148266667
1539491700,0.148266667
1539492000,0.148266667
1539492300,0.148266667
1539492600,0.148266667
1539492900,0.148266667
1539493200,0.148266667
1539493500,0.148266667
1539493800,0.148266667
1539494100,0.148266667
1539494400,0.148266667
1539494700,0.148266667
1539495000,0.148266667
1539495300,0.148266667
1539495600,0.148266667
1539495900,0.148266667
1539496200,0.148266667
1539496500,0.148266667
1539496800,0.148266667
1539497100,0.148266667
1539497400,0.148266667
1539497700,0.148266667
1539498000,0.148266667
1539498300,0.148266667
1539498600,0.148266667
1539498900,0.148266667
1539499200,0.148266667
1539499500,0.148266667
1539499800,0.148266667
1539500100,0.148266667
1539500400,0.148266667
1539500700,0.148266667
1539501000,0.148266667
1539501300,0.148266667
1539501600,0.148266667
1539501900,0.148266667
1539502200,0.148266667
1539502500,0.148266667
1539502800,0.148266667
1539503100,0.148266667
1539503400,0.148266667
1539503700,0.148266667
1539504000,0.148266667
1539504300,0.148266667
1539504600,0.148266667
1539504900,0.148266667
1539505200,0.148266667
1539505500,0.148266667
1539505800,0.148266667
1539506100,0.148266667
1539506400,0.148266667
1539506700,0.148266667
1539507000,0.148266667
1539507300,0.148266667
1539507600,0.148266667
1539507900,0.148266667
1539508200,0.148266667
1539508500,0.148266667
1539508800,0.148266667
1539509100,0.148266667
1539509400,0.148266667
1539509700,0.148266667
1539510000,0.148266667
1539510300,0.148266667
1539510600,0.148266667
1539510900,0.148266667
1539511200,0.148266667
1539511500,0.148266667
1539511800,0.148266667
1539512100,0.148266667
1539512400,0.148266667
1539512700,0.148266667
1539513000,0.148266667
1539513300,0.148266667
1539513600,0.148266667
1539513900,0.148266667
1539514200,0.148266667
1539514500,0.148266667
1539514800,0.148266667
1539515100,0.148266667
1539515400,0.148266667
1539515700,0.148266667
1539516000,0.148266667
1539516300,0.148266667
1539516600,0.148266667
1539516900,0.148266667
1539517200,0.148266667
1539517500,0.148266667
1539517800,0.148266667
1539518100,0.148266667
1539518400,0.148266667
1539518700,0.148266667
1539519000,0.148266667
1539519300,0.148266667
1539519600,0.148266667
1539519900,0.148266667
1539520200,0.148266667
1539520500,0.148266667
1539520800,0.148266667
1539521100,0.148266667
1539521400,0.148266667
1539521700,0.148266667
1539522000,0.148266667
1539522300,0.148266667
1539522600,0.148266667
1539522900,0.148266667
1539523200,0.148266667
1539523500,0.148266667
1539523800,0.148266667
1539524100,0.148266667
1539524400,0.148266667
1539524700,0.148266667
1539525000,0.148266667
1539525300,0.148266667
1539525600,0.148266667
1539525900,0.148266667
1539526200,0.148266667
1539526500,0.148266667
1539526800,0.148266667
1539527100,0.148266667
1539527400,0.148266667
1539527700,0.148266667
1539528000,0.148266667
1539528300,0.148266667
1539528600,0.148266667
1539528900,0.148266667
1539529200,0.148266667
1539529500,0.148266667
1539529800,0.148266667
1539530100,0.148266667
1539530400,0.148266667
1539530700,0.148266667
1539531000,0.148266667
1539531300,0.148266667
1539531600,0.148266667
1539531900,0.148266667
1539532200,0.148266667
1539532500,0.148266667
1539532800,0.148266667
1539533100,0.148266667
1539533400,0.148266667
1539533700,0.148266667
1539534000,0.148266667
1539534300,0.148266667
1539534600,0.148266667
1539534900,0.148266667
1539535200,0.148266667
1539535500,0.148266667
1539535800,0.148266667
1539536100,0.148266667
1539536400,0.148266667
1539536700,0.148266667
1539537000,0.148266667
1539537300,0.148266667
1539537600,0.148266667
1539537900,0.148266667
1539538200,0.148266667
1539538500,0.148266667
1539538800,0.148266667
1539539100,0.148266667
1539539400,0.148266667
1539539700,0.148266667
1539540000,0.148266667
1539540300,0.148266667
1539540600,0.148266667
1539540900,0.148266667
1539541200,0.148266667
1539541500,0.148266667
1539541800,0.148266667
1539542100,0.148266667
1539542400,0.148266667
1539542700,0.148266667
1539543000,0.148266667
1539543300,0.148266667
1539543600,0.148266667
1539543900,0.148266667
1539544200,0.148266667
1539544500,0.148266667
1539544800,0.148266667
1539545100,0.148266667
1539545400,0.148266667
1539545700,0.148266667
1539546000,0.148266667
1539546300,0.148266667
1539546600,0.148266667
1539546900,0.148266667
1539547200,0.148266667
1539547500,0.148266667
1539547800,0.148266667
1539548100,0.148266667
1539548400,0.148266667
1539548700,0.148266667
1539549000,0.148266667
1539549300,0.148266667
1539549600,0.148266667
1539549900,0.148266667
1539550200,0.148266667
1539550500,0.148266667
1539550800,0.148266667
1539551100,0.148266667
1539551400,0.148266667
1539551700,0.148266667
1539552000,0.148266667
1539552300,0.148266667
1539552600,0.148266667
1539552900,0.148266667
1539553200,0.148266667
1539553500,0.148266667
1539553800,0.148266667
1539554100,0.148266667
1539554400,0.148266667
1539554700,0.148266667
1539555000,0.148266667
1539555300,0.148266667
1539555600,0.148266667
1539555900,0.148266667
1539556200,0.148266667
1539556500,0.148266667
1539556800,0.148266667
1539557100,0.148266667
1539557400,0.148266667
1539557700,0.148266667
1539558000,0.148266667
1539558300,0.148266667
1539558600,0.148266667
1539558900,0.148266667
1539559200,0.148266667
1539559500,0.148266667
1539559800,0.148266667
1539560100,0.148266667
1539560400,0.148266667
1539560700,0.148266667
1539561000,0.148266667
1539561300,0.148266667
1539561600,0.1216
1539561900,0.1216
1539562200,0.1216
1539562500,0.1216
1539562800,0.1216
1539563100,0.1216
1539563400,0.1216
1539563700,0.1216
1539564000,0.1216
1539564300,0.1216
1539564600,0.1216
1539564900,0.1216
1539565200,0.1216
1539565500,0.1216
1539565800,0.1216
1539566100,0.1216
1539566400,0.1216
1539566700,0.1216
1539567000,0.1216
1539567300,0.1216
1539567600,0.1216
1539567900,0.1216
1539568200,0.1216
1539568500,0.1216
1539568800,0.1216
1539569100,0.1216
1539569400,0.1216
1539569700,0.1216
1539570000,0.1216
1539570300,0.1216
1539570600,0.1216
1539570900,0.1216
1539571200,0.1216
1539571500,0.1216
1539571800,0.1216
1539572100,0.1216
1539572400,0.1216
1539572700,0.1216
1539573000,0.1216
1539573300,0.1216
1539573600,0.1216
1539573900,0.1216
1539574200,0.1216
1539574500,0.1216
1539574800,0.1216
1539575100,0.1216
1539575400,0.1216
1539575700,0.1216
1539576000,0.1216
1539576300,0.1216
1539576600,0.1216
1539576900,0.1216
1539577200,0.1216
1539577500,0.1216
1539577800,0.1216
1539578100,0.1216
1539578400,0.1216
1539578700,0.1216
1539579000,0.1216
1539579300,0.1216
1539579600,0.1216
1539579900,0.1216
1539580200,0.1216
1539580500,0.1216
1539580800,0.1216
1539581100,0.1216
1539581400,0.1216
1539581700,0.1216
1539582000,0.1216
1539582300,0.1216
1539582600,0.1216
1539582900,0.1216
1539583200,0.1216
1539583500,0.1216
1539583800,0.1216
1539584100,0.1216
1539584400,0.1216
1539584700,0.1216
1539585000,0.1216
1539585300,0.1216
1539585600,0.1216
1539585900,0.1216
1539586200,0.1216
1539586500,0.1216
1539586800,0.1216
1539587100,0.1216
1539587400,0.1216
1539587700,0.1216
1539588000,0.1216
1539588300,0.1216
1539588600,0.1216
1539588900,0.1216
1539589200,0.1216
1539589500,0.1216
1539589800,0.1216
1539590100,0.1216
1539590400,0.1216
1539590700,0.1216
1539591000,0.1216
1539591300,0.1216
1539591600,0.1216
1539591900,0.1216
1539592200,0.1216
1539592500,0.1216
1539592800,0.1216
1539593100,0.1216
1539593400,0.1216
1539593700,0.1216
1539594000,0.1216
1539594300,0.1216
1539594600,0.1216
1539594900,0.1216
1539595200,0.1216
1539595500,0.1216
1539595800,0.1216
1539596100,0.1216
1539596400,0.1216
1539596700,0.1216
1539597000,0.1216
1539597300,0.1216
1539597600,0.1216
1539597900,0.1216
1539598200,0.1216
1539598500,0.1216
1539598800,0.1216
1539599100,0.1216
1539599400,0.1216
1539599700,0.1216
1539600000,0.1216
1539600300,0.1216
1539600600,0.1216
1539600900,0.1216
1539601200,0.1216
1539601500,0.1216
1539601800,0.1216
1539602100,0.1216
1539602400,0.1216
1539602700,0.1216
1539603000,0.1216
1539603300,0.1216
1539603600,0.1216
1539603900,0.1216
1539604200,0.1216
1539604500,0.1216
1539604800,0.1216
1539605100,0.1216
1539605400,0.1216
1539605700,0.1216
1539606000,0.1216
1539606300,0.1216
1539606600,0.1216
1539606900,0.1216
1539607200,0.1216
1539607500,0.1216
1539607800,0.1216
1539608100,0.1216
1539608400,0.1216
1539608700,0.1216
1539609000,0.1216
1539609300,0.1216
1539609600,0.1216
1539609900,0.1216
1539610200,0.1216
1539610500,0.1216
1539610800,0.1216
1539611100,0.1216
1539611400,0.1216
1539611700,0.1216
1539612000,0.1216
1539612300,0.1216
1539612600,0.1216
1539612900,0.1216
1539613200,0.1216
1539613500,0.1216
1539613800,0.1216
1539614100,0.1216
1539614400,0.1216
1539614700,0.1216
1539615000,0.1216
1539615300,0.1216
1539615600,0.1216
1539615900,0.1216
1539616200,0.1216
1539616500,0.1216
1539616800,0.1216
1539617100,0.1216
1539617400,0.1216
1539617700,0.1216
1539618000,0.1216
1539618300,0.1216
1539618600,0.1216
1539618900,0.1216
1539619200,0.1216
1539619500,0.1216
1539619800,0.1216
1539620100,0.1216
1539620400,0.1216
1539620700,0.1216
1539621000,0.1216
1539621300,0.1216
1539621600,0.1216
1539621900,0.1216
1539622200,0.1216
1539622500,0.1216
1539622800,0.1216
1539623100,0.1216
1539623400,0.1216
1539623700,0.1216
1539624000,0.1216
1539624300,0.1216
1539624600,0.1216
1539624900,0.1216
1539625200,0.1216
1539625500,0.1216
1539625800,0.1216
1539626100,0.1216
1539626400,0.1216
1539626700,0.1216
1539627000,0.1216
1539627300,0.1216
1539627600,0.1216
1539627900,0.1216
1539628200,0.1216
1539628500,0.1216
1539628800,0.1216
1539629100,0.1216
1539629400,0.1216
1539629700,0.1216
1539630000,0.1216
1539630300,0.1216
1539630600,0.1216
1539630900,0.1216
1539631200,0.1216
1539631500,0.1216
1539631800,0.1216
1539632100,0.1216
1539632400,0.1216
1539632700,0.1216
1539633000,0.1216
1539633300,0.1216
1539633600,0.1216
1539633900,0.1216
1539634200,0.1216
1539634500,0.1216
1539634800,0.1216
1539635100,0.1216
1539635400,0.1216
1539635700,0.1216
1539636000,0.1216
1539636300,0.1216
1539636600,0.1216
1539636900,0.1216
1539637200,0.1216
1539637500,0.1216
1539637800,0.1216
1539638100,0.1216
1539638400,0.1216
1539638700,0.1216
1539639000,0.1216
1539639300,0.1216
1539639600,0.1216
1539639900,0.1216
1539640200,0.1216
1539640500,0.1216
1539640800,0.1216
1539641100,0.1216
1539641400,0.1216
1539641700,0.1216
1539642000,0.1216
1539642300,0.1216
1539642600,0.1216
1539642900,0.1216
1539643200,0.1216
1539643500,0.1216
1539643800,0.1216
1539644100,0.1216
1539644400,0.1216
1539644700,0.1216
1539645000,0.1216
1539645300,0.1216
1539645600,0.1216
1539645900,0.1216
1539646200,0.1216
1539646500,0.1216
1539646800,0.1216
1539647100,0.1216
1539647400,0.1216
1539647700,0.1216
1539648000,0.114133333
1539648300,0.114133333
1539648600,0.114133333
1539648900,0.114133333
1539649200,0.114133333
1539649500,0.114133333
1539649800,0.114133333
1539650100,0.114133333
1539650400,0.114133333
1539650700,0.114133333
1539651000,0.114133333
1539651300,0.114133333
1539651600,0.114133333
1539651900,0.114133333
1539652200,0.114133333
1539652500,0.114133333
1539652800,0.114133333
1539653100,0.114133333
1539653400,0.114133333
1539653700,0.114133333
1539654000,0.114133333
1539654300,0.114133333
1539654600,0.114133333
1539654900,0.114133333
1539655200,0.114133333
1539655500,0.114133333
1539655800,0.114133333
1539656100,0.114133333
1539656400,0.114133333
1539656700,0.114133333
1539657000,0.114133333
1539657300,0.114133333
1539657600,0.114133333
1539657900,0.114133333
1539658200,0.114133333
1539658500,0.114133333
1539658800,0.114133333
1539659100,0.114133333
1539659400,0.114133333
1539659700,0.114133333
1539660000,0.114133333
1539660300,0.114133333
1539660600,0.114133333
1539660900,0.114133333
1539661200,0.114133333
1539661500,0.114133333
1539661800,0.114133333
1539662100,0.114133333
1539662400,0.114133333
1539662700,0.114133333
1539663000,0.114133333
1539663300,0.114133333
1539663600,0.114133333
1539663900,0.114133333
1539664200,0.114133333
1539664500,0.114133333
1539664800,0.114133333
1539665100,0.114133333
1539665400,0.114133333
1539665700,0.114133333
1539666000,0.114133333
1539666300,0.114133333
1539666600,0.114133333
1539666900,0.114133333
1539667200,0.114133333
1539667500,0.114133333
1539667800,0.114133333
1539668100,0.114133333
1539668400,0.114133333
1539668700,0.114133333
1539669000,0.114133333
1539669300,0.114133333
1539669600,0.114133333
1539669900,0.114133333
1539670200,0.114133333
1539670500,0.114133333
1539670800,0.114133333
1539671100,0.114133333
1539671400,0.114133333
1539671700,0.114133333
1539672000,0.114133333
1539672300,0.114133333
1539672600,0.114133333
1539672900,0.114133333
1539673200,0.114133333
1539673500,0.114133333
1539673800,0.114133333
1539674100,0.114133333
1539674400,0.114133333
1539674700,0.114133333
1539675000,0.114133333
1539675300,0.114133333
1539675600,0.114133333
1539675900,0.114133333
1539676200,0.114133333
1539676500,0.114133333
1539676800,0.114133333
1539677100,0.114133333
1539677400,0.114133333
1539677700,0.114133333
1539678000,0.114133333
1539678300,0.114133333
1539678600,0.114133333
1539678900,0.114133333
1539679200,0.114133333
1539679500,0.114133333
1539679800,0.114133333
1539680100,0.114133333
1539680400,0.114133333
1539680700,0.114133333
1539681000,0.114133333
1539681300,0.114133333
1539681600,0.114133333
1539681900,0.114133333
1539682200,0.114133333
1539682500,0.114133333
1539682800,0.114133333
1539683100,0.114133333
1539683400,0.114133333
1539683700,0.114133333
1539684000,0.114133333
1539684300,0.114133333
1539684600,0.114133333
1539684900,0.114133333
1539685200,0.114133333
1539685500,0.114133333
1539685800,0.114133333
1539686100,0.114133333
1539686400,0.114133333
1539686700,0.114133333
1539687000,0.114133333
1539687300,0.114133333
1539687600,0.114133333
1539687900,0.114133333
1539688200,0.114133333
1539688500,0.114133333
1539688800,0.114133333
1539689100,0.114133333
1539689400,0.114133333
1539689700,0.114133333
1539690000,0.114133333
1539690300,0.114133333
1539690600,0.114133333
1539690900,0.114133333
1539691200,0.114133333
1539691500,0.114133333
1539691800,0.114133333
1539692100,0.114133333
1539692400,0.114133333
1539692700,0.114133333
1539693000,0.114133333
1539693300,0.114133333
1539693600,0.114133333
1539693900,0.114133333
1539694200,0.114133333
1539694500,0.114133333
1539694800,0.114133333
1539695100,0.114133333
1539695400,0.114133333
1539695700,0.114133333
1539696000,0.114133333
1539696300,0.114133333
1539696600,0.114133333
1539696900,0.114133333
1539697200,0.114133333
1539697500,0.114133333
1539697800,0.114133333
1539698100,0.114133333
1539698400,0.114133333
1539698700,0.114133333
1539699000,0.114133333
1539699300,0.114133333
1539699600,0.114133333
1539699900,0.114133333
1539700200,0.114133333
1539700500,0.114133333
1539700800,0.114133333
1539701100,0.114133333
1539701400,0.114133333
1539701700,0.114133333
1539702000,0.114133333
1539702300,0.114133333
1539702600,0.114133333
1539702900,0.114133333
1539703200,0.114133333
1539703500,0.114133333
1539703800,0.114133333
1539704100,0.114133333
1539704400,0.114133333
1539704700,0.114133333
1539705000,0.114133333
1539705300,0.114133333
1539705600,0.114133333
1539705900,0.114133333
1539706200,0.114133333
1539706500,0.114133333
1539706800,0.114133333
1539707100,0.114133333
1539707400,0.114133333
1539707700,0.114133333
1539708000,0.114133333
1539708300,0.114133333
1539708600,0.114133333
1539708900,0.114133333
1539709200,0.114133333
1539709500,0.114133333
1539709800,0.114133333
1539710100,0.114133333
1539710400,0.114133333
1539710700,0.114133333
1539711000,0.114133333
1539711300,0.114133333
1539711600,0.114133333
1539711900,0.114133333
1539712200,0.114133333
1539712500,0.114133333
1539712800,0.114133333
1539713100,0.114133333
1539713400,0.114133333
1539713700,0.114133333
1539714000,0.114133333
1539714300,0.114133333
1539714600,0.114133333
1539714900,0.114133333
1539715200,0.114133333
1539715500,0.114133333
1539715800,0.114133333
1539716100,0.114133333
1539716400,0.114133333
1539716700,0.114133333
1539717000,0.114133333
1539717300,0.114133333
1539717600,0.114133333
1539717900,0.114133333
1539718200,0.114133333
1539718500,0.114133333
1539718800,0.114133333
1539719100,0.114133333
1539719400,0.114133333
1539719700,0.114133333
1539720000,0.114133333
1539720300,0.114133333
1539720600,0.114133333
1539720900,0.114133333
1539721200,0.114133333
1539721500,0.114133333
1539721800,0.114133333
1539722100,0.114133333
1539722400,0.114133333
1539722700,0.114133333
1539723000,0.114133333
1539723300,0.114133333
1539723600,0.114133333
1539723900,0.114133333
1539724200,0.114133333
1539724500,0.114133333
1539724800,0.114133333
1539725100,0.114133333
1539725400,0.114133333
1539725700,0.114133333
1539726000,0.114133333
1539726300,0.114133333
1539726600,0.114133333
1539726900,0.114133333
1539727200,0.114133333
1539727500,0.114133333
1539727800,0.114133333
1539728100,0.114133333
1539728400,0.114133333
1539728700,0.114133333
1539729000,0.114133333
1539729300,0.114133333
1539729600,0.114133333
1539729900,0.114133333
1539730200,0.114133333
1539730500,0.114133333
1539730800,0.114133333
1539731100,0.114133333
1539731400,0.114133333
1539731700,0.114133333
1539732000,0.114133333
1539732300,0.114133333
1539732600,0.114133333
1539732900,0.114133333
1539733200,0.114133333
1539733500,0.114133333
1539733800,0.114133333
1539734100,0.114133333
1539734400,0.113066666
1539734700,0.113066666
1539735000,0.113066666
1539735300,0.113066666
1539735600,0.113066666
1539735900,0.113066666
1539736200,0.113066666
1539736500,0.113066666
1539736800,0.113066666
1539737100,0.113066666
1539737400,0.113066666
1539737700,0.113066666
1539738000,0.113066666
1539738300,0.113066666
1539738600,0.113066666
1539738900,0.113066666
1539739200,0.113066666
1539739500,0.113066666
1539739800,0.113066666
1539740100,0.113066666
1539740400,0.113066666
1539740700,0.113066666
1539741000,0.113066666
1539741300,0.113066666
1539741600,0.113066666
1539741900,0.113066666
1539742200,0.113066666
1539742500,0.113066666
1539742800,0.113066666
1539743100,0.113066666
1539743400,0.113066666
1539743700,0.113066666
1539744000,0.113066666
1539744300,0.113066666
1539744600,0.113066666
1539744900,0.113066666
1539745200,0.113066666
1539745500,0.113066666
1539745800,0.113066666
1539746100,0.113066666
1539746400,0.113066666
1539746700,0.113066666
1539747000,0.113066666
1539747300,0.113066666
1539747600,0.113066666
1539747900,0.113066666
1539748200,0.113066666
1539748500,0.113066666
1539748800,0.113066666
1539749100,0.113066666
1539749400,0.113066666
1539749700,0.113066666
1539750000,0.113066666
1539750300,0.113066666
1539750600,0.113066666
1539750900,0.113066666
1539751200,0.113066666
1539751500,0.113066666
1539751800,0.113066666
1539752100,0.113066666
1539752400,0.113066666
1539752700,0.113066666
1539753000,0.113066666
1539753300,0.113066666
1539753600,0.113066666
1539753900,0.113066666
1539754200,0.113066666
1539754500,0.113066666
1539754800,0.113066666
1539755100,0.113066666
1539755400,0.113066666
1539755700,0.113066666
1539756000,0.113066666
1539756300,0.113066666
1539756600,0.113066666
1539756900,0.113066666
1539757200,0.113066666
1539757500,0.113066666
1539757800,0.113066666
1539758100,0.113066666
1539758400,0.113066666
1539758700,0.113066666
1539759000,0.113066666
1539759300,0.113066666
1539759600,0.113066666
1539759900,0.113066666
1539760200,0.113066666
1539760500,0.113066666
1539760800,0.113066666
1539761100,0.113066666
1539761400,0.113066666
1539761700,0.113066666
1539762000,0.113066666
1539762300,0.113066666
1539762600,0.113066666
1539762900,0.113066666
1539763200,0.113066666
1539763500,0.113066666
1539763800,0.113066666
1539764100,0.113066666
1539764400,0.113066666
1539764700,0.113066666
1539765000,0.113066666
1539765300,0.113066666
1539765600,0.113066666
1539765900,0.113066666
1539766200,0.113066666
1539766500,0.113066666
1539766800,0.113066666
1539767100,0.113066666
1539767400,0.113066666
1539767700,0.113066666
1539768000,0.113066666
1539768300,0.113066666
1539768600,0.113066666
1539768900,0.113066666
1539769200,0.113066666
1539769500,0.113066666
1539769800,0.113066666
1539770100,0.113066666
1539770400,0.113066666
1539770700,0.113066666
1539771000,0.113066666
1539771300,0.113066666
1539771600,0.113066666
1539771900,0.113066666
1539772200,0.113066666
1539772500,0.113066666
1539772800,0.113066666
1539773100,0.113066666
1539773400,0.113066666
1539773700,0.113066666
1539774000,0.113066666
1539774300,0.113066666
1539774600,0.113066666
1539774900,0.113066666
1539775200,0.113066666
1539775500,0.113066666
1539775800,0.113066666
1539776100,0.113066666
1539776400,0.113066666
1539776700,0.113066666
1539777000,0.113066666
1539777300,0.113066666
1539777600,0.113066666
1539777900,0.113066666
1539778200,0.113066666
1539778500,0.113066666
1539778800,0.113066666
1539779100,0.113066666
1539779400,0.113066666
1539779700,0.113066666
1539780000,0.113066666
1539780300,0.113066666
1539780600,0.113066666
1539780900,0.113066666
1539781200,0.113066666
1539781500,0.113066666
1539781800,0.113066666
1539782100,0.113066666
1539782400,0.113066666
1539782700,0.113066666
1539783000,0.113066666
1539783300,0.113066666
1539783600,0.113066666
1539783900,0.113066666
1539784200,0.113066666
1539784500,0.113066666
1539784800,0.113066666
1539785100,0.113066666
1539785400,0.113066666
1539785700,0.113066666
1539786000,0.113066666
1539786300,0.113066666
1539786600,0.113066666
1539786900,0.113066666
1539787200,0.113066666
1539787500,0.113066666
1539787800,0.113066666
1539788100,0.113066666
1539788400,0.113066666
1539788700,0.113066666
1539789000,0.113066666
1539789300,0.113066666
1539789600,0.113066666
1539789900,0.113066666
1539790200,0.113066666
1539790500,0.113066666
1539790800,0.113066666
1539791100,0.113066666
1539791400,0.113066666
1539791700,0.113066666
1539792000,0.113066666
1539792300,0.113066666
1539792600,0.113066666
1539792900,0.113066666
1539793200,0.113066666
1539793500,0.113066666
1539793800,0.113066666
1539794100,0.113066666
1539794400,0.113066666
1539794700,0.113066666
1539795000,0.113066666
1539795300,0.113066666
1539795600,0.113066666
1539795900,0.113066666
1539796200,0.113066666
1539796500,0.113066666
1539796800,0.113066666
1539797100,0.113066666
1539797400,0.113066666
1539797700,0.113066666
1539798000,0.113066666
1539798300,0.113066666
1539798600,0.113066666
1539798900,0.113066666
1539799200,0.113066666
1539799500,0.113066666
1539799800,0.113066666
1539800100,0.113066666
1539800400,0.113066666
1539800700,0.113066666
1539801000,0.113066666
1539801300,0.113066666
1539801600,0.113066666
1539801900,0.113066666
1539802200,0.113066666
1539802500,0.113066666
1539802800,0.113066666
1539803100,0.113066666
1539803400,0.113066666
1539803700,0.113066666
1539804000,0.113066666
1539804300,0.113066666
1539804600,0.113066666
1539804900,0.113066666
1539805200,0.113066666
1539805500,0.113066666
1539805800,0.113066666
1539806100,0.113066666
1539806400,0.113066666
1539806700,0.113066666
1539807000,0.113066666
1539807300,0.113066666
1539807600,0.113066666
1539807900,0.113066666
1539808200,0.113066666
1539808500,0.113066666
1539808800,0.113066666
1539809100,0.113066666
1539809400,0.113066666
1539809700,0.113066666
1539810000,0.113066666
1539810300,0.113066666
1539810600,0.113066666
1539810900,0.113066666
1539811200,0.113066666
1539811500,0.113066666
1539811800,0.113066666
1539812100,0.113066666
1539812400,0.113066666
1539812700,0.113066666
1539813000,0.113066666
1539813300,0.113066666
1539813600,0.113066666
1539813900,0.113066666
1539814200,0.113066666
1539814500,0.113066666
1539814800,0.113066666
1539815100,0.113066666
1539815400,0.113066666
1539815700,0.113066666
1539816000,0.113066666
1539816300,0.113066666
1539816600,0.113066666
1539816900,0.113066666
1539817200,0.113066666
1539817500,0.113066666
1539817800,0.113066666
1539818100,0.113066666
1539818400,0.113066666
1539818700,0.113066666
1539819000,0.113066666
1539819300,0.113066666
1539819600,0.113066666
1539819900,0.113066666
1539820200,0.113066666
1539820500,0.113066666
1539820800,0.084705882
1539821100,0.084705882
1539821400,0.084705882
1539821700,0.084705882
1539822000,0.084705882
1539822300,0.084705882
1539822600,0.084705882
1539822900,0.084705882
1539823200,0.084705882
1539823500,0.084705882
1539823800,0.084705882
1539824100,0.084705882
1539824400,0.084705882
1539824700,0.084705882
1539825000,0.084705882
1539825300,0.084705882
1539825600,0.084705882
1539825900,0.084705882
1539826200,0.084705882
1539826500,0.084705882
1539826800,0.084705882
1539827100,0.084705882
1539827400,0.084705882
1539827700,0.084705882
1539828000,0.084705882
1539828300,0.084705882
1539828600,0.084705882
1539828900,0.084705882
1539829200,0.084705882
1539829500,0.084705882
1539829800,0.084705882
1539830100,0.084705882
1539830400,0.084705882
1539830700,0.084705882
1539831000,0.084705882
1539831300,0.084705882
1539831600,0.084705882
1539831900,0.084705882
1539832200,0.084705882
1539832500,0.084705882
1539832800,0.084705882
1539833100,0.084705882
1539833400,0.084705882
1539833700,0.084705882
1539834000,0.084705882
1539834300,0.084705882
1539834600,0.084705882
1539834900,0.084705882
1539835200,0.084705882
1539835500,0.084705882
1539835800,0.084705882
1539836100,0.084705882
1539836400,0.084705882
1539836700,0.084705882
1539837000,0.084705882
1539837300,0.084705882
1539837600,0.084705882
1539837900,0.084705882
1539838200,0.084705882
1539838500,0.084705882
1539838800,0.084705882
1539839100,0.084705882
1539839400,0.084705882
1539839700,0.084705882
1539840000,0.084705882
1539840300,0.084705882
1539840600,0.084705882
1539840900,0.084705882
1539841200,0.084705882
1539841500,0.084705882
1539841800,0.084705882
1539842100,0.084705882
1539842400,0.084705882
1539842700,0.084705882
1539843000,0.084705882
1539843300,0.084705882
1539843600,0.084705882
1539843900,0.084705882
1539844200,0.084705882
1539844500,0.084705882
1539844800,0.084705882
1539845100,0.084705882
1539845400,0.084705882
1539845700,0.084705882
1539846000,0.084705882
1539846300,0.084705882
1539846600,0.084705882
1539846900,0.084705882
1539847200,0.084705882
1539847500,0.084705882
1539847800,0.084705882
1539848100,0.084705882
1539848400,0.084705882
1539848700,0.084705882
1539849000,0.084705882
1539849300,0.084705882
1539849600,0.084705882
1539849900,0.084705882
1539850200,0.084705882
1539850500,0.084705882
1539850800,0.084705882
1539851100,0.084705882
1539851400,0.084705882
1539851700,0.084705882
1539852000,0.084705882
1539852300,0.084705882
1539852600,0.084705882
1539852900,0.084705882
1539853200,0.084705882
1539853500,0.084705882
1539853800,0.084705882
1539854100,0.084705882
1539854400,0.084705882
1539854700,0.084705882
1539855000,0.084705882
1539855300,0.084705882
1539855600,0.084705882
1539855900,0.084705882
1539856200,0.084705882
1539856500,0.084705882
1539856800,0.084705882
1539857100,0.084705882
1539857400,0.084705882
1539857700,0.084705882
1539858000,0.084705882
1539858300,0.084705882
1539858600,0.084705882
1539858900,0.084705882
1539859200,0.084705882
1539859500,0.084705882
1539859800,0.084705882
1539860100,0.084705882
1539860400,0.084705882
1539860700,0.084705882
1539861000,0.084705882
1539861300,0.084705882
1539861600,0.084705882
1539861900,0.084705882
1539862200,0.084705882
1539862500,0.084705882
1539862800,0.084705882
1539863100,0.084705882
1539863400,0.084705882
1539863700,0.084705882
1539864000,0.084705882
1539864300,0.084705882
1539864600,0.084705882
1539864900,0.084705882
1539865200,0.084705882
1539865500,0.084705882
1539865800,0.084705882
1539866100,0.084705882
1539866400,0.084705882
1539866700,0.084705882
1539867000,0.084705882
1539867300,0.084705882
1539867600,0.084705882
1539867900,0.084705882
1539868200,0.084705882
1539868500,0.084705882
1539868800,0.084705882
1539869100,0.084705882
1539869400,0.084705882
1539869700,0.084705882
1539870000,0.084705882
1539870300,0.084705882
1539870600,0.084705882
1539870900,0.084705882
1539871200,0.084705882
1539871500,0.084705882
1539871800,0.084705882
1539872100,0.084705882
1539872400,0.084705882
1539872700,0.084705882
1539873000,0.084705882
1539873300,0.084705882
1539873600,0.084705882
1539873900,0.084705882
1539874200,0.084705882
1539874500,0.084705882
1539874800,0.084705882
1539875100,0.084705882
1539875400,0.084705882
1539875700,0.084705882
1539876000,0.084705882
1539876300,0.084705882
1539876600,0.084705882
1539876900,0.084705882
1539877200,0.084705882
1539877500,0.084705882
1539877800,0.084705882
1539878100,0.084705882
1539878400,0.084705882
1539878700,0.084705882
1539879000,0.084705882
1539879300,0.084705882
1539879600,0.084705882
1539879900,0.084705882
1539880200,0.084705882
1539880500,0.084705882
1539880800,0.084705882
1539881100,0.084705882
1539881400,0.084705882
1539881700,0.084705882
1539882000,0.084705882
1539882300,0.084705882
1539882600,0.084705882
1539882900,0.084705882
1539883200,0.084705882
1539883500,0.084705882
1539883800,0.084705882
1539884100,0.084705882
1539884400,0.084705882
1539884700,0.084705882
1539885000,0.084705882
1539885300,0.084705882
1539885600,0.084705882
1539885900,0.084705882
1539886200,0.084705882
1539886500,0.084705882
1539886800,0.084705882
1539887100,0.084705882
1539887400,0.084705882
1539887700,0.084705882
1539888000,0.084705882
1539888300,0.084705882
1539888600,0.084705882
1539888900,0.084705882
1539889200,0.084705882
1539889500,0.084705882
1539889800,0.084705882
1539890100,0.084705882
1539890400,0.084705882
1539890700,0.084705882
1539891000,0.084705882
1539891300,0.084705882
1539891600,0.084705882
1539891900,0.084705882
1539892200,0.084705882
1539892500,0.084705882
1539892800,0.084705882
1539893100,0.084705882
1539893400,0.084705882
1539893700,0.084705882
1539894000,0.084705882
1539894300,0.084705882
1539894600,0.084705882
1539894900,0.084705882
1539895200,0.084705882
1539895500,0.084705882
1539895800,0.084705882
1539896100,0.084705882
1539896400,0.084705882
1539896700,0.084705882
1539897000,0.084705882
1539897300,0.084705882
1539897600,0.084705882
1539897900,0.084705882
1539898200,0.084705882
1539898500,0.084705882
1539898800,0.084705882
1539899100,0.084705882
1539899400,0.084705882
1539899700,0.084705882
1539900000,0.084705882
1539900300,0.084705882
1539900600,0.084705882
1539900900,0.084705882
1539901200,0.084705882
1539901500,0.084705882
1539901800,0.084705882
1539902100,0.084705882
1539902400,0.084705882
1539902700,0.084705882
1539903000,0.084705882
1539903300,0.084705882
1539903600,0.084705882
1539903900,0.084705882
1539904200,0.084705882
1539904500,0.084705882
1539904800,0.084705882
1539905100,0.084705882
1539905400,0.084705882
1539905700,0.084705882
1539906000,0.084705882
1539906300,0.084705882
1539906600,0.084705882
1539906900,0.084705882
1539907200,0.074304693
1539907500,0.074304693
1539907800,0.074304693
1539908100,0.074304693
1539908400,0.074304693
1539908700,0.074304693
1539909000,0.074304693
1539909300,0.074304693
1539909600,0.074304693
1539909900,0.074304693
1539910200,0.074304693
1539910500,0.074304693
1539910800,0.074304693
1539911100,0.074304693
1539911400,0.074304693
1539911700,0.074304693
1539912000,0.074304693
1539912300,0.074304693
1539912600,0.074304693
1539912900,0.074304693
1539913200,0.074304693
1539913500,0.074304693
1539913800,0.074304693
1539914100,0.074304693
1539914400,0.074304693
1539914700,0.074304693
1539915000,0.074304693
1539915300,0.074304693
1539915600,0.074304693
1539915900,0.074304693
1539916200,0.074304693
1539916500,0.074304693
1539916800,0.074304693
1539917100,0.074304693
1539917400,0.074304693
1539917700,0.074304693
1539918000,0.074304693
1539918300,0.074304693
1539918600,0.074304693
1539918900,0.074304693
1539919200,0.074304693
1539919500,0.074304693
1539919800,0.074304693
1539920100,0.074304693
1539920400,0.074304693
1539920700,0.074304693
1539921000,0.074304693
1539921300,0.074304693
1539921600,0.074304693
1539921900,0.074304693
1539922200,0.074304693
1539922500,0.074304693
1539922800,0.074304693
1539923100,0.074304693
1539923400,0.074304693
1539923700,0.074304693
1539924000,0.074304693
1539924300,0.074304693
1539924600,0.074304693
1539924900,0.074304693
1539925200,0.074304693
1539925500,0.074304693
1539925800,0.074304693
1539926100,0.074304693
1539926400,0.074304693
1539926700,0.074304693
1539927000,0.074304693
1539927300,0.074304693
1539927600,0.074304693
1539927900,0.074304693
1539928200,0.074304693
1539928500,0.074304693
1539928800,0.074304693
1539929100,0.074304693
1539929400,0.074304693
1539929700,0.074304693
1539930000,0.074304693
1539930300,0.074304693
1539930600,0.074304693
1539930900,0.074304693
1539931200,0.074304693
1539931500,0.074304693
1539931800,0.074304693
1539932100,0.074304693
1539932400,0.074304693
1539932700,0.074304693
1539933000,0.074304693
1539933300,0.074304693
1539933600,0.074304693
1539933900,0.074304693
1539934200,0.074304693
1539934500,0.074304693
1539934800,0.074304693
1539935100,0.074304693
1539935400,0.074304693
1539935700,0.074304693
1539936000,0.074304693
1539936300,0.074304693
1539936600,0.074304693
1539936900,0.074304693
1539937200,0.074304693
1539937500,0.074304693
1539937800,0.074304693
1539938100,0.074304693
1539938400,0.074304693
1539938700,0.074304693
1539939000,0.074304693
1539939300,0.074304693
1539939600,0.074304693
1539939900,0.074304693
1539940200,0.074304693
1539940500,0.074304693
1539940800,0.074304693
1539941100,0.074304693
1539941400,0.074304693
1539941700,0.074304693
1539942000,0.074304693
1539942300,0.074304693
1539942600,0.074304693
1539942900,0.074304693
1539943200,0.074304693
1539943500,0.074304693
1539943800,0.074304693
1539944100,0.074304693
1539944400,0.074304693
1539944700,0.074304693
1539945000,0.074304693
1539945300,0.074304693
1539945600,0.074304693
1539945900,0.074304693
1539946200,0.074304693
1539946500,0.074304693
1539946800,0.074304693
1539947100,0.074304693
1539947400,0.074304693
1539947700,0.074304693
1539948000,0.074304693
1539948300,0.074304693
1539948600,0.074304693
1539948900,0.074304693
1539949200,0.074304693
1539949500,0.074304693
1539949800,0.074304693
1539950100,0.074304693
1539950400,0.074304693
1539950700,0.074304693
1539951000,0.074304693
1539951300,0.074304693
1539951600,0.074304693
1539951900,0.074304693
1539952200,0.074304693
1539952500,0.074304693
1539952800,0.074304693
1539953100,0.074304693
1539953400,0.074304693
1539953700,0.074304693
1539954000,0.074304693
1539954300,0.074304693
1539954600,0.074304693
1539954900,0.074304693
1539955200,0.074304693
1539955500,0.074304693
1539955800,0.074304693
1539956100,0.074304693
1539956400,0.074304693
1539956700,0.074304693
1539957000,0.074304693
1539957300,0.074304693
1539957600,0.074304693
1539957900,0.074304693
1539958200,0.074304693
1539958500,0.074304693
1539958800,0.074304693
1539959100,0.074304693
1539959400,0.074304693
1539959700,0.074304693
1539960000,0.074304693
1539960300,0.074304693
1539960600,0.074304693
1539960900,0.074304693
1539961200,0.074304693
1539961500,0.074304693
1539961800,0.074304693
1539962100,0.074304693
1539962400,0.074304693
1539962700,0.074304693
1539963000,0.074304693
1539963300,0.074304693
1539963600,0.074304693
1539963900,0.074304693
1539964200,0.074304693
1539964500,0.074304693
1539964800,0.074304693
1539965100,0.074304693
1539965400,0.074304693
1539965700,0.074304693
1539966000,0.074304693
1539966300,0.074304693
1539966600,0.074304693
1539966900,0.074304693
1539967200,0.074304693
1539967500,0.074304693
1539967800,0.074304693
1539968100,0.074304693
1539968400,0.074304693
1539968700,0.074304693
1539969000,0.074304693
1539969300,0.074304693
1539969600,0.074304693
1539969900,0.074304693
1539970200,0.074304693
1539970500,0.074304693
1539970800,0.074304693
1539971100,0.074304693
1539971400,0.074304693
1539971700,0.074304693
1539972000,0.074304693
1539972300,0.074304693
1539972600,0.074304693
1539972900,0.074304693
1539973200,0.074304693
1539973500,0.074304693
1539973800,0.074304693
1539974100,0.074304693
1539974400,0.074304693
1539974700,0.074304693
1539975000,0.074304693
1539975300,0.074304693
1539975600,0.074304693
1539975900,0.074304693
1539976200,0.074304693
1539976500,0.074304693
1539976800,0.074304693
1539977100,0.074304693
1539977400,0.074304693
1539977700,0.074304693
1539978000,0.074304693
1539978300,0.074304693
1539978600,0.074304693
1539978900,0.074304693
1539979200,0.074304693
1539979500,0.074304693
1539979800,0.074304693
1539980100,0.074304693
1539980400,0.074304693
1539980700,0.074304693
1539981000,0.074304693
1539981300,0.074304693
1539981600,0.074304693
1539981900,0.074304693
1539982200,0.074304693
1539982500,0.074304693
1539982800,0.074304693
1539983100,0.074304693
1539983400,0.074304693
1539983700,0.074304693
1539984000,0.074304693
1539984300,0.074304693
1539984600,0.074304693
1539984900,0.074304693
1539985200,0.074304693
1539985500,0.074304693
1539985800,0.074304693
1539986100,0.074304693
1539986400,0.074304693
1539986700,0.074304693
1539987000,0.074304693
1539987300,0.074304693
1539987600,0.074304693
1539987900,0.074304693
1539988200,0.074304693
1539988500,0.074304693
1539988800,0.074304693
1539989100,0.074304693
1539989400,0.074304693
1539989700,0.074304693
1539990000,0.074304693
1539990300,0.074304693
1539990600,0.074304693
1539990900,0.074304693
1539991200,0.074304693
1539991500,0.074304693
1539991800,0.074304693
1539992100,0.074304693
1539992400,0.074304693
1539992700,0.074304693
1539993000,0.074304693
1539993300,0.074304693
1539993600,0.068266667
1539993900,0.068266667
1539994200,0.068266667
1539994500,0.068266667
1539994800,0.068266667
1539995100,0.068266667
1539995400,0.068266667
1539995700,0.068266667
1539996000,0.068266667
1539996300,0.068266667
1539996600,0.068266667
1539996900,0.068266667
1539997200,0.068266667
1539997500,0.068266667
1539997800,0.068266667
1539998100,0.068266667
1539998400,0.068266667
1539998700,0.068266667
1539999000,0.068266667
1539999300,0.068266667
1539999600,0.068266667
1539999900,0.068266667
1540000200,0.068266667
1540000500,0.068266667
1540000800,0.068266667
1540001100,0.068266667
1540001400,0.068266667
1540001700,0.068266667
1540002000,0.068266667
1540002300,0.068266667
1540002600,0.068266667
1540002900,0.068266667
1540003200,0.068266667
1540003500,0.068266667
1540003800,0.068266667
1540004100,0.068266667
1540004400,0.068266667
1540004700,0.068266667
1540005000,0.068266667
1540005300,0.068266667
1540005600,0.068266667
1540005900,0.068266667
1540006200,0.068266667
1540006500,0.068266667
1540006800,0.068266667
1540007100,0.068266667
1540007400,0.068266667
1540007700,0.068266667
1540008000,0.068266667
1540008300,0.068266667
1540008600,0.068266667
1540008900,0.068266667
1540009200,0.068266667
1540009500,0.068266667
1540009800,0.068266667
1540010100,0.068266667
1540010400,0.068266667
1540010700,0.068266667
1540011000,0.068266667
1540011300,0.068266667
1540011600,0.068266667
1540011900,0.068266667
1540012200,0.068266667
1540012500,0.068266667
1540012800,0.068266667
1540013100,0.068266667
1540013400,0.068266667
1540013700,0.068266667
1540014000,0.068266667
1540014300,0.068266667
1540014600,0.068266667
1540014900,0.068266667
1540015200,0.068266667
1540015500,0.068266667
1540015800,0.068266667
1540016100,0.068266667
1540016400,0.068266667
1540016700,0.068266667
1540017000,0.068266667
1540017300,0.068266667
1540017600,0.068266667
1540017900,0.068266667
1540018200,0.068266667
1540018500,0.068266667
1540018800,0.068266667
1540019100,0.068266667
1540019400,0.068266667
1540019700,0.068266667
1540020000,0.068266667
1540020300,0.068266667
1540020600,0.068266667
1540020900,0.068266667
1540021200,0.068266667
1540021500,0.068266667
1540021800,0.068266667
1540022100,0.068266667
1540022400,0.068266667
1540022700,0.068266667
1540023000,0.068266667
1540023300,0.068266667
1540023600,0.068266667
1540023900,0.068266667
1540024200,0.068266667
1540024500,0.068266667
1540024800,0.068266667
1540025100,0.068266667
1540025400,0.068266667
1540025700,0.068266667
1540026000,0.068266667
1540026300,0.068266667
1540026600,0.068266667
1540026900,0.068266667
1540027200,0.068266667
1540027500,0.068266667
1540027800,0.068266667
1540028100,0.068266667
1540028400,0.068266667
1540028700,0.068266667
1540029000,0.068266667
1540029300,0.068266667
1540029600,0.068266667
1540029900,0.068266667
1540030200,0.068266667
1540030500,0.068266667
1540030800,0.068266667
1540031100,0.068266667
1540031400,0.068266667
1540031700,0.068266667
1540032000,0.068266667
1540032300,0.068266667
1540032600,0.068266667
1540032900,0.068266667
1540033200,0.068266667
1540033500,0.068266667
1540033800,0.068266667
1540034100,0.068266667
1540034400,0.068266667
1540034700,0.068266667
1540035000,0.068266667
1540035300,0.068266667
1540035600,0.068266667
1540035900,0.068266667
1540036200,0.068266667
1540036500,0.068266667
1540036800,0.068266667
1540037100,0.068266667
1540037400,0.068266667
1540037700,0.068266667
1540038000,0.068266667
1540038300,0.068266667
1540038600,0.068266667
1540038900,0.068266667
1540039200,0.068266667
1540039500,0.068266667
1540039800,0.068266667
1540040100,0.068266667
1540040400,0.068266667
1540040700,0.068266667
1540041000,0.068266667
1540041300,0.068266667
1540041600,0.068266667
1540041900,0.068266667
1540042200,0.068266667
1540042500,0.068266667
1540042800,0.068266667
1540043100,0.068266667
1540043400,0.068266667
1540043700,0.068266667
1540044000,0.068266667
1540044300,0.068266667
1540044600,0.068266667
1540044900,0.068266667
1540045200,0.068266667
1540045500,0.068266667
1540045800,0.068266667
1540046100,0.068266667
1540046400,0.068266667
1540046700,0.068266667
1540047000,0.068266667
1540047300,0.068266667
1540047600,0.068266667
1540047900,0.068266667
1540048200,0.068266667
1540048500,0.068266667
1540048800,0.068266667
1540049100,0.068266667
1540049400,0.068266667
1540049700,0.068266667
1540050000,0.068266667
1540050300,0.068266667
1540050600,0.068266667
1540050900,0.068266667
1540051200,0.068266667
1540051500,0.068266667
1540051800,0.068266667
1540052100,0.068266667
1540052400,0.068266667
1540052700,0.068266667
1540053000,0.068266667
1540053300,0.068266667
1540053600,0.068266667
1540053900,0.068266667
1540054200,0.068266667
1540054500,0.068266667
1540054800,0.068266667
1540055100,0.068266667
1540055400,0.068266667
1540055700,0.068266667
1540056000,0.068266667
1540056300,0.068266667
1540056600,0.068266667
1540056900,0.068266667
1540057200,0.068266667
1540057500,0.068266667
1540057800,0.068266667
1540058100,0.068266667
1540058400,0.068266667
1540058700,0.068266667
1540059000,0.068266667
1540059300,0.068266667
1540059600,0.068266667
1540059900,0.068266667
1540060200,0.068266667
1540060500,0.068266667
1540060800,0.068266667
1540061100,0.068266667
1540061400,0.068266667
1540061700,0.068266667
1540062000,0.068266667
1540062300,0.068266667
1540062600,0.068266667
1540062900,0.068266667
1540063200,0.068266667
1540063500,0.068266667
1540063800,0.068266667
1540064100,0.068266667
1540064400,0.068266667
1540064700,0.068266667
1540065000,0.068266667
1540065300,0.068266667
1540065600,0.068266667
1540065900,0.068266667
1540066200,0.068266667
1540066500,0.068266667
1540066800,0.068266667
1540067100,0.068266667
1540067400,0.068266667
1540067700,0.068266667
1540068000,0.068266667
1540068300,0.068266667
1540068600,0.068266667
1540068900,0.068266667
1540069200,0.068266667
1540069500,0.068266667
1540069800,0.068266667
1540070100,0.068266667
1540070400,0.068266667
1540070700,0.068266667
1540071000,0.068266667
1540071300,0.068266667
1540071600,0.068266667
1540071900,0.068266667
1540072200,0.068266667
1540072500,0.068266667
1540072800,0.068266667
1540073100,0.068266667
1540073400,0.068266667
1540073700,0.068266667
1540074000,0.068266667
1540074300,0.068266667
1540074600,0.068266667
1540074900,0.068266667
1540075200,0.068266667
1540075500,0.068266667
1540075800,0.068266667
1540076100,0.068266667
1540076400,0.068266667
1540076700,0.068266667
1540077000,0.068266667
1540077300,0.068266667
1540077600,0.068266667
1540077900,0.068266667
1540078200,0.068266667
1540078500,0.068266667
1540078800,0.068266667
1540079100,0.068266667
1540079400,0.068266667
1540079700,0.068266667
1540080000,0.0832
1540080300,0.0832
1540080600,0.0832
1540080900,0.0832
1540081200,0.0832
1540081500,0.0832
1540081800,0.0832
1540082100,0.0832
1540082400,0.0832
1540082700,0.0832
1540083000,0.0832
1540083300,0.0832
1540083600,0.0832
1540083900,0.0832
1540084200,0.0832
1540084500,0.0832
1540084800,0.0832
1540085100,0.0832
1540085400,0.0832
1540085700,0.0832
1540086000,0.0832
1540086300,0.0832
1540086600,0.0832
1540086900,0.0832
1540087200,0.0832
1540087500,0.0832
1540087800,0.0832
1540088100,0.0832
1540088400,0.0832
1540088700,0.0832
1540089000,0.0832
1540089300,0.0832
1540089600,0.0832
1540089900,0.0832
1540090200,0.0832
1540090500,0.0832
1540090800,0.0832
1540091100,0.0832
1540091400,0.0832
1540091700,0.0832
1540092000,0.0832
1540092300,0.0832
1540092600,0.0832
1540092900,0.0832
1540093200,0.0832
1540093500,0.0832
1540093800,0.0832
1540094100,0.0832
1540094400,0.0832
1540094700,0.0832
1540095000,0.0832
1540095300,0.0832
1540095600,0.0832
1540095900,0.0832
1540096200,0.0832
1540096500,0.0832
1540096800,0.0832
1540097100,0.0832
1540097400,0.0832
1540097700,0.0832
1540098000,0.0832
1540098300,0.0832
1540098600,0.0832
1540098900,0.0832
1540099200,0.0832
1540099500,0.0832
1540099800,0.0832
1540100100,0.0832
1540100400,0.0832
1540100700,0.0832
1540101000,0.0832
1540101300,0.0832
1540101600,0.0832
1540101900,0.0832
1540102200,0.0832
1540102500,0.0832
1540102800,0.0832
1540103100,0.0832
1540103400,0.0832
1540103700,0.0832
1540104000,0.0832
1540104300,0.0832
1540104600,0.0832
1540104900,0.0832
1540105200,0.0832
1540105500,0.0832
1540105800,0.0832
1540106100,0.0832
1540106400,0.0832
1540106700,0.0832
1540107000,0.0832
1540107300,0.0832
1540107600,0.0832
1540107900,0.0832
1540108200,0.0832
1540108500,0.0832
1540108800,0.0832
1540109100,0.0832
1540109400,0.0832
1540109700,0.0832
1540110000,0.0832
1540110300,0.0832
1540110600,0.0832
1540110900,0.0832
1540111200,0.0832
1540111500,0.0832
1540111800,0.0832
1540112100,0.0832
1540112400,0.0832
1540112700,0.0832
1540113000,0.0832
1540113300,0.0832
1540113600,0.0832
1540113900,0.0832
1540114200,0.0832
1540114500,0.0832
1540114800,0.0832
1540115100,0.0832
1540115400,0.0832
1540115700,0.0832
1540116000,0.0832
1540116300,0.0832
1540116600,0.0832
1540116900,0.0832
1540117200,0.0832
1540117500,0.0832
1540117800,0.0832
1540118100,0.0832
1540118400,0.0832
1540118700,0.0832
1540119000,0.0832
1540119300,0.0832
1540119600,0.0832
1540119900,0.0832
1540120200,0.0832
1540120500,0.0832
1540120800,0.0832
1540121100,0.0832
1540121400,0.0832
1540121700,0.0832
1540122000,0.0832
1540122300,0.0832
1540122600,0.0832
1540122900,0.0832
1540123200,0.0832
1540123500,0.0832
1540123800,0.0832
1540124100,0.0832
1540124400,0.0832
1540124700,0.0832
1540125000,0.0832
1540125300,0.0832
1540125600,0.0832
1540125900,0.0832
1540126200,0.0832
1540126500,0.0832
1540126800,0.0832
1540127100,0.0832
1540127400,0.0832
1540127700,0.0832
1540128000,0.0832
1540128300,0.0832
1540128600,0.0832
1540128900,0.0832
1540129200,0.0832
1540129500,0.0832
1540129800,0.0832
1540130100,0.0832
1540130400,0.0832
1540130700,0.0832
1540131000,0.0832
1540131300,0.0832
1540131600,0.0832
1540131900,0.0832
1540132200,0.0832
1540132500,0.0832
1540132800,0.0832
1540133100,0.0832
1540133400,0.0832
1540133700,0.0832
1540134000,0.0832
1540134300,0.0832
1540134600,0.0832
1540134900,0.0832
1540135200,0.0832
1540135500,0.0832
1540135800,0.0832
1540136100,0.0832
1540136400,0.0832
1540136700,0.0832
1540137000,0.0832
1540137300,0.0832
1540137600,0.0832
1540137900,0.0832
1540138200,0.0832
1540138500,0.0832
1540138800,0.0832
1540139100,0.0832
1540139400,0.0832
1540139700,0.0832
1540140000,0.0832
1540140300,0.0832
1540140600,0.0832
1540140900,0.0832
1540141200,0.0832
1540141500,0.0832
1540141800,0.0832
1540142100,0.0832
1540142400,0.0832
1540142700,0.0832
1540143000,0.0832
1540143300,0.0832
1540143600,0.0832
1540143900,0.0832
1540144200,0.0832
1540144500,0.0832
1540144800,0.0832
1540145100,0.0832
1540145400,0.0832
1540145700,0.0832
1540146000,0.0832
1540146300,0.0832
1540146600,0.0832
1540146900,0.0832
1540147200,0.0832
1540147500,0.0832
1540147800,0.0832
1540148100,0.0832
1540148400,0.0832
1540148700,0.0832
1540149000,0.0832
1540149300,0.0832
1540149600,0.0832
1540149900,0.0832
1540150200,0.0832
1540150500,0.0832
1540150800,0.0832
1540151100,0.0832
1540151400,0.0832
1540151700,0.0832
1540152000,0.0832
1540152300,0.0832
1540152600,0.0832
1540152900,0.0832
1540153200,0.0832
1540153500,0.0832
1540153800,0.0832
1540154100,0.0832
1540154400,0.0832
1540154700,0.0832
1540155000,0.0832
1540155300,0.0832
1540155600,0.0832
1540155900,0.0832
1540156200,0.0832
1540156500,0.0832
1540156800,0.0832
1540157100,0.0832
1540157400,0.0832
1540157700,0.0832
1540158000,0.0832
1540158300,0.0832
1540158600,0.0832
1540158900,0.0832
1540159200,0.0832
1540159500,0.0832
1540159800,0.0832
1540160100,0.0832
1540160400,0.0832
1540160700,0.0832
1540161000,0.0832
1540161300,0.0832
1540161600,0.0832
1540161900,0.0832
1540162200,0.0832
1540162500,0.0832
1540162800,0.0832
1540163100,0.0832
1540163400,0.0832
1540163700,0.0832
1540164000,0.0832
1540164300,0.0832
1540164600,0.0832
1540164900,0.0832
1540165200,0.0832
1540165500,0.0832
1540165800,0.0832
1540166100,0.0832
1540166400,0.085333333
1540166700,0.085333333
1540167000,0.085333333
1540167300,0.085333333
1540167600,0.085333333
1540167900,0.085333333
1540168200,0.085333333
1540168500,0.085333333
1540168800,0.085333333
1540169100,0.085333333
1540169400,0.085333333
1540169700,0.085333333
1540170000,0.085333333
1540170300,0.085333333
1540170600,0.085333333
1540170900,0.085333333
1540171200,0.085333333
1540171500,0.085333333
1540171800,0.085333333
1540172100,0.085333333
1540172400,0.085333333
1540172700,0.085333333
1540173000,0.085333333
1540173300,0.085333333
1540173600,0.085333333
1540173900,0.085333333
1540174200,0.085333333
1540174500,0.085333333
1540174800,0.085333333
1540175100,0.085333333
1540175400,0.085333333
1540175700,0.085333333
1540176000,0.085333333
1540176300,0.085333333
1540176600,0.085333333
1540176900,0.085333333
1540177200,0.085333333
1540177500,0.085333333
1540177800,0.085333333
1540178100,0.085333333
1540178400,0.085333333
1540178700,0.085333333
1540179000,0.085333333
1540179300,0.085333333
1540179600,0.085333333
1540179900,0.085333333
1540180200,0.085333333
1540180500,0.085333333
1540180800,0.085333333
1540181100,0.085333333
1540181400,0.085333333
1540181700,0.085333333
1540182000,0.085333333
1540182300,0.085333333
1540182600,0.085333333
1540182900,0.085333333
1540183200,0.085333333
1540183500,0.085333333
1540183800,0.085333333
1540184100,0.085333333
1540184400,0.085333333
1540184700,0.085333333
1540185000,0.085333333
1540185300,0.085333333
1540185600,0.085333333
1540185900,0.085333333
1540186200,0.085333333
1540186500,0.085333333
1540186800,0.085333333
1540187100,0.085333333
1540187400,0.085333333
1540187700,0.085333333
1540188000,0.085333333
1540188300,0.085333333
1540188600,0.085333333
1540188900,0.085333333
1540189200,0.085333333
1540189500,0.085333333
1540189800,0.085333333
1540190100,0.085333333
1540190400,0.085333333
1540190700,0.085333333
1540191000,0.085333333
1540191300,0.085333333
1540191600,0.085333333
1540191900,0.085333333
1540192200,0.085333333
1540192500,0.085333333
1540192800,0.085333333
1540193100,0.085333333
1540193400,0.085333333
1540193700,0.085333333
1540194000,0.085333333
1540194300,0.085333333
1540194600,0.085333333
1540194900,0.085333333
1540195200,0.085333333
1540195500,0.085333333
1540195800,0.085333333
1540196100,0.085333333
1540196400,0.085333333
1540196700,0.085333333
1540197000,0.085333333
1540197300,0.085333333
1540197600,0.085333333
1540197900,0.085333333
1540198200,0.085333333
1540198500,0.085333333
1540198800,0.085333333
1540199100,0.085333333
1540199400,0.085333333
1540199700,0.085333333
1540200000,0.085333333
1540200300,0.085333333
1540200600,0.085333333
1540200900,0.085333333
1540201200,0.085333333
1540201500,0.085333333
1540201800,0.085333333
1540202100,0.085333333
1540202400,0.085333333
1540202700,0.085333333
1540203000,0.085333333
1540203300,0.085333333
1540203600,0.085333333
1540203900,0.085333333
1540204200,0.085333333
1540204500,0.085333333
1540204800,0.085333333
1540205100,0.085333333
1540205400,0.085333333
1540205700,0.085333333
1540206000,0.085333333
1540206300,0.085333333
1540206600,0.085333333
1540206900,0.085333333
1540207200,0.085333333
1540207500,0.085333333
1540207800,0.085333333
1540208100,0.085333333
1540208400,0.085333333
1540208700,0.085333333
1540209000,0.085333333
1540209300,0.085333333
1540209600,0.085333333
1540209900,0.085333333
1540210200,0.085333333
1540210500,0.085333333
1540210800,0.085333333
1540211100,0.085333333
1540211400,0.085333333
1540211700,0.085333333
1540212000,0.085333333
1540212300,0.085333333
1540212600,0.085333333
1540212900,0.085333333
1540213200,0.085333333
1540213500,0.085333333
1540213800,0.085333333
1540214100,0.085333333
1540214400,0.085333333
1540214700,0.085333333
1540215000,0.085333333
1540215300,0.085333333
1540215600,0.085333333
1540215900,0.085333333
1540216200,0.085333333
1540216500,0.085333333
1540216800,0.085333333
1540217100,0.085333333
1540217400,0.085333333
1540217700,0.085333333
1540218000,0.085333333
1540218300,0.085333333
1540218600,0.085333333
1540218900,0.085333333
1540219200,0.085333333
1540219500,0.085333333
1540219800,0.085333333
1540220100,0.085333333
1540220400,0.085333333
1540220700,0.085333333
1540221000,0.085333333
1540221300,0.085333333
1540221600,0.085333333
1540221900,0.085333333
1540222200,0.085333333
1540222500,0.085333333
1540222800,0.085333333
1540223100,0.085333333
1540223400,0.085333333
1540223700,0.085333333
1540224000,0.085333333
1540224300,0.085333333
1540224600,0.085333333
1540224900,0.085333333
1540225200,0.085333333
1540225500,0.085333333
1540225800,0.085333333
1540226100,0.085333333
1540226400,0.085333333
1540226700,0.085333333
1540227000,0.085333333
1540227300,0.085333333
1540227600,0.085333333
1540227900,0.085333333
1540228200,0.085333333
1540228500,0.085333333
1540228800,0.085333333
1540229100,0.085333333
1540229400,0.085333333
1540229700,0.085333333
1540230000,0.085333333
1540230300,0.085333333
1540230600,0.085333333
1540230900,0.085333333
1540231200,0.085333333
1540231500,0.085333333
1540231800,0.085333333
1540232100,0.085333333
1540232400,0.085333333
1540232700,0.085333333
1540233000,0.085333333
1540233300,0.085333333
1540233600,0.085333333
1540233900,0.085333333
1540234200,0.085333333
1540234500,0.085333333
1540234800,0.085333333
1540235100,0.085333333
1540235400,0.085333333
1540235700,0.085333333
1540236000,0.085333333
1540236300,0.085333333
1540236600,0.085333333
1540236900,0.085333333
1540237200,0.085333333
1540237500,0.085333333
1540237800,0.085333333
1540238100,0.085333333
1540238400,0.085333333
1540238700,0.085333333
1540239000,0.085333333
1540239300,0.085333333
1540239600,0.085333333
1540239900,0.085333333
1540240200,0.085333333
1540240500,0.085333333
1540240800,0.085333333
1540241100,0.085333333
1540241400,0.085333333
1540241700,0.085333333
1540242000,0.085333333
1540242300,0.085333333
1540242600,0.085333333
1540242900,0.085333333
1540243200,0.085333333
1540243500,0.085333333
1540243800,0.085333333
1540244100,0.085333333
1540244400,0.085333333
1540244700,0.085333333
1540245000,0.085333333
1540245300,0.085333333
1540245600,0.085333333
1540245900,0.085333333
1540246200,0.085333333
1540246500,0.085333333
1540246800,0.085333333
1540247100,0.085333333
1540247400,0.085333333
1540247700,0.085333333
1540248000,0.085333333
1540248300,0.085333333
1540248600,0.085333333
1540248900,0.085333333
1540249200,0.085333333
1540249500,0.085333333
1540249800,0.085333333
1540250100,0.085333333
1540250400,0.085333333
1540250700,0.085333333
1540251000,0.085333333
1540251300,0.085333333
1540251600,0.085333333
1540251900,0.085333333
1540252200,0.085333333
1540252500,0.085333333
1540252800,0.088533334
1540253100,0.088533334
1540253400,0.088533334
1540253700,0.088533334
1540254000,0.088533334
1540254300,0.088533334
1540254600,0.088533334
1540254900,0.088533334
1540255200,0.088533334
1540255500,0.088533334
1540255800,0.088533334
1540256100,0.088533334
1540256400,0.088533334
1540256700,0.088533334
1540257000,0.088533334
1540257300,0.088533334
1540257600,0.088533334
1540257900,0.088533334
1540258200,0.088533334
1540258500,0.088533334
1540258800,0.088533334
1540259100,0.088533334
1540259400,0.088533334
1540259700,0.088533334
1540260000,0.088533334
1540260300,0.088533334
1540260600,0.088533334
1540260900,0.088533334
1540261200,0.088533334
1540261500,0.088533334
1540261800,0.088533334
1540262100,0.088533334
1540262400,0.088533334
1540262700,0.088533334
1540263000,0.088533334
1540263300,0.088533334
1540263600,0.088533334
1540263900,0.088533334
1540264200,0.088533334
1540264500,0.088533334
1540264800,0.088533334
1540265100,0.088533334
1540265400,0.088533334
1540265700,0.088533334
1540266000,0.088533334
1540266300,0.088533334
1540266600,0.088533334
1540266900,0.088533334
1540267200,0.088533334
1540267500,0.088533334
1540267800,0.088533334
1540268100,0.088533334
1540268400,0.088533334
1540268700,0.088533334
1540269000,0.088533334
1540269300,0.088533334
1540269600,0.088533334
1540269900,0.088533334
1540270200,0.088533334
1540270500,0.088533334
1540270800,0.088533334
1540271100,0.088533334
1540271400,0.088533334
1540271700,0.088533334
1540272000,0.088533334
1540272300,0.088533334
1540272600,0.088533334
1540272900,0.088533334
1540273200,0.088533334
1540273500,0.088533334
1540273800,0.088533334
1540274100,0.088533334
1540274400,0.088533334
1540274700,0.088533334
1540275000,0.088533334
1540275300,0.088533334
1540275600,0.088533334
1540275900,0.088533334
1540276200,0.088533334
1540276500,0.088533334
1540276800,0.088533334
1540277100,0.088533334
1540277400,0.088533334
1540277700,0.088533334
1540278000,0.088533334
1540278300,0.088533334
1540278600,0.088533334
1540278900,0.088533334
1540279200,0.088533334
1540279500,0.088533334
1540279800,0.088533334
1540280100,0.088533334
1540280400,0.088533334
1540280700,0.088533334
1540281000,0.088533334
1540281300,0.088533334
1540281600,0.088533334
1540281900,0.088533334
1540282200,0.088533334
1540282500,0.088533334
1540282800,0.088533334
1540283100,0.088533334
1540283400,0.088533334
1540283700,0.088533334
1540284000,0.088533334
1540284300,0.088533334
1540284600,0.088533334
1540284900,0.088533334
1540285200,0.088533334
1540285500,0.088533334
1540285800,0.088533334
1540286100,0.088533334
1540286400,0.088533334
1540286700,0.088533334
1540287000,0.088533334
1540287300,0.088533334
1540287600,0.088533334
1540287900,0.088533334
1540288200,0.088533334
1540288500,0.088533334
1540288800,0.088533334
1540289100,0.088533334
1540289400,0.088533334
1540289700,0.088533334
1540290000,0.088533334
1540290300,0.088533334
1540290600,0.088533334
1540290900,0.088533334
1540291200,0.088533334
1540291500,0.088533334
1540291800,0.088533334
1540292100,0.088533334
1540292400,0.088533334
1540292700,0.088533334
1540293000,0.088533334
1540293300,0.088533334
1540293600,0.088533334
1540293900,0.088533334
1540294200,0.088533334
1540294500,0.088533334
1540294800,0.088533334
1540295100,0.088533334
1540295400,0.088533334
1540295700,0.088533334
1540296000,0.088533334
1540296300,0.088533334
1540296600,0.088533334
1540296900,0.088533334
1540297200,0.088533334
1540297500,0.088533334
1540297800,0.088533334
1540298100,0.088533334
1540298400,0.088533334
1540298700,0.088533334
1540299000,0.088533334
1540299300,0.088533334
1540299600,0.088533334
1540299900,0.088533334
1540300200,0.088533334
1540300500,0.088533334
1540300800,0.088533334
1540301100,0.088533334
1540301400,0.088533334
1540301700,0.088533334
1540302000,0.088533334
1540302300,0.088533334
1540302600,0.088533334
1540302900,0.088533334
1540303200,0.088533334
1540303500,0.088533334
1540303800,0.088533334
1540304100,0.088533334
1540304400,0.088533334
1540304700,0.088533334
1540305000,0.088533334
1540305300,0.088533334
1540305600,0.088533334
1540305900,0.088533334
1540306200,0.088533334
1540306500,0.088533334
1540306800,0.088533334
1540307100,0.088533334
1540307400,0.088533334
1540307700,0.088533334
1540308000,0.088533334
1540308300,0.088533334
1540308600,0.088533334
1540308900,0.088533334
1540309200,0.088533334
1540309500,0.088533334
1540309800,0.088533334
1540310100,0.088533334
1540310400,0.088533334
1540310700,0.088533334
1540311000,0.088533334
1540311300,0.088533334
1540311600,0.088533334
1540311900,0.088533334
1540312200,0.088533334
1540312500,0.088533334
1540312800,0.088533334
1540313100,0.088533334
1540313400,0.088533334
1540313700,0.088533334
1540314000,0.088533334
1540314300,0.088533334
1540314600,0.088533334
1540314900,0.088533334
1540315200,0.088533334
1540315500,0.088533334
1540315800,0.088533334
1540316100,0.088533334
1540316400,0.088533334
1540316700,0.088533334
1540317000,0.088533334
1540317300,0.088533334
1540317600,0.088533334
1540317900,0.088533334
1540318200,0.088533334
1540318500,0.088533334
1540318800,0.088533334
1540319100,0.088533334
1540319400,0.088533334
1540319700,0.088533334
1540320000,0.088533334
1540320300,0.088533334
1540320600,0.088533334
1540320900,0.088533334
1540321200,0.088533334
1540321500,0.088533334
1540321800,0.088533334
1540322100,0.088533334
1540322400,0.088533334
1540322700,0.088533334
1540323000,0.088533334
1540323300,0.088533334
1540323600,0.088533334
1540323900,0.088533334
1540324200,0.088533334
1540324500,0.088533334
1540324800,0.088533334
1540325100,0.088533334
1540325400,0.088533334
1540325700,0.088533334
1540326000,0.088533334
1540326300,0.088533334
1540326600,0.088533334
1540326900,0.088533334
1540327200,0.088533334
1540327500,0.088533334
1540327800,0.088533334
1540328100,0.088533334
1540328400,0.088533334
1540328700,0.088533334
1540329000,0.088533334
1540329300,0.088533334
1540329600,0.088533334
1540329900,0.088533334
1540330200,0.088533334
1540330500,0.088533334
1540330800,0.088533334
1540331100,0.088533334
1540331400,0.088533334
1540331700,0.088533334
1540332000,0.088533334
1540332300,0.088533334
1540332600,0.088533334
1540332900,0.088533334
1540333200,0.088533334
1540333500,0.088533334
1540333800,0.088533334
1540334100,0.088533334
1540334400,0.088533334
1540334700,0.088533334
1540335000,0.088533334
1540335300,0.088533334
1540335600,0.088533334
1540335900,0.088533334
1540336200,0.088533334
1540336500,0.088533334
1540336800,0.088533334
1540337100,0.088533334
1540337400,0.088533334
1540337700,0.088533334
1540338000,0.088533334
1540338300,0.088533334
1540338600,0.088533334
1540338900,0.088533334
1540339200,0.136533334
1540339500,0.136533334
1540339800,0.136533334
1540340100,0.136533334
1540340400,0.136533334
1540340700,0.136533334
1540341000,0.136533334
1540341300,0.136533334
1540341600,0.136533334
1540341900,0.136533334
1540342200,0.136533334
1540342500,0.136533334
1540342800,0.136533334
1540343100,0.136533334
1540343400,0.136533334
1540343700,0.136533334
1540344000,0.136533334
1540344300,0.136533334
1540344600,0.136533334
1540344900,0.136533334
1540345200,0.136533334
1540345500,0.136533334
1540345800,0.136533334
1540346100,0.136533334
1540346400,0.136533334
1540346700,0.136533334
1540347000,0.136533334
1540347300,0.136533334
1540347600,0.136533334
1540347900,0.136533334
1540348200,0.136533334
1540348500,0.136533334
1540348800,0.136533334
1540349100,0.136533334
1540349400,0.136533334
1540349700,0.136533334
1540350000,0.136533334
1540350300,0.136533334
1540350600,0.136533334
1540350900,0.136533334
1540351200,0.136533334
1540351500,0.136533334
1540351800,0.136533334
1540352100,0.136533334
1540352400,0.136533334
1540352700,0.136533334
1540353000,0.136533334
1540353300,0.136533334
1540353600,0.136533334
1540353900,0.136533334
1540354200,0.136533334
1540354500,0.136533334
1540354800,0.136533334
1540355100,0.136533334
1540355400,0.136533334
1540355700,0.136533334
1540356000,0.136533334
1540356300,0.136533334
1540356600,0.136533334
1540356900,0.136533334
1540357200,0.136533334
1540357500,0.136533334
1540357800,0.136533334
1540358100,0.136533334
1540358400,0.136533334
1540358700,0.136533334
1540359000,0.136533334
1540359300,0.136533334
1540359600,0.136533334
1540359900,0.136533334
1540360200,0.136533334
1540360500,0.136533334
1540360800,0.136533334
1540361100,0.136533334
1540361400,0.136533334
1540361700,0.136533334
1540362000,0.136533334
1540362300,0.136533334
1540362600,0.136533334
1540362900,0.136533334
1540363200,0.136533334
1540363500,0.136533334
1540363800,0.136533334
1540364100,0.136533334
1540364400,0.136533334
1540364700,0.136533334
1540365000,0.136533334
1540365300,0.136533334
1540365600,0.136533334
1540365900,0.136533334
1540366200,0.136533334
1540366500,0.136533334
1540366800,0.136533334
1540367100,0.136533334
1540367400,0.136533334
1540367700,0.136533334
1540368000,0.136533334
1540368300,0.136533334
1540368600,0.136533334
1540368900,0.136533334
1540369200,0.136533334
1540369500,0.136533334
1540369800,0.136533334
1540370100,0.136533334
1540370400,0.136533334
1540370700,0.136533334
1540371000,0.136533334
1540371300,0.136533334
1540371600,0.136533334
1540371900,0.136533334
1540372200,0.136533334
1540372500,0.136533334
1540372800,0.136533334
1540373100,0.136533334
1540373400,0.136533334
1540373700,0.136533334
1540374000,0.136533334
1540374300,0.136533334
1540374600,0.136533334
1540374900,0.136533334
1540375200,0.136533334
1540375500,0.136533334
1540375800,0.136533334
1540376100,0.136533334
1540376400,0.136533334
1540376700,0.136533334
1540377000,0.136533334
1540377300,0.136533334
1540377600,0.136533334
1540377900,0.136533334
1540378200,0.136533334
1540378500,0.136533334
1540378800,0.136533334
1540379100,0.136533334
1540379400,0.136533334
1540379700,0.136533334
1540380000,0.136533334
1540380300,0.136533334
1540380600,0.136533334
1540380900,0.136533334
1540381200,0.136533334
1540381500,0.136533334
1540381800,0.136533334
1540382100,0.136533334
1540382400,0.136533334
1540382700,0.136533334
1540383000,0.136533334
1540383300,0.136533334
1540383600,0.136533334
1540383900,0.136533334
1540384200,0.136533334
1540384500,0.136533334
1540384800,0.136533334
1540385100,0.136533334
1540385400,0.136533334
1540385700,0.136533334
1540386000,0.136533334
1540386300,0.136533334
1540386600,0.136533334
1540386900,0.136533334
1540387200,0.136533334
1540387500,0.136533334
1540387800,0.136533334
1540388100,0.136533334
1540388400,0.136533334
1540388700,0.136533334
1540389000,0.136533334
1540389300,0.136533334
1540389600,0.136533334
1540389900,0.136533334
1540390200,0.136533334
1540390500,0.136533334
1540390800,0.136533334
1540391100,0.136533334
1540391400,0.136533334
1540391700,0.136533334
1540392000,0.136533334
1540392300,0.136533334
1540392600,0.136533334
1540392900,0.136533334
1540393200,0.136533334
1540393500,0.136533334
1540393800,0.136533334
1540394100,0.136533334
1540394400,0.136533334
1540394700,0.136533334
1540395000,0.136533334
1540395300,0.136533334
1540395600,0.136533334
1540395900,0.136533334
1540396200,0.136533334
1540396500,0.136533334
1540396800,0.136533334
1540397100,0.136533334
1540397400,0.136533334
1540397700,0.136533334
1540398000,0.136533334
1540398300,0.136533334
1540398600,0.136533334
1540398900,0.136533334
1540399200,0.136533334
1540399500,0.136533334
1540399800,0.136533334
1540400100,0.136533334
1540400400,0.136533334
1540400700,0.136533334
1540401000,0.136533334
1540401300,0.136533334
1540401600,0.136533334
1540401900,0.136533334
1540402200,0.136533334
1540402500,0.136533334
1540402800,0.136533334
1540403100,0.136533334
1540403400,0.136533334
1540403700,0.136533334
1540404000,0.136533334
1540404300,0.136533334
1540404600,0.136533334
1540404900,0.136533334
1540405200,0.136533334
1540405500,0.136533334
1540405800,0.136533334
1540406100,0.136533334
1540406400,0.136533334
1540406700,0.136533334
1540407000,0.136533334
1540407300,0.136533334
1540407600,0.136533334
1540407900,0.136533334
1540408200,0.136533334
1540408500,0.136533334
1540408800,0.136533334
1540409100,0.136533334
1540409400,0.136533334
1540409700,0.136533334
1540410000,0.136533334
1540410300,0.136533334
1540410600,0.136533334
1540410900,0.136533334
1540411200,0.136533334
1540411500,0.136533334
1540411800,0.136533334
1540412100,0.136533334
1540412400,0.136533334
1540412700,0.136533334
1540413000,0.136533334
1540413300,0.136533334
1540413600,0.136533334
1540413900,0.136533334
1540414200,0.136533334
1540414500,0.136533334
1540414800,0.136533334
1540415100,0.136533334
1540415400,0.136533334
1540415700,0.136533334
1540416000,0.136533334
1540416300,0.136533334
1540416600,0.136533334
1540416900,0.136533334
1540417200,0.136533334
1540417500,0.136533334
1540417800,0.136533334
1540418100,0.136533334
1540418400,0.136533334
1540418700,0.136533334
1540419000,0.136533334
1540419300,0.136533334
1540419600,0.136533334
1540419900,0.136533334
1540420200,0.136533334
1540420500,0.136533334
1540420800,0.136533334
1540421100,0.136533334
1540421400,0.136533334
1540421700,0.136533334
1540422000,0.136533334
1540422300,0.136533334
1540422600,0.136533334
1540422900,0.136533334
1540423200,0.136533334
1540423500,0.136533334
1540423800,0.136533334
1540424100,0.136533334
1540424400,0.136533334
1540424700,0.136533334
1540425000,0.136533334
1540425300,0.136533334
1540425600,0.0672
1540425900,0.0672
1540426200,0.0672
1540426500,0.0672
1540426800,0.0672
1540427100,0.0672
1540427400,0.0672
1540427700,0.0672
1540428000,0.0672
1540428300,0.0672
1540428600,0.0672
1540428900,0.0672
1540429200,0.0672
1540429500,0.0672
1540429800,0.0672
1540430100,0.0672
1540430400,0.0672
1540430700,0.0672
1540431000,0.0672
1540431300,0.0672
1540431600,0.0672
1540431900,0.0672
1540432200,0.0672
1540432500,0.0672
1540432800,0.0672
1540433100,0.0672
1540433400,0.0672
1540433700,0.0672
1540434000,0.0672
1540434300,0.0672
1540434600,0.0672
1540434900,0.0672
1540435200,0.0672
1540435500,0.0672
1540435800,0.0672
1540436100,0.0672
1540436400,0.0672
1540436700,0.0672
1540437000,0.0672
1540437300,0.0672
1540437600,0.0672
1540437900,0.0672
1540438200,0.0672
1540438500,0.0672
1540438800,0.0672
1540439100,0.0672
1540439400,0.0672
1540439700,0.0672
1540440000,0.0672
1540440300,0.0672
1540440600,0.0672
1540440900,0.0672
1540441200,0.0672
1540441500,0.0672
1540441800,0.0672
1540442100,0.0672
1540442400,0.0672
1540442700,0.0672
1540443000,0.0672
1540443300,0.0672
1540443600,0.0672
1540443900,0.0672
1540444200,0.0672
1540444500,0.0672
1540444800,0.0672
1540445100,0.0672
1540445400,0.0672
1540445700,0.0672
1540446000,0.0672
1540446300,0.0672
1540446600,0.0672
1540446900,0.0672
1540447200,0.0672
1540447500,0.0672
1540447800,0.0672
1540448100,0.0672
1540448400,0.0672
1540448700,0.0672
1540449000,0.0672
1540449300,0.0672
1540449600,0.0672
1540449900,0.0672
1540450200,0.0672
1540450500,0.0672
1540450800,0.0672
1540451100,0.0672
1540451400,0.0672
1540451700,0.0672
1540452000,0.0672
1540452300,0.0672
1540452600,0.0672
1540452900,0.0672
1540453200,0.0672
1540453500,0.0672
1540453800,0.0672
1540454100,0.0672
1540454400,0.0672
1540454700,0.0672
1540455000,0.0672
1540455300,0.0672
1540455600,0.0672
1540455900,0.0672
1540456200,0.0672
1540456500,0.0672
1540456800,0.0672
1540457100,0.0672
1540457400,0.0672
1540457700,0.0672
1540458000,0.0672
1540458300,0.0672
1540458600,0.0672
1540458900,0.0672
1540459200,0.0672
1540459500,0.0672
1540459800,0.0672
1540460100,0.0672
1540460400,0.0672
1540460700,0.0672
1540461000,0.0672
1540461300,0.0672
1540461600,0.0672
1540461900,0.0672
1540462200,0.0672
1540462500,0.0672
1540462800,0.0672
1540463100,0.0672
1540463400,0.0672
1540463700,0.0672
1540464000,0.0672
1540464300,0.0672
1540464600,0.0672
1540464900,0.0672
1540465200,0.0672
1540465500,0.0672
1540465800,0.0672
1540466100,0.0672
1540466400,0.0672
1540466700,0.0672
1540467000,0.0672
1540467300,0.0672
1540467600,0.0672
1540467900,0.0672
1540468200,0.0672
1540468500,0.0672
1540468800,0.0672
1540469100,0.0672
1540469400,0.0672
1540469700,0.0672
1540470000,0.0672
1540470300,0.0672
1540470600,0.0672
1540470900,0.0672
1540471200,0.0672
1540471500,0.0672
1540471800,0.0672
1540472100,0.0672
1540472400,0.0672
1540472700,0.0672
1540473000,0.0672
1540473300,0.0672
1540473600,0.0672
1540473900,0.0672
1540474200,0.0672
1540474500,0.0672
1540474800,0.0672
1540475100,0.0672
1540475400,0.0672
1540475700,0.0672
1540476000,0.0672
1540476300,0.0672
1540476600,0.0672
1540476900,0.0672
1540477200,0.0672
1540477500,0.0672
1540477800,0.0672
1540478100,0.0672
1540478400,0.0672
1540478700,0.0672
1540479000,0.0672
1540479300,0.0672
1540479600,0.0672
1540479900,0.0672
1540480200,0.0672
1540480500,0.0672
1540480800,0.0672
1540481100,0.0672
1540481400,0.0672
1540481700,0.0672
1540482000,0.0672
1540482300,0.0672
1540482600,0.0672
1540482900,0.0672
1540483200,0.0672
1540483500,0.0672
1540483800,0.0672
1540484100,0.0672
1540484400,0.0672
1540484700,0.0672
1540485000,0.0672
1540485300,0.0672
1540485600,0.0672
1540485900,0.0672
1540486200,0.0672
1540486500,0.0672
1540486800,0.0672
1540487100,0.0672
1540487400,0.0672
1540487700,0.0672
1540488000,0.0672
1540488300,0.0672
1540488600,0.0672
1540488900,0.0672
1540489200,0.0672
1540489500,0.0672
1540489800,0.0672
1540490100,0.0672
1540490400,0.0672
1540490700,0.0672
1540491000,0.0672
1540491300,0.0672
1540491600,0.0672
1540491900,0.0672
1540492200,0.0672
1540492500,0.0672
1540492800,0.0672
1540493100,0.0672
1540493400,0.0672
1540493700,0.0672
1540494000,0.0672
1540494300,0.0672
1540494600,0.0672
1540494900,0.0672
1540495200,0.0672
1540495500,0.0672
1540495800,0.0672
1540496100,0.0672
1540496400,0.0672
1540496700,0.0672
1540497000,0.0672
1540497300,0.0672
1540497600,0.0672
1540497900,0.0672
1540498200,0.0672
1540498500,0.0672
1540498800,0.0672
1540499100,0.0672
1540499400,0.0672
1540499700,0.0672
1540500000,0.0672
1540500300,0.0672
1540500600,0.0672
1540500900,0.0672
1540501200,0.0672
1540501500,0.0672
1540501800,0.0672
1540502100,0.0672
1540502400,0.0672
1540502700,0.0672
1540503000,0.0672
1540503300,0.0672
1540503600,0.0672
1540503900,0.0672
1540504200,0.0672
1540504500,0.0672
1540504800,0.0672
1540505100,0.0672
1540505400,0.0672
1540505700,0.0672
1540506000,0.0672
1540506300,0.0672
1540506600,0.0672
1540506900,0.0672
1540507200,0.0672
1540507500,0.0672
1540507800,0.0672
1540508100,0.0672
1540508400,0.0672
1540508700,0.0672
1540509000,0.0672
1540509300,0.0672
1540509600,0.0672
1540509900,0.0672
1540510200,0.0672
1540510500,0.0672
1540510800,0.0672
1540511100,0.0672
1540511400,0.0672
1540511700,0.0672
1540512000,0.061866666
1540512300,0.061866666
1540512600,0.061866666
1540512900,0.061866666
1540513200,0.061866666
1540513500,0.061866666
1540513800,0.061866666
1540514100,0.061866666
1540514400,0.061866666
1540514700,0.061866666
1540515000,0.061866666
1540515300,0.061866666
1540515600,0.061866666
1540515900,0.061866666
1540516200,0.061866666
1540516500,0.061866666
1540516800,0.061866666
1540517100,0.061866666
1540517400,0.061866666
1540517700,0.061866666
1540518000,0.061866666
1540518300,0.061866666
1540518600,0.061866666
1540518900,0.061866666
1540519200,0.061866666
1540519500,0.061866666
1540519800,0.061866666
1540520100,0.061866666
1540520400,0.061866666
1540520700,0.061866666
1540521000,0.061866666
1540521300,0.061866666
1540521600,0.061866666
1540521900,0.061866666
1540522200,0.061866666
1540522500,0.061866666
1540522800,0.061866666
1540523100,0.061866666
1540523400,0.061866666
1540523700,0.061866666
1540524000,0.061866666
1540524300,0.061866666
1540524600,0.061866666
1540524900,0.061866666
1540525200,0.061866666
1540525500,0.061866666
1540525800,0.061866666
1540526100,0.061866666
1540526400,0.061866666
1540526700,0.061866666
1540527000,0.061866666
1540527300,0.061866666
1540527600,0.061866666
1540527900,0.061866666
1540528200,0.061866666
1540528500,0.061866666
1540528800,0.061866666
1540529100,0.061866666
1540529400,0.061866666
1540529700,0.061866666
1540530000,0.061866666
1540530300,0.061866666
1540530600,0.061866666
1540530900,0.061866666
1540531200,0.061866666
1540531500,0.061866666
1540531800,0.061866666
1540532100,0.061866666
1540532400,0.061866666
1540532700,0.061866666
1540533000,0.061866666
1540533300,0.061866666
1540533600,0.061866666
1540533900,0.061866666
1540534200,0.061866666
1540534500,0.061866666
1540534800,0.061866666
1540535100,0.061866666
1540535400,0.061866666
1540535700,0.061866666
1540536000,0.061866666
1540536300,0.061866666
1540536600,0.061866666
1540536900,0.061866666
1540537200,0.061866666
1540537500,0.061866666
1540537800,0.061866666
1540538100,0.061866666
1540538400,0.061866666
1540538700,0.061866666
1540539000,0.061866666
1540539300,0.061866666
1540539600,0.061866666
1540539900,0.061866666
1540540200,0.061866666
1540540500,0.061866666
1540540800,0.061866666
1540541100,0.061866666
1540541400,0.061866666
1540541700,0.061866666
1540542000,0.061866666
1540542300,0.061866666
1540542600,0.061866666
1540542900,0.061866666
1540543200,0.061866666
1540543500,0.061866666
1540543800,0.061866666
1540544100,0.061866666
1540544400,0.061866666
1540544700,0.061866666
1540545000,0.061866666
1540545300,0.061866666
1540545600,0.061866666
1540545900,0.061866666
1540546200,0.061866666
1540546500,0.061866666
1540546800,0.061866666
1540547100,0.061866666
1540547400,0.061866666
1540547700,0.061866666
1540548000,0.061866666
1540548300,0.061866666
1540548600,0.061866666
1540548900,0.061866666
1540549200,0.061866666
1540549500,0.061866666
1540549800,0.061866666
1540550100,0.061866666
1540550400,0.061866666
1540550700,0.061866666
1540551000,0.061866666
1540551300,0.061866666
1540551600,0.061866666
1540551900,0.061866666
1540552200,0.061866666
1540552500,0.061866666
1540552800,0.061866666
1540553100,0.061866666
1540553400,0.061866666
1540553700,0.061866666
1540554000,0.061866666
1540554300,0.061866666
1540554600,0.061866666
1540554900,0.061866666
1540555200,0.061866666
1540555500,0.061866666
1540555800,0.061866666
1540556100,0.061866666
1540556400,0.061866666
1540556700,0.061866666
1540557000,0.061866666
1540557300,0.061866666
1540557600,0.061866666
1540557900,0.061866666
1540558200,0.061866666
1540558500,0.061866666
1540558800,0.061866666
1540559100,0.061866666
1540559400,0.061866666
1540559700,0.061866666
1540560000,0.061866666
1540560300,0.061866666
1540560600,0.061866666
1540560900,0.061866666
1540561200,0.061866666
1540561500,0.061866666
1540561800,0.061866666
1540562100,0.061866666
1540562400,0.061866666
1540562700,0.061866666
1540563000,0.061866666
1540563300,0.061866666
1540563600,0.061866666
1540563900,0.061866666
1540564200,0.061866666
1540564500,0.061866666
1540564800,0.061866666
1540565100,0.061866666
1540565400,0.061866666
1540565700,0.061866666
1540566000,0.061866666
1540566300,0.061866666
1540566600,0.061866666
1540566900,0.061866666
1540567200,0.061866666
1540567500,0.061866666
1540567800,0.061866666
1540568100,0.061866666
1540568400,0.061866666
1540568700,0.061866666
1540569000,0.061866666
1540569300,0.061866666
1540569600,0.061866666
1540569900,0.061866666
1540570200,0.061866666
1540570500,0.061866666
1540570800,0.061866666
1540571100,0.061866666
1540571400,0.061866666
1540571700,0.061866666
1540572000,0.061866666
1540572300,0.061866666
1540572600,0.061866666
1540572900,0.061866666
1540573200,0.061866666
1540573500,0.061866666
1540573800,0.061866666
1540574100,0.061866666
1540574400,0.061866666
1540574700,0.061866666
1540575000,0.061866666
1540575300,0.061866666
1540575600,0.061866666
1540575900,0.061866666
1540576200,0.061866666
1540576500,0.061866666
1540576800,0.061866666
1540577100,0.061866666
1540577400,0.061866666
1540577700,0.061866666
1540578000,0.061866666
1540578300,0.061866666
1540578600,0.061866666
1540578900,0.061866666
1540579200,0.061866666
1540579500,0.061866666
1540579800,0.061866666
1540580100,0.061866666
1540580400,0.061866666
1540580700,0.061866666
1540581000,0.061866666
1540581300,0.061866666
1540581600,0.061866666
1540581900,0.061866666
1540582200,0.061866666
1540582500,0.061866666
1540582800,0.061866666
1540583100,0.061866666
1540583400,0.061866666
1540583700,0.061866666
1540584000,0.061866666
1540584300,0.061866666
1540584600,0.061866666
1540584900,0.061866666
1540585200,0.061866666
1540585500,0.061866666
1540585800,0.061866666
1540586100,0.061866666
1540586400,0.061866666
1540586700,0.061866666
1540587000,0.061866666
1540587300,0.061866666
1540587600,0.061866666
1540587900,0.061866666
1540588200,0.061866666
1540588500,0.061866666
1540588800,0.061866666
1540589100,0.061866666
1540589400,0.061866666
1540589700,0.061866666
1540590000,0.061866666
1540590300,0.061866666
1540590600,0.061866666
1540590900,0.061866666
1540591200,0.061866666
1540591500,0.061866666
1540591800,0.061866666
1540592100,0.061866666
1540592400,0.061866666
1540592700,0.061866666
1540593000,0.061866666
1540593300,0.061866666
1540593600,0.061866666
1540593900,0.061866666
1540594200,0.061866666
1540594500,0.061866666
1540594800,0.061866666
1540595100,0.061866666
1540595400,0.061866666
1540595700,0.061866666
1540596000,0.061866666
1540596300,0.061866666
1540596600,0.061866666
1540596900,0.061866666
1540597200,0.061866666
1540597500,0.061866666
1540597800,0.061866666
1540598100,0.061866666
1540598400,0.0512
1540598700,0.0512
1540599000,0.0512
1540599300,0.0512
1540599600,0.0512
1540599900,0.0512
1540600200,0.0512
1540600500,0.0512
1540600800,0.0512
1540601100,0.0512
1540601400,0.0512
1540601700,0.0512
1540602000,0.0512
1540602300,0.0512
1540602600,0.0512
1540602900,0.0512
1540603200,0.0512
1540603500,0.0512
1540603800,0.0512
1540604100,0.0512
1540604400,0.0512
1540604700,0.0512
1540605000,0.0512
1540605300,0.0512
1540605600,0.0512
1540605900,0.0512
1540606200,0.0512
1540606500,0.0512
1540606800,0.0512
1540607100,0.0512
1540607400,0.0512
1540607700,0.0512
1540608000,0.0512
1540608300,0.0512
1540608600,0.0512
1540608900,0.0512
1540609200,0.0512
1540609500,0.0512
1540609800,0.0512
1540610100,0.0512
1540610400,0.0512
1540610700,0.0512
1540611000,0.0512
1540611300,0.0512
1540611600,0.0512
1540611900,0.0512
1540612200,0.0512
1540612500,0.0512
1540612800,0.0512
1540613100,0.0512
1540613400,0.0512
1540613700,0.0512
1540614000,0.0512
1540614300,0.0512
1540614600,0.0512
1540614900,0.0512
1540615200,0.0512
1540615500,0.0512
1540615800,0.0512
1540616100,0.0512
1540616400,0.0512
1540616700,0.0512
1540617000,0.0512
1540617300,0.0512
1540617600,0.0512
1540617900,0.0512
1540618200,0.0512
1540618500,0.0512
1540618800,0.0512
1540619100,0.0512
1540619400,0.0512
1540619700,0.0512
1540620000,0.0512
1540620300,0.0512
1540620600,0.0512
1540620900,0.0512
1540621200,0.0512
1540621500,0.0512
1540621800,0.0512
1540622100,0.0512
1540622400,0.0512
1540622700,0.0512
1540623000,0.0512
1540623300,0.0512
1540623600,0.0512
1540623900,0.0512
1540624200,0.0512
1540624500,0.0512
1540624800,0.0512
1540625100,0.0512
1540625400,0.0512
1540625700,0.0512
1540626000,0.0512
1540626300,0.0512
1540626600,0.0512
1540626900,0.0512
1540627200,0.0512
1540627500,0.0512
1540627800,0.0512
1540628100,0.0512
1540628400,0.0512
1540628700,0.0512
1540629000,0.0512
1540629300,0.0512
1540629600,0.0512
1540629900,0.0512
1540630200,0.0512
1540630500,0.0512
1540630800,0.0512
1540631100,0.0512
1540631400,0.0512
1540631700,0.0512
1540632000,0.0512
1540632300,0.0512
1540632600,0.0512
1540632900,0.0512
1540633200,0.0512
1540633500,0.0512
1540633800,0.0512
1540634100,0.0512
1540634400,0.0512
1540634700,0.0512
1540635000,0.0512
1540635300,0.0512
1540635600,0.0512
1540635900,0.0512
1540636200,0.0512
1540636500,0.0512
1540636800,0.0512
1540637100,0.0512
1540637400,0.0512
1540637700,0.0512
1540638000,0.0512
1540638300,0.0512
1540638600,0.0512
1540638900,0.0512
1540639200,0.0512
1540639500,0.0512
1540639800,0.0512
1540640100,0.0512
1540640400,0.0512
1540640700,0.0512
1540641000,0.0512
1540641300,0.0512
1540641600,0.0512
1540641900,0.0512
1540642200,0.0512
1540642500,0.0512
1540642800,0.0512
1540643100,0.0512
1540643400,0.0512
1540643700,0.0512
1540644000,0.0512
1540644300,0.0512
1540644600,0.0512
1540644900,0.0512
1540645200,0.0512
1540645500,0.0512
1540645800,0.0512
1540646100,0.0512
1540646400,0.0512
1540646700,0.0512
1540647000,0.0512
1540647300,0.0512
1540647600,0.0512
1540647900,0.0512
1540648200,0.0512
1540648500,0.0512
1540648800,0.0512
1540649100,0.0512
1540649400,0.0512
1540649700,0.0512
1540650000,0.0512
1540650300,0.0512
1540650600,0.0512
1540650900,0.0512
1540651200,0.0512
1540651500,0.0512
1540651800,0.0512
1540652100,0.0512
1540652400,0.0512
1540652700,0.0512
1540653000,0.0512
1540653300,0.0512
1540653600,0.0512
1540653900,0.0512
1540654200,0.0512
1540654500,0.0512
1540654800,0.0512
1540655100,0.0512
1540655400,0.0512
1540655700,0.0512
1540656000,0.0512
1540656300,0.0512
1540656600,0.0512
1540656900,0.0512
1540657200,0.0512
1540657500,0.0512
1540657800,0.0512
1540658100,0.0512
1540658400,0.0512
1540658700,0.0512
1540659000,0.0512
1540659300,0.0512
1540659600,0.0512
1540659900,0.0512
1540660200,0.0512
1540660500,0.0512
1540660800,0.0512
1540661100,0.0512
1540661400,0.0512
1540661700,0.0512
1540662000,0.0512
1540662300,0.0512
1540662600,0.0512
1540662900,0.0512
1540663200,0.0512
1540663500,0.0512
1540663800,0.0512
1540664100,0.0512
1540664400,0.0512
1540664700,0.0512
1540665000,0.0512
1540665300,0.0512
1540665600,0.0512
1540665900,0.0512
1540666200,0.0512
1540666500,0.0512
1540666800,0.0512
1540667100,0.0512
1540667400,0.0512
1540667700,0.0512
1540668000,0.0512
1540668300,0.0512
1540668600,0.0512
1540668900,0.0512
1540669200,0.0512
1540669500,0.0512
1540669800,0.0512
1540670100,0.0512
1540670400,0.0512
1540670700,0.0512
1540671000,0.0512
1540671300,0.0512
1540671600,0.0512
1540671900,0.0512
1540672200,0.0512
1540672500,0.0512
1540672800,0.0512
1540673100,0.0512
1540673400,0.0512
1540673700,0.0512
1540674000,0.0512
1540674300,0.0512
1540674600,0.0512
1540674900,0.0512
1540675200,0.0512
1540675500,0.0512
1540675800,0.0512
1540676100,0.0512
1540676400,0.0512
1540676700,0.0512
1540677000,0.0512
1540677300,0.0512
1540677600,0.0512
1540677900,0.0512
1540678200,0.0512
1540678500,0.0512
1540678800,0.0512
1540679100,0.0512
1540679400,0.0512
1540679700,0.0512
1540680000,0.0512
1540680300,0.0512
1540680600,0.0512
1540680900,0.0512
1540681200,0.0512
1540681500,0.0512
1540681800,0.0512
1540682100,0.0512
1540682400,0.0512
1540682700,0.0512
1540683000,0.0512
1540683300,0.0512
1540683600,0.0512
1540683900,0.0512
1540684200,0.0512
1540684500,0.0512
1540684800,0.051573723
1540685100,0.051573723
1540685400,0.051573723
1540685700,0.051573723
1540686000,0.051573723
1540686300,0.051573723
1540686600,0.051573723
1540686900,0.051573723
1540687200,0.051573723
1540687500,0.051573723
1540687800,0.051573723
1540688100,0.051573723
1540688400,0.051573723
1540688700,0.051573723
1540689000,0.051573723
1540689300,0.051573723
1540689600,0.051573723
1540689900,0.051573723
1540690200,0.051573723
1540690500,0.051573723
1540690800,0.051573723
1540691100,0.051573723
1540691400,0.051573723
1540691700,0.051573723
1540692000,0.051573723
1540692300,0.051573723
1540692600,0.051573723
1540692900,0.051573723
1540693200,0.051573723
1540693500,0.051573723
1540693800,0.051573723
1540694100,0.051573723
1540694400,0.051573723
1540694700,0.051573723
1540695000,0.051573723
1540695300,0.051573723
1540695600,0.051573723
1540695900,0.051573723
1540696200,0.051573723
1540696500,0.051573723
1540696800,0.051573723
1540697100,0.051573723
1540697400,0.051573723
1540697700,0.051573723
1540698000,0.051573723
1540698300,0.051573723
1540698600,0.051573723
1540698900,0.051573723
1540699200,0.051573723
1540699500,0.051573723
1540699800,0.051573723
1540700100,0.051573723
1540700400,0.051573723
1540700700,0.051573723
1540701000,0.051573723
1540701300,0.051573723
1540701600,0.051573723
1540701900,0.051573723
1540702200,0.051573723
1540702500,0.051573723
1540702800,0.051573723
1540703100,0.051573723
1540703400,0.051573723
1540703700,0.051573723
1540704000,0.051573723
1540704300,0.051573723
1540704600,0.051573723
1540704900,0.051573723
1540705200,0.051573723
1540705500,0.051573723
1540705800,0.051573723
1540706100,0.051573723
1540706400,0.051573723
1540706700,0.051573723
1540707000,0.051573723
1540707300,0.051573723
1540707600,0.051573723
1540707900,0.051573723
1540708200,0.051573723
1540708500,0.051573723
1540708800,0.051573723
1540709100,0.051573723
1540709400,0.051573723
1540709700,0.051573723
1540710000,0.051573723
1540710300,0.051573723
1540710600,0.051573723
1540710900,0.051573723
1540711200,0.051573723
1540711500,0.051573723
1540711800,0.051573723
1540712100,0.051573723
1540712400,0.051573723
1540712700,0.051573723
1540713000,0.051573723
1540713300,0.051573723
1540713600,0.051573723
1540713900,0.051573723
1540714200,0.051573723
1540714500,0.051573723
1540714800,0.051573723
1540715100,0.051573723
1540715400,0.051573723
1540715700,0.051573723
1540716000,0.051573723
1540716300,0.051573723
1540716600,0.051573723
1540716900,0.051573723
1540717200,0.051573723
1540717500,0.051573723
1540717800,0.051573723
1540718100,0.051573723
1540718400,0.051573723
1540718700,0.051573723
1540719000,0.051573723
1540719300,0.051573723
1540719600,0.051573723
1540719900,0.051573723
1540720200,0.051573723
1540720500,0.051573723
1540720800,0.051573723
1540721100,0.051573723
1540721400,0.051573723
1540721700,0.051573723
1540722000,0.051573723
1540722300,0.051573723
1540722600,0.051573723
1540722900,0.051573723
1540723200,0.051573723
1540723500,0.051573723
1540723800,0.051573723
1540724100,0.051573723
1540724400,0.051573723
1540724700,0.051573723
1540725000,0.051573723
1540725300,0.051573723
1540725600,0.051573723
1540725900,0.051573723
1540726200,0.051573723
1540726500,0.051573723
1540726800,0.051573723
1540727100,0.051573723
1540727400,0.051573723
1540727700,0.051573723
1540728000,0.051573723
1540728300,0.051573723
1540728600,0.051573723
1540728900,0.051573723
1540729200,0.051573723
1540729500,0.051573723
1540729800,0.051573723
1540730100,0.051573723
1540730400,0.051573723
1540730700,0.051573723
1540731000,0.051573723
1540731300,0.051573723
1540731600,0.051573723
1540731900,0.051573723
1540732200,0.051573723
1540732500,0.051573723
1540732800,0.051573723
1540733100,0.051573723
1540733400,0.051573723
1540733700,0.051573723
1540734000,0.051573723
1540734300,0.051573723
1540734600,0.051573723
1540734900,0.051573723
1540735200,0.051573723
1540735500,0.051573723
1540735800,0.051573723
1540736100,0.051573723
1540736400,0.051573723
1540736700,0.051573723
1540737000,0.051573723
1540737300,0.051573723
1540737600,0.051573723
1540737900,0.051573723
1540738200,0.051573723
1540738500,0.051573723
1540738800,0.051573723
1540739100,0.051573723
1540739400,0.051573723
1540739700,0.051573723
1540740000,0.051573723
1540740300,0.051573723
1540740600,0.051573723
1540740900,0.051573723
1540741200,0.051573723
1540741500,0.051573723
1540741800,0.051573723
1540742100,0.051573723
1540742400,0.051573723
1540742700,0.051573723
1540743000,0.051573723
1540743300,0.051573723
1540743600,0.051573723
1540743900,0.051573723
1540744200,0.051573723
1540744500,0.051573723
1540744800,0.051573723
1540745100,0.051573723
1540745400,0.051573723
1540745700,0.051573723
1540746000,0.051573723
1540746300,0.051573723
1540746600,0.051573723
1540746900,0.051573723
1540747200,0.051573723
1540747500,0.051573723
1540747800,0.051573723
1540748100,0.051573723
1540748400,0.051573723
1540748700,0.051573723
1540749000,0.051573723
1540749300,0.051573723
1540749600,0.051573723
1540749900,0.051573723
1540750200,0.051573723
1540750500,0.051573723
1540750800,0.051573723
1540751100,0.051573723
1540751400,0.051573723
1540751700,0.051573723
1540752000,0.051573723
1540752300,0.051573723
1540752600,0.051573723
1540752900,0.051573723
1540753200,0.051573723
1540753500,0.051573723
1540753800,0.051573723
1540754100,0.051573723
1540754400,0.051573723
1540754700,0.051573723
1540755000,0.051573723
1540755300,0.051573723
1540755600,0.051573723
1540755900,0.051573723
1540756200,0.051573723
1540756500,0.051573723
1540756800,0.051573723
1540757100,0.051573723
1540757400,0.051573723
1540757700,0.051573723
1540758000,0.051573723
1540758300,0.051573723
1540758600,0.051573723
1540758900,0.051573723
1540759200,0.051573723
1540759500,0.051573723
1540759800,0.051573723
1540760100,0.051573723
1540760400,0.051573723
1540760700,0.051573723
1540761000,0.051573723
1540761300,0.051573723
1540761600,0.051573723
1540761900,0.051573723
1540762200,0.051573723
1540762500,0.051573723
1540762800,0.051573723
1540763100,0.051573723
1540763400,0.051573723
1540763700,0.051573723
1540764000,0.051573723
1540764300,0.051573723
1540764600,0.051573723
1540764900,0.051573723
1540765200,0.051573723
1540765500,0.051573723
1540765800,0.051573723
1540766100,0.051573723
1540766400,0.051573723
1540766700,0.051573723
1540767000,0.051573723
1540767300,0.051573723
1540767600,0.051573723
1540767900,0.051573723
1540768200,0.051573723
1540768500,0.051573723
1540768800,0.051573723
1540769100,0.051573723
1540769400,0.051573723
1540769700,0.051573723
1540770000,0.051573723
1540770300,0.051573723
1540770600,0.051573723
1540770900,0.051573723
1540771200,0.049066667
1540771500,0.049066667
1540771800,0.049066667
1540772100,0.049066667
1540772400,0.049066667
1540772700,0.049066667
1540773000,0.049066667
1540773300,0.049066667
1540773600,0.049066667
1540773900,0.049066667
1540774200,0.049066667
1540774500,0.049066667
1540774800,0.049066667
1540775100,0.049066667
1540775400,0.049066667
1540775700,0.049066667
1540776000,0.049066667
1540776300,0.049066667
1540776600,0.049066667
1540776900,0.049066667
1540777200,0.049066667
1540777500,0.049066667
1540777800,0.049066667
1540778100,0.049066667
1540778400,0.049066667
1540778700,0.049066667
1540779000,0.049066667
1540779300,0.049066667
1540779600,0.049066667
1540779900,0.049066667
1540780200,0.049066667
1540780500,0.049066667
1540780800,0.049066667
1540781100,0.049066667
1540781400,0.049066667
1540781700,0.049066667
1540782000,0.049066667
1540782300,0.049066667
1540782600,0.049066667
1540782900,0.049066667
1540783200,0.049066667
1540783500,0.049066667
1540783800,0.049066667
1540784100,0.049066667
1540784400,0.049066667
1540784700,0.049066667
1540785000,0.049066667
1540785300,0.049066667
1540785600,0.049066667
1540785900,0.049066667
1540786200,0.049066667
1540786500,0.049066667
1540786800,0.049066667
1540787100,0.049066667
1540787400,0.049066667
1540787700,0.049066667
1540788000,0.049066667
1540788300,0.049066667
1540788600,0.049066667
1540788900,0.049066667
1540789200,0.049066667
1540789500,0.049066667
1540789800,0.049066667
1540790100,0.049066667
1540790400,0.049066667
1540790700,0.049066667
1540791000,0.049066667
1540791300,0.049066667
1540791600,0.049066667
1540791900,0.049066667
1540792200,0.049066667
1540792500,0.049066667
1540792800,0.049066667
1540793100,0.049066667
1540793400,0.049066667
1540793700,0.049066667
1540794000,0.049066667
1540794300,0.049066667
1540794600,0.049066667
1540794900,0.049066667
1540795200,0.049066667
1540795500,0.049066667
1540795800,0.049066667
1540796100,0.049066667
1540796400,0.049066667
1540796700,0.049066667
1540797000,0.049066667
1540797300,0.049066667
1540797600,0.049066667
1540797900,0.049066667
1540798200,0.049066667
1540798500,0.049066667
1540798800,0.049066667
1540799100,0.049066667
1540799400,0.049066667
1540799700,0.049066667
1540800000,0.049066667
1540800300,0.049066667
1540800600,0.049066667
1540800900,0.049066667
1540801200,0.049066667
1540801500,0.049066667
1540801800,0.049066667
1540802100,0.049066667
1540802400,0.049066667
1540802700,0.049066667
1540803000,0.049066667
1540803300,0.049066667
1540803600,0.049066667
1540803900,0.049066667
1540804200,0.049066667
1540804500,0.049066667
1540804800,0.049066667
1540805100,0.049066667
1540805400,0.049066667
1540805700,0.049066667
1540806000,0.049066667
1540806300,0.049066667
1540806600,0.049066667
1540806900,0.049066667
1540807200,0.049066667
1540807500,0.049066667
1540807800,0.049066667
1540808100,0.049066667
1540808400,0.049066667
1540808700,0.049066667
1540809000,0.049066667
1540809300,0.049066667
1540809600,0.049066667
1540809900,0.049066667
1540810200,0.049066667
1540810500,0.049066667
1540810800,0.049066667
1540811100,0.049066667
1540811400,0.049066667
1540811700,0.049066667
1540812000,0.049066667
1540812300,0.049066667
1540812600,0.049066667
1540812900,0.049066667
1540813200,0.049066667
1540813500,0.049066667
1540813800,0.049066667
1540814100,0.049066667
1540814400,0.049066667
1540814700,0.049066667
1540815000,0.049066667
1540815300,0.049066667
1540815600,0.049066667
1540815900,0.049066667
1540816200,0.049066667
1540816500,0.049066667
1540816800,0.049066667
1540817100,0.049066667
1540817400,0.049066667
1540817700,0.049066667
1540818000,0.049066667
1540818300,0.049066667
1540818600,0.049066667
1540818900,0.049066667
1540819200,0.049066667
1540819500,0.049066667
1540819800,0.049066667
1540820100,0.049066667
1540820400,0.049066667
1540820700,0.049066667
1540821000,0.049066667
1540821300,0.049066667
1540821600,0.049066667
1540821900,0.049066667
1540822200,0.049066667
1540822500,0.049066667
1540822800,0.049066667
1540823100,0.049066667
1540823400,0.049066667
1540823700,0.049066667
1540824000,0.049066667
1540824300,0.049066667
1540824600,0.049066667
1540824900,0.049066667
1540825200,0.049066667
1540825500,0.049066667
1540825800,0.049066667
1540826100,0.049066667
1540826400,0.049066667
1540826700,0.049066667
1540827000,0.049066667
1540827300,0.049066667
1540827600,0.049066667
1540827900,0.049066667
1540828200,0.049066667
1540828500,0.049066667
1540828800,0.049066667
1540829100,0.049066667
1540829400,0.049066667
1540829700,0.049066667
1540830000,0.049066667
1540830300,0.049066667
1540830600,0.049066667
1540830900,0.049066667
1540831200,0.049066667
1540831500,0.049066667
1540831800,0.049066667
1540832100,0.049066667
1540832400,0.049066667
1540832700,0.049066667
1540833000,0.049066667
1540833300,0.049066667
1540833600,0.049066667
1540833900,0.049066667
1540834200,0.049066667
1540834500,0.049066667
1540834800,0.049066667
1540835100,0.049066667
1540835400,0.049066667
1540835700,0.049066667
1540836000,0.049066667
1540836300,0.049066667
1540836600,0.049066667
1540836900,0.049066667
1540837200,0.049066667
1540837500,0.049066667
1540837800,0.049066667
1540838100,0.049066667
1540838400,0.049066667
1540838700,0.049066667
1540839000,0.049066667
1540839300,0.049066667
1540839600,0.049066667
1540839900,0.049066667
1540840200,0.049066667
1540840500,0.049066667
1540840800,0.049066667
1540841100,0.049066667
1540841400,0.049066667
1540841700,0.049066667
1540842000,0.049066667
1540842300,0.049066667
1540842600,0.049066667
1540842900,0.049066667
1540843200,0.049066667
1540843500,0.049066667
1540843800,0.049066667
1540844100,0.049066667
1540844400,0.049066667
1540844700,0.049066667
1540845000,0.049066667
1540845300,0.049066667
1540845600,0.049066667
1540845900,0.049066667
1540846200,0.049066667
1540846500,0.049066667
1540846800,0.049066667
1540847100,0.049066667
1540847400,0.049066667
1540847700,0.049066667
1540848000,0.049066667
1540848300,0.049066667
1540848600,0.049066667
1540848900,0.049066667
1540849200,0.049066667
1540849500,0.049066667
1540849800,0.049066667
1540850100,0.049066667
1540850400,0.049066667
1540850700,0.049066667
1540851000,0.049066667
1540851300,0.049066667
1540851600,0.049066667
1540851900,0.049066667
1540852200,0.049066667
1540852500,0.049066667
1540852800,0.049066667
1540853100,0.049066667
1540853400,0.049066667
1540853700,0.049066667
1540854000,0.049066667
1540854300,0.049066667
1540854600,0.049066667
1540854900,0.049066667
1540855200,0.049066667
1540855500,0.049066667
1540855800,0.049066667
1540856100,0.049066667
1540856400,0.049066667
1540856700,0.049066667
1540857000,0.049066667
1540857300,0.049066667
1540857600,0.043733333
1540857900,0.043733333
1540858200,0.043733333
1540858500,0.043733333
1540858800,0.043733333
1540859100,0.043733333
1540859400,0.043733333
1540859700,0.043733333
1540860000,0.043733333
1540860300,0.043733333
1540860600,0.043733333
1540860900,0.043733333
1540861200,0.043733333
1540861500,0.043733333
1540861800,0.043733333
1540862100,0.043733333
1540862400,0.043733333
1540862700,0.043733333
1540863000,0.043733333
1540863300,0.043733333
1540863600,0.043733333
1540863900,0.043733333
1540864200,0.043733333
1540864500,0.043733333
1540864800,0.043733333
1540865100,0.043733333
1540865400,0.043733333
1540865700,0.043733333
1540866000,0.043733333
1540866300,0.043733333
1540866600,0.043733333
1540866900,0.043733333
1540867200,0.043733333
1540867500,0.043733333
1540867800,0.043733333
1540868100,0.043733333
1540868400,0.043733333
1540868700,0.043733333
1540869000,0.043733333
1540869300,0.043733333
1540869600,0.043733333
1540869900,0.043733333
1540870200,0.043733333
1540870500,0.043733333
1540870800,0.043733333
1540871100,0.043733333
1540871400,0.043733333
1540871700,0.043733333
1540872000,0.043733333
1540872300,0.043733333
1540872600,0.043733333
1540872900,0.043733333
1540873200,0.043733333
1540873500,0.043733333
1540873800,0.043733333
1540874100,0.043733333
1540874400,0.043733333
1540874700,0.043733333
1540875000,0.043733333
1540875300,0.043733333
1540875600,0.043733333
1540875900,0.043733333
1540876200,0.043733333
1540876500,0.043733333
1540876800,0.043733333
1540877100,0.043733333
1540877400,0.043733333
1540877700,0.043733333
1540878000,0.043733333
1540878300,0.043733333
1540878600,0.043733333
1540878900,0.043733333
1540879200,0.043733333
1540879500,0.043733333
1540879800,0.043733333
1540880100,0.043733333
1540880400,0.043733333
1540880700,0.043733333
1540881000,0.043733333
1540881300,0.043733333
1540881600,0.043733333
1540881900,0.043733333
1540882200,0.043733333
1540882500,0.043733333
1540882800,0.043733333
1540883100,0.043733333
1540883400,0.043733333
1540883700,0.043733333
1540884000,0.043733333
1540884300,0.043733333
1540884600,0.043733333
1540884900,0.043733333
1540885200,0.043733333
1540885500,0.043733333
1540885800,0.043733333
1540886100,0.043733333
1540886400,0.043733333
1540886700,0.043733333
1540887000,0.043733333
1540887300,0.043733333
1540887600,0.043733333
1540887900,0.043733333
1540888200,0.043733333
1540888500,0.043733333
1540888800,0.043733333
1540889100,0.043733333
1540889400,0.043733333
1540889700,0.043733333
1540890000,0.043733333
1540890300,0.043733333
1540890600,0.043733333
1540890900,0.043733333
1540891200,0.043733333
1540891500,0.043733333
1540891800,0.043733333
1540892100,0.043733333
1540892400,0.043733333
1540892700,0.043733333
1540893000,0.043733333
1540893300,0.043733333
1540893600,0.043733333
1540893900,0.043733333
1540894200,0.043733333
1540894500,0.043733333
1540894800,0.043733333
1540895100,0.043733333
1540895400,0.043733333
1540895700,0.043733333
1540896000,0.043733333
1540896300,0.043733333
1540896600,0.043733333
1540896900,0.043733333
1540897200,0.043733333
1540897500,0.043733333
1540897800,0.043733333
1540898100,0.043733333
1540898400,0.043733333
1540898700,0.043733333
1540899000,0.043733333
1540899300,0.043733333
1540899600,0.043733333
1540899900,0.043733333
1540900200,0.043733333
1540900500,0.043733333
1540900800,0.043733333
1540901100,0.043733333
1540901400,0.043733333
1540901700,0.043733333
1540902000,0.043733333
1540902300,0.043733333
1540902600,0.043733333
1540902900,0.043733333
1540903200,0.043733333
1540903500,0.043733333
1540903800,0.043733333
1540904100,0.043733333
1540904400,0.043733333
1540904700,0.043733333
1540905000,0.043733333
1540905300,0.043733333
1540905600,0.043733333
1540905900,0.043733333
1540906200,0.043733333
1540906500,0.043733333
1540906800,0.043733333
1540907100,0.043733333
1540907400,0.043733333
1540907700,0.043733333
1540908000,0.043733333
1540908300,0.043733333
1540908600,0.043733333
1540908900,0.043733333
1540909200,0.043733333
1540909500,0.043733333
1540909800,0.043733333
1540910100,0.043733333
1540910400,0.043733333
1540910700,0.043733333
1540911000,0.043733333
1540911300,0.043733333
1540911600,0.043733333
1540911900,0.043733333
1540912200,0.043733333
1540912500,0.043733333
1540912800,0.043733333
1540913100,0.043733333
1540913400,0.043733333
1540913700,0.043733333
1540914000,0.043733333
1540914300,0.043733333
1540914600,0.043733333
1540914900,0.043733333
1540915200,0.043733333
1540915500,0.043733333
1540915800,0.043733333
1540916100,0.043733333
1540916400,0.043733333
1540916700,0.043733333
1540917000,0.043733333
1540917300,0.043733333
1540917600,0.043733333
1540917900,0.043733333
1540918200,0.043733333
1540918500,0.043733333
1540918800,0.043733333
1540919100,0.043733333
1540919400,0.043733333
1540919700,0.043733333
1540920000,0.043733333
1540920300,0.043733333
1540920600,0.043733333
1540920900,0.043733333
1540921200,0.043733333
1540921500,0.043733333
1540921800,0.043733333
1540922100,0.043733333
1540922400,0.043733333
1540922700,0.043733333
1540923000,0.043733333
1540923300,0.043733333
1540923600,0.043733333
1540923900,0.043733333
1540924200,0.043733333
1540924500,0.043733333
1540924800,0.043733333
1540925100,0.043733333
1540925400,0.043733333
1540925700,0.043733333
1540926000,0.043733333
1540926300,0.043733333
1540926600,0.043733333
1540926900,0.043733333
1540927200,0.043733333
1540927500,0.043733333
1540927800,0.043733333
1540928100,0.043733333
1540928400,0.043733333
1540928700,0.043733333
1540929000,0.043733333
1540929300,0.043733333
1540929600,0.043733333
1540929900,0.043733333
1540930200,0.043733333
1540930500,0.043733333
1540930800,0.043733333
1540931100,0.043733333
1540931400,0.043733333
1540931700,0.043733333
1540932000,0.043733333
1540932300,0.043733333
1540932600,0.043733333
1540932900,0.043733333
1540933200,0.043733333
1540933500,0.043733333
1540933800,0.043733333
1540934100,0.043733333
1540934400,0.043733333
1540934700,0.043733333
1540935000,0.043733333
1540935300,0.043733333
1540935600,0.043733333
1540935900,0.043733333
1540936200,0.043733333
1540936500,0.043733333
1540936800,0.043733333
1540937100,0.043733333
1540937400,0.043733333
1540937700,0.043733333
1540938000,0.043733333
1540938300,0.043733333
1540938600,0.043733333
1540938900,0.043733333
1540939200,0.043733333
1540939500,0.043733333
1540939800,0.043733333
1540940100,0.043733333
1540940400,0.043733333
1540940700,0.043733333
1540941000,0.043733333
1540941300,0.043733333
1540941600,0.043733333
1540941900,0.043733333
1540942200,0.043733333
1540942500,0.043733333
1540942800,0.043733333
1540943100,0.043733333
1540943400,0.043733333
1540943700,0.043733333
1540944000,0.050133334
1540944300,0.050133334
1540944600,0.050133334
1540944900,0.050133334
1540945200,0.050133334
1540945500,0.050133334
1540945800,0.050133334
1540946100,0.050133334
1540946400,0.050133334
1540946700,0.050133334
1540947000,0.050133334
1540947300,0.050133334
1540947600,0.050133334
1540947900,0.050133334
1540948200,0.050133334
1540948500,0.050133334
1540948800,0.050133334
1540949100,0.050133334
1540949400,0.050133334
1540949700,0.050133334
1540950000,0.050133334
1540950300,0.050133334
1540950600,0.050133334
1540950900,0.050133334
1540951200,0.050133334
1540951500,0.050133334
1540951800,0.050133334
1540952100,0.050133334
1540952400,0.050133334
1540952700,0.050133334
1540953000,0.050133334
1540953300,0.050133334
1540953600,0.050133334
1540953900,0.050133334
1540954200,0.050133334
1540954500,0.050133334
1540954800,0.050133334
1540955100,0.050133334
1540955400,0.050133334
1540955700,0.050133334
1540956000,0.050133334
1540956300,0.050133334
1540956600,0.050133334
1540956900,0.050133334
1540957200,0.050133334
1540957500,0.050133334
1540957800,0.050133334
1540958100,0.050133334
1540958400,0.050133334
1540958700,0.050133334
1540959000,0.050133334
1540959300,0.050133334
1540959600,0.050133334
1540959900,0.050133334
1540960200,0.050133334
1540960500,0.050133334
1540960800,0.050133334
1540961100,0.050133334
1540961400,0.050133334
1540961700,0.050133334
1540962000,0.050133334
1540962300,0.050133334
1540962600,0.050133334
1540962900,0.050133334
1540963200,0.050133334
1540963500,0.050133334
1540963800,0.050133334
1540964100,0.050133334
1540964400,0.050133334
1540964700,0.050133334
1540965000,0.050133334
1540965300,0.050133334
1540965600,0.050133334
1540965900,0.050133334
1540966200,0.050133334
1540966500,0.050133334
1540966800,0.050133334
1540967100,0.050133334
1540967400,0.050133334
1540967700,0.050133334
1540968000,0.050133334
1540968300,0.050133334
1540968600,0.050133334
1540968900,0.050133334
1540969200,0.050133334
1540969500,0.050133334
1540969800,0.050133334
1540970100,0.050133334
1540970400,0.050133334
1540970700,0.050133334
1540971000,0.050133334
1540971300,0.050133334
1540971600,0.050133334
1540971900,0.050133334
1540972200,0.050133334
1540972500,0.050133334
1540972800,0.050133334
1540973100,0.050133334
1540973400,0.050133334
1540973700,0.050133334
1540974000,0.050133334
1540974300,0.050133334
1540974600,0.050133334
1540974900,0.050133334
1540975200,0.050133334
1540975500,0.050133334
1540975800,0.050133334
1540976100,0.050133334
1540976400,0.050133334
1540976700,0.050133334
1540977000,0.050133334
1540977300,0.050133334
1540977600,0.050133334
1540977900,0.050133334
1540978200,0.050133334
1540978500,0.050133334
1540978800,0.050133334
1540979100,0.050133334
1540979400,0.050133334
1540979700,0.050133334
1540980000,0.050133334
1540980300,0.050133334
1540980600,0.050133334
1540980900,0.050133334
1540981200,0.050133334
1540981500,0.050133334
1540981800,0.050133334
1540982100,0.050133334
1540982400,0.050133334
1540982700,0.050133334
1540983000,0.050133334
1540983300,0.050133334
1540983600,0.050133334
1540983900,0.050133334
1540984200,0.050133334
1540984500,0.050133334
1540984800,0.050133334
1540985100,0.050133334
1540985400,0.050133334
1540985700,0.050133334
1540986000,0.050133334
1540986300,0.050133334
1540986600,0.050133334
1540986900,0.050133334
1540987200,0.050133334
1540987500,0.050133334
1540987800,0.050133334
1540988100,0.050133334
1540988400,0.050133334
1540988700,0.050133334
1540989000,0.050133334
1540989300,0.050133334
1540989600,0.050133334
1540989900,0.050133334
1540990200,0.050133334
1540990500,0.050133334
1540990800,0.050133334
1540991100,0.050133334
1540991400,0.050133334
1540991700,0.050133334
1540992000,0.050133334
1540992300,0.050133334
1540992600,0.050133334
1540992900,0.050133334
1540993200,0.050133334
1540993500,0.050133334
1540993800,0.050133334
1540994100,0.050133334
1540994400,0.050133334
1540994700,0.050133334
1540995000,0.050133334
1540995300,0.050133334
1540995600,0.050133334
1540995900,0.050133334
1540996200,0.050133334
1540996500,0.050133334
1540996800,0.050133334
1540997100,0.050133334
1540997400,0.050133334
1540997700,0.050133334
1540998000,0.050133334
1540998300,0.050133334
1540998600,0.050133334
1540998900,0.050133334
1540999200,0.050133334
1540999500,0.050133334
1540999800,0.050133334
1541000100,0.050133334
1541000400,0.050133334
1541000700,0.050133334
1541001000,0.050133334
1541001300,0.050133334
1541001600,0.050133334
1541001900,0.050133334
1541002200,0.050133334
1541002500,0.050133334
1541002800,0.050133334
1541003100,0.050133334
1541003400,0.050133334
1541003700,0.050133334
1541004000,0.050133334
1541004300,0.050133334
1541004600,0.050133334
1541004900,0.050133334
1541005200,0.050133334
1541005500,0.050133334
1541005800,0.050133334
1541006100,0.050133334
1541006400,0.050133334
1541006700,0.050133334
1541007000,0.050133334
1541007300,0.050133334
1541007600,0.050133334
1541007900,0.050133334
1541008200,0.050133334
1541008500,0.050133334
1541008800,0.050133334
1541009100,0.050133334
1541009400,0.050133334
1541009700,0.050133334
1541010000,0.050133334
1541010300,0.050133334
1541010600,0.050133334
1541010900,0.050133334
1541011200,0.050133334
1541011500,0.050133334
1541011800,0.050133334
1541012100,0.050133334
1541012400,0.050133334
1541012700,0.050133334
1541013000,0.050133334
1541013300,0.050133334
1541013600,0.050133334
1541013900,0.050133334
1541014200,0.050133334
1541014500,0.050133334
1541014800,0.050133334
1541015100,0.050133334
1541015400,0.050133334
1541015700,0.050133334
1541016000,0.050133334
1541016300,0.050133334
1541016600,0.050133334
1541016900,0.050133334
1541017200,0.050133334
1541017500,0.050133334
1541017800,0.050133334
1541018100,0.050133334
1541018400,0.050133334
1541018700,0.050133334
1541019000,0.050133334
1541019300,0.050133334
1541019600,0.050133334
1541019900,0.050133334
1541020200,0.050133334
1541020500,0.050133334
1541020800,0.050133334
1541021100,0.050133334
1541021400,0.050133334
1541021700,0.050133334
1541022000,0.050133334
1541022300,0.050133334
1541022600,0.050133334
1541022900,0.050133334
1541023200,0.050133334
1541023500,0.050133334
1541023800,0.050133334
1541024100,0.050133334
1541024400,0.050133334
1541024700,0.050133334
1541025000,0.050133334
1541025300,0.050133334
1541025600,0.050133334
1541025900,0.050133334
1541026200,0.050133334
1541026500,0.050133334
1541026800,0.050133334
1541027100,0.050133334
1541027400,0.050133334
1541027700,0.050133334
1541028000,0.050133334
1541028300,0.050133334
1541028600,0.050133334
1541028900,0.050133334
1541029200,0.050133334
1541029500,0.050133334
1541029800,0.050133334
1541030100,0.050133334
1541030400,0.044799999
1541030700,0.044799999
1541031000,0.044799999
1541031300,0.044799999
1541031600,0.044799999
1541031900,0.044799999
1541032200,0.044799999
1541032500,0.044799999
1541032800,0.044799999
1541033100,0.044799999
1541033400,0.044799999
1541033700,0.044799999
1541034000,0.044799999
1541034300,0.044799999
1541034600,0.044799999
1541034900,0.044799999
1541035200,0.044799999
1541035500,0.044799999
1541035800,0.044799999
1541036100,0.044799999
1541036400,0.044799999
1541036700,0.044799999
1541037000,0.044799999
1541037300,0.044799999
1541037600,0.044799999
1541037900,0.044799999
1541038200,0.044799999
1541038500,0.044799999
1541038800,0.044799999
1541039100,0.044799999
1541039400,0.044799999
1541039700,0.044799999
1541040000,0.044799999
1541040300,0.044799999
1541040600,0.044799999
1541040900,0.044799999
1541041200,0.044799999
1541041500,0.044799999
1541041800,0.044799999
1541042100,0.044799999
1541042400,0.044799999
1541042700,0.044799999
1541043000,0.044799999
1541043300,0.044799999
1541043600,0.044799999
1541043900,0.044799999
1541044200,0.044799999
1541044500,0.044799999
1541044800,0.044799999
1541045100,0.044799999
1541045400,0.044799999
1541045700,0.044799999
1541046000,0.044799999
1541046300,0.044799999
1541046600,0.044799999
1541046900,0.044799999
1541047200,0.044799999
1541047500,0.044799999
1541047800,0.044799999
1541048100,0.044799999
1541048400,0.044799999
1541048700,0.044799999
1541049000,0.044799999
1541049300,0.044799999
1541049600,0.044799999
1541049900,0.044799999
1541050200,0.044799999
1541050500,0.044799999
1541050800,0.044799999
1541051100,0.044799999
1541051400,0.044799999
1541051700,0.044799999
1541052000,0.044799999
1541052300,0.044799999
1541052600,0.044799999
1541052900,0.044799999
1541053200,0.044799999
1541053500,0.044799999
1541053800,0.044799999
1541054100,0.044799999
1541054400,0.044799999
1541054700,0.044799999
1541055000,0.044799999
1541055300,0.044799999
1541055600,0.044799999
1541055900,0.044799999
1541056200,0.044799999
1541056500,0.044799999
1541056800,0.044799999
1541057100,0.044799999
1541057400,0.044799999
1541057700,0.044799999
1541058000,0.044799999
1541058300,0.044799999
1541058600,0.044799999
1541058900,0.044799999
1541059200,0.044799999
1541059500,0.044799999
1541059800,0.044799999
1541060100,0.044799999
1541060400,0.044799999
1541060700,0.044799999
1541061000,0.044799999
1541061300,0.044799999
1541061600,0.044799999
1541061900,0.044799999
1541062200,0.044799999
1541062500,0.044799999
1541062800,0.044799999
1541063100,0.044799999
1541063400,0.044799999
1541063700,0.044799999
1541064000,0.044799999
1541064300,0.044799999
1541064600,0.044799999
1541064900,0.044799999
1541065200,0.044799999
1541065500,0.044799999
1541065800,0.044799999
1541066100,0.044799999
1541066400,0.044799999
1541066700,0.044799999
1541067000,0.044799999
1541067300,0.044799999
1541067600,0.044799999
1541067900,0.044799999
1541068200,0.044799999
1541068500,0.044799999
1541068800,0.044799999
1541069100,0.044799999
1541069400,0.044799999
1541069700,0.044799999
1541070000,0.044799999
1541070300,0.044799999
1541070600,0.044799999
1541070900,0.044799999
1541071200,0.044799999
1541071500,0.044799999
1541071800,0.044799999
1541072100,0.044799999
1541072400,0.044799999
1541072700,0.044799999
1541073000,0.044799999
1541073300,0.044799999
1541073600,0.044799999
1541073900,0.044799999
1541074200,0.044799999
1541074500,0.044799999
1541074800,0.044799999
1541075100,0.044799999
1541075400,0.044799999
1541075700,0.044799999
1541076000,0.044799999
1541076300,0.044799999
1541076600,0.044799999
1541076900,0.044799999
1541077200,0.044799999
1541077500,0.044799999
1541077800,0.044799999
1541078100,0.044799999
1541078400,0.044799999
1541078700,0.044799999
1541079000,0.044799999
1541079300,0.044799999
1541079600,0.044799999
1541079900,0.044799999
1541080200,0.044799999
1541080500,0.044799999
1541080800,0.044799999
1541081100,0.044799999
1541081400,0.044799999
1541081700,0.044799999
1541082000,0.044799999
1541082300,0.044799999
1541082600,0.044799999
1541082900,0.044799999
1541083200,0.044799999
1541083500,0.044799999
1541083800,0.044799999
1541084100,0.044799999
1541084400,0.044799999
1541084700,0.044799999
1541085000,0.044799999
1541085300,0.044799999
1541085600,0.044799999
1541085900,0.044799999
1541086200,0.044799999
1541086500,0.044799999
1541086800,0.044799999
1541087100,0.044799999
1541087400,0.044799999
1541087700,0.044799999
1541088000,0.044799999
1541088300,0.044799999
1541088600,0.044799999
1541088900,0.044799999
1541089200,0.044799999
1541089500,0.044799999
1541089800,0.044799999
1541090100,0.044799999
1541090400,0.044799999
1541090700,0.044799999
1541091000,0.044799999
1541091300,0.044799999
1541091600,0.044799999
1541091900,0.044799999
1541092200,0.044799999
1541092500,0.044799999
1541092800,0.044799999
1541093100,0.044799999
1541093400,0.044799999
1541093700,0.044799999
1541094000,0.044799999
1541094300,0.044799999
1541094600,0.044799999
1541094900,0.044799999
1541095200,0.044799999
1541095500,0.044799999
1541095800,0.044799999
1541096100,0.044799999
1541096400,0.044799999
1541096700,0.044799999
1541097000,0.044799999
1541097300,0.044799999
1541097600,0.044799999
1541097900,0.044799999
1541098200,0.044799999
1541098500,0.044799999
1541098800,0.044799999
1541099100,0.044799999
1541099400,0.044799999
1541099700,0.044799999
1541100000,0.044799999
1541100300,0.044799999
1541100600,0.044799999
1541100900,0.044799999
1541101200,0.044799999
1541101500,0.044799999
1541101800,0.044799999
1541102100,0.044799999
1541102400,0.044799999
1541102700,0.044799999
1541103000,0.044799999
1541103300,0.044799999
1541103600,0.044799999
1541103900,0.044799999
1541104200,0.044799999
1541104500,0.044799999
1541104800,0.044799999
1541105100,0.044799999
1541105400,0.044799999
1541105700,0.044799999
1541106000,0.044799999
1541106300,0.044799999
1541106600,0.044799999
1541106900,0.044799999
1541107200,0.044799999
1541107500,0.044799999
1541107800,0.044799999
1541108100,0.044799999
1541108400,0.044799999
1541108700,0.044799999
1541109000,0.044799999
1541109300,0.044799999
1541109600,0.044799999
1541109900,0.044799999
1541110200,0.044799999
1541110500,0.044799999
1541110800,0.044799999
1541111100,0.044799999
1541111400,0.044799999
1541111700,0.044799999
1541112000,0.044799999
1541112300,0.044799999
1541112600,0.044799999
1541112900,0.044799999
1541113200,0.044799999
1541113500,0.044799999
1541113800,0.044799999
1541114100,0.044799999
1541114400,0.044799999
1541114700,0.044799999
1541115000,0.044799999
1541115300,0.044799999
1541115600,0.044799999
1541115900,0.044799999
1541116200,0.044799999
1541116500,0.044799999
1541116800,0.049066667
1541117100,0.049066667
1541117400,0.049066667
1541117700,0.049066667
1541118000,0.049066667
1541118300,0.049066667
1541118600,0.049066667
1541118900,0.049066667
1541119200,0.049066667
1541119500,0.049066667
1541119800,0.049066667
1541120100,0.049066667
1541120400,0.049066667
1541120700,0.049066667
1541121000,0.049066667
1541121300,0.049066667
1541121600,0.049066667
1541121900,0.049066667
1541122200,0.049066667
1541122500,0.049066667
1541122800,0.049066667
1541123100,0.049066667
1541123400,0.049066667
1541123700,0.049066667
1541124000,0.049066667
1541124300,0.049066667
1541124600,0.049066667
1541124900,0.049066667
1541125200,0.049066667
1541125500,0.049066667
1541125800,0.049066667
1541126100,0.049066667
1541126400,0.049066667
1541126700,0.049066667
1541127000,0.049066667
1541127300,0.049066667
1541127600,0.049066667
1541127900,0.049066667
1541128200,0.049066667
1541128500,0.049066667
1541128800,0.049066667
1541129100,0.049066667
1541129400,0.049066667
1541129700,0.049066667
1541130000,0.049066667
1541130300,0.049066667
1541130600,0.049066667
1541130900,0.049066667
1541131200,0.049066667
1541131500,0.049066667
1541131800,0.049066667
1541132100,0.049066667
1541132400,0.049066667
1541132700,0.049066667
1541133000,0.049066667
1541133300,0.049066667
1541133600,0.049066667
1541133900,0.049066667
1541134200,0.049066667
1541134500,0.049066667
1541134800,0.049066667
1541135100,0.049066667
1541135400,0.049066667
1541135700,0.049066667
1541136000,0.049066667
1541136300,0.049066667
1541136600,0.049066667
1541136900,0.049066667
1541137200,0.049066667
1541137500,0.049066667
1541137800,0.049066667
1541138100,0.049066667
1541138400,0.049066667
1541138700,0.049066667
1541139000,0.049066667
1541139300,0.049066667
1541139600,0.049066667
1541139900,0.049066667
1541140200,0.049066667
1541140500,0.049066667
1541140800,0.049066667
1541141100,0.049066667
1541141400,0.049066667
1541141700,0.049066667
1541142000,0.049066667
1541142300,0.049066667
1541142600,0.049066667
1541142900,0.049066667
1541143200,0.049066667
1541143500,0.049066667
1541143800,0.049066667
1541144100,0.049066667
1541144400,0.049066667
1541144700,0.049066667
1541145000,0.049066667
1541145300,0.049066667
1541145600,0.049066667
1541145900,0.049066667
1541146200,0.049066667
1541146500,0.049066667
1541146800,0.049066667
1541147100,0.049066667
1541147400,0.049066667
1541147700,0.049066667
1541148000,0.049066667
1541148300,0.049066667
1541148600,0.049066667
1541148900,0.049066667
1541149200,0.049066667
1541149500,0.049066667
1541149800,0.049066667
1541150100,0.049066667
1541150400,0.049066667
1541150700,0.049066667
1541151000,0.049066667
1541151300,0.049066667
1541151600,0.049066667
1541151900,0.049066667
1541152200,0.049066667
1541152500,0.049066667
1541152800,0.049066667
1541153100,0.049066667
1541153400,0.049066667
1541153700,0.049066667
1541154000,0.049066667
1541154300,0.049066667
1541154600,0.049066667
1541154900,0.049066667
1541155200,0.049066667
1541155500,0.049066667
1541155800,0.049066667
1541156100,0.049066667
1541156400,0.049066667
1541156700,0.049066667
1541157000,0.049066667
1541157300,0.049066667
1541157600,0.049066667
1541157900,0.049066667
1541158200,0.049066667
1541158500,0.049066667
1541158800,0.049066667
1541159100,0.049066667
1541159400,0.049066667
1541159700,0.049066667
1541160000,0.049066667
1541160300,0.049066667
1541160600,0.049066667
1541160900,0.049066667
1541161200,0.049066667
1541161500,0.049066667
1541161800,0.049066667
1541162100,0.049066667
1541162400,0.049066667
1541162700,0.049066667
1541163000,0.049066667
1541163300,0.049066667
1541163600,0.049066667
1541163900,0.049066667
1541164200,0.049066667
1541164500,0.049066667
1541164800,0.049066667
1541165100,0.049066667
1541165400,0.049066667
1541165700,0.049066667
1541166000,0.049066667
1541166300,0.049066667
1541166600,0.049066667
1541166900,0.049066667
1541167200,0.049066667
1541167500,0.049066667
1541167800,0.049066667
1541168100,0.049066667
1541168400,0.049066667
1541168700,0.049066667
1541169000,0.049066667
1541169300,0.049066667
1541169600,0.049066667
1541169900,0.049066667
1541170200,0.049066667
1541170500,0.049066667
1541170800,0.049066667
1541171100,0.049066667
1541171400,0.049066667
1541171700,0.049066667
1541172000,0.049066667
1541172300,0.049066667
1541172600,0.049066667
1541172900,0.049066667
1541173200,0.049066667
1541173500,0.049066667
1541173800,0.049066667
1541174100,0.049066667
1541174400,0.049066667
1541174700,0.049066667
1541175000,0.049066667
1541175300,0.049066667
1541175600,0.049066667
1541175900,0.049066667
1541176200,0.049066667
1541176500,0.049066667
1541176800,0.049066667
1541177100,0.049066667
1541177400,0.049066667
1541177700,0.049066667
1541178000,0.049066667
1541178300,0.049066667
1541178600,0.049066667
1541178900,0.049066667
1541179200,0.049066667
1541179500,0.049066667
1541179800,0.049066667
1541180100,0.049066667
1541180400,0.049066667
1541180700,0.049066667
1541181000,0.049066667
1541181300,0.049066667
1541181600,0.049066667
1541181900,0.049066667
1541182200,0.049066667
1541182500,0.049066667
1541182800,0.049066667
1541183100,0.049066667
1541183400,0.049066667
1541183700,0.049066667
1541184000,0.049066667
1541184300,0.049066667
1541184600,0.049066667
1541184900,0.049066667
1541185200,0.049066667
1541185500,0.049066667
1541185800,0.049066667
1541186100,0.049066667
1541186400,0.049066667
1541186700,0.049066667
1541187000,0.049066667
1541187300,0.049066667
1541187600,0.049066667
1541187900,0.049066667
1541188200,0.049066667
1541188500,0.049066667
1541188800,0.049066667
1541189100,0.049066667
1541189400,0.049066667
1541189700,0.049066667
1541190000,0.049066667
1541190300,0.049066667
1541190600,0.049066667
1541190900,0.049066667
1541191200,0.049066667
1541191500,0.049066667
1541191800,0.049066667
1541192100,0.049066667
1541192400,0.049066667
1541192700,0.049066667
1541193000,0.049066667
1541193300,0.049066667
1541193600,0.049066667
1541193900,0.049066667
1541194200,0.049066667
1541194500,0.049066667
1541194800,0.049066667
1541195100,0.049066667
1541195400,0.049066667
1541195700,0.049066667
1541196000,0.049066667
1541196300,0.049066667
1541196600,0.049066667
1541196900,0.049066667
1541197200,0.049066667
1541197500,0.049066667
1541197800,0.049066667
1541198100,0.049066667
1541198400,0.049066667
1541198700,0.049066667
1541199000,0.049066667
1541199300,0.049066667
1541199600,0.049066667
1541199900,0.049066667
1541200200,0.049066667
1541200500,0.049066667
1541200800,0.049066667
1541201100,0.049066667
1541201400,0.049066667
1541201700,0.049066667
1541202000,0.049066667
1541202300,0.049066667
1541202600,0.049066667
1541202900,0.049066667
1541203200,0.034133333
1541203500,0.034133333
1541203800,0.034133333
1541204100,0.034133333
1541204400,0.034133333
1541204700,0.034133333
1541205000,0.034133333
1541205300,0.034133333
1541205600,0.034133333
1541205900,0.034133333
1541206200,0.034133333
1541206500,0.034133333
1541206800,0.034133333
1541207100,0.034133333
1541207400,0.034133333
1541207700,0.034133333
1541208000,0.034133333
1541208300,0.034133333
1541208600,0.034133333
1541208900,0.034133333
1541209200,0.034133333
1541209500,0.034133333
1541209800,0.034133333
1541210100,0.034133333
1541210400,0.034133333
1541210700,0.034133333
1541211000,0.034133333
1541211300,0.034133333
1541211600,0.034133333
1541211900,0.034133333
1541212200,0.034133333
1541212500,0.034133333
1541212800,0.034133333
1541213100,0.034133333
1541213400,0.034133333
1541213700,0.034133333
1541214000,0.034133333
1541214300,0.034133333
1541214600,0.034133333
1541214900,0.034133333
1541215200,0.034133333
1541215500,0.034133333
1541215800,0.034133333
1541216100,0.034133333
1541216400,0.034133333
1541216700,0.034133333
1541217000,0.034133333
1541217300,0.034133333
1541217600,0.034133333
1541217900,0.034133333
1541218200,0.034133333
1541218500,0.034133333
1541218800,0.034133333
1541219100,0.034133333
1541219400,0.034133333
1541219700,0.034133333
1541220000,0.034133333
1541220300,0.034133333
1541220600,0.034133333
1541220900,0.034133333
1541221200,0.034133333
1541221500,0.034133333
1541221800,0.034133333
1541222100,0.034133333
1541222400,0.034133333
1541222700,0.034133333
1541223000,0.034133333
1541223300,0.034133333
1541223600,0.034133333
1541223900,0.034133333
1541224200,0.034133333
1541224500,0.034133333
1541224800,0.034133333
1541225100,0.034133333
1541225400,0.034133333
1541225700,0.034133333
1541226000,0.034133333
1541226300,0.034133333
1541226600,0.034133333
1541226900,0.034133333
1541227200,0.034133333
1541227500,0.034133333
1541227800,0.034133333
1541228100,0.034133333
1541228400,0.034133333
1541228700,0.034133333
1541229000,0.034133333
1541229300,0.034133333
1541229600,0.034133333
1541229900,0.034133333
1541230200,0.034133333
1541230500,0.034133333
1541230800,0.034133333
1541231100,0.034133333
1541231400,0.034133333
1541231700,0.034133333
1541232000,0.034133333
1541232300,0.034133333
1541232600,0.034133333
1541232900,0.034133333
1541233200,0.034133333
1541233500,0.034133333
1541233800,0.034133333
1541234100,0.034133333
1541234400,0.034133333
1541234700,0.034133333
1541235000,0.034133333
1541235300,0.034133333
1541235600,0.034133333
1541235900,0.034133333
1541236200,0.034133333
1541236500,0.034133333
1541236800,0.034133333
1541237100,0.034133333
1541237400,0.034133333
1541237700,0.034133333
1541238000,0.034133333
1541238300,0.034133333
1541238600,0.034133333
1541238900,0.034133333
1541239200,0.034133333
1541239500,0.034133333
1541239800,0.034133333
1541240100,0.034133333
1541240400,0.034133333
1541240700,0.034133333
1541241000,0.034133333
1541241300,0.034133333
1541241600,0.034133333
1541241900,0.034133333
1541242200,0.034133333
1541242500,0.034133333
1541242800,0.034133333
1541243100,0.034133333
1541243400,0.034133333
1541243700,0.034133333
1541244000,0.034133333
1541244300,0.034133333
1541244600,0.034133333
1541244900,0.034133333
1541245200,0.034133333
1541245500,0.034133333
1541245800,0.034133333
1541246100,0.034133333
1541246400,0.034133333
1541246700,0.034133333
1541247000,0.034133333
1541247300,0.034133333
1541247600,0.034133333
1541247900,0.034133333
1541248200,0.034133333
1541248500,0.034133333
1541248800,0.034133333
1541249100,0.034133333
1541249400,0.034133333
1541249700,0.034133333
1541250000,0.034133333
1541250300,0.034133333
1541250600,0.034133333
1541250900,0.034133333
1541251200,0.034133333
1541251500,0.034133333
1541251800,0.034133333
1541252100,0.034133333
1541252400,0.034133333
1541252700,0.034133333
1541253000,0.034133333
1541253300,0.034133333
1541253600,0.034133333
1541253900,0.034133333
1541254200,0.034133333
1541254500,0.034133333
1541254800,0.034133333
1541255100,0.034133333
1541255400,0.034133333
1541255700,0.034133333
1541256000,0.034133333
1541256300,0.034133333
1541256600,0.034133333
1541256900,0.034133333
1541257200,0.034133333
1541257500,0.034133333
1541257800,0.034133333
1541258100,0.034133333
1541258400,0.034133333
1541258700,0.034133333
1541259000,0.034133333
1541259300,0.034133333
1541259600,0.034133333
1541259900,0.034133333
1541260200,0.034133333
1541260500,0.034133333
1541260800,0.034133333
1541261100,0.034133333
1541261400,0.034133333
1541261700,0.034133333
1541262000,0.034133333
1541262300,0.034133333
1541262600,0.034133333
1541262900,0.034133333
1541263200,0.034133333
1541263500,0.034133333
1541263800,0.034133333
1541264100,0.034133333
1541264400,0.034133333
1541264700,0.034133333
1541265000,0.034133333
1541265300,0.034133333
1541265600,0.034133333
1541265900,0.034133333
1541266200,0.034133333
1541266500,0.034133333
1541266800,0.034133333
1541267100,0.034133333
1541267400,0.034133333
1541267700,0.034133333
1541268000,0.034133333
1541268300,0.034133333
1541268600,0.034133333
1541268900,0.034133333
1541269200,0.034133333
1541269500,0.034133333
1541269800,0.034133333
1541270100,0.034133333
1541270400,0.034133333
1541270700,0.034133333
1541271000,0.034133333
1541271300,0.034133333
1541271600,0.034133333
1541271900,0.034133333
1541272200,0.034133333
1541272500,0.034133333
1541272800,0.034133333
1541273100,0.034133333
1541273400,0.034133333
1541273700,0.034133333
1541274000,0.034133333
1541274300,0.034133333
1541274600,0.034133333
1541274900,0.034133333
1541275200,0.034133333
1541275500,0.034133333
1541275800,0.034133333
1541276100,0.034133333
1541276400,0.034133333
1541276700,0.034133333
1541277000,0.034133333
1541277300,0.034133333
1541277600,0.034133333
1541277900,0.034133333
1541278200,0.034133333
1541278500,0.034133333
1541278800,0.034133333
1541279100,0.034133333
1541279400,0.034133333
1541279700,0.034133333
1541280000,0.034133333
1541280300,0.034133333
1541280600,0.034133333
1541280900,0.034133333
1541281200,0.034133333
1541281500,0.034133333
1541281800,0.034133333
1541282100,0.034133333
1541282400,0.034133333
1541282700,0.034133333
1541283000,0.034133333
1541283300,0.034133333
1541283600,0.034133333
1541283900,0.034133333
1541284200,0.034133333
1541284500,0.034133333
1541284800,0.034133333
1541285100,0.034133333
1541285400,0.034133333
1541285700,0.034133333
1541286000,0.034133333
1541286300,0.034133333
1541286600,0.034133333
1541286900,0.034133333
1541287200,0.034133333
1541287500,0.034133333
1541287800,0.034133333
1541288100,0.034133333
1541288400,0.034133333
1541288700,0.034133333
1541289000,0.034133333
1541289300,0.034133333
1541289600,0.042666667
1541289900,0.042666667
1541290200,0.042666667
1541290500,0.042666667
1541290800,0.042666667
1541291100,0.042666667
1541291400,0.042666667
1541291700,0.042666667
1541292000,0.042666667
1541292300,0.042666667
1541292600,0.042666667
1541292900,0.042666667
1541293200,0.042666667
1541293500,0.042666667
1541293800,0.042666667
1541294100,0.042666667
1541294400,0.042666667
1541294700,0.042666667
1541295000,0.042666667
1541295300,0.042666667
1541295600,0.042666667
1541295900,0.042666667
1541296200,0.042666667
1541296500,0.042666667
1541296800,0.042666667
1541297100,0.042666667
1541297400,0.042666667
1541297700,0.042666667
1541298000,0.042666667
1541298300,0.042666667
1541298600,0.042666667
1541298900,0.042666667
1541299200,0.042666667
1541299500,0.042666667
1541299800,0.042666667
1541300100,0.042666667
1541300400,0.042666667
1541300700,0.042666667
1541301000,0.042666667
1541301300,0.042666667
1541301600,0.042666667
1541301900,0.042666667
1541302200,0.042666667
1541302500,0.042666667
1541302800,0.042666667
1541303100,0.042666667
1541303400,0.042666667
1541303700,0.042666667
1541304000,0.042666667
1541304300,0.042666667
1541304600,0.042666667
1541304900,0.042666667
1541305200,0.042666667
1541305500,0.042666667
1541305800,0.042666667
1541306100,0.042666667
1541306400,0.042666667
1541306700,0.042666667
1541307000,0.042666667
1541307300,0.042666667
1541307600,0.042666667
1541307900,0.042666667
1541308200,0.042666667
1541308500,0.042666667
1541308800,0.042666667
1541309100,0.042666667
1541309400,0.042666667
1541309700,0.042666667
1541310000,0.042666667
1541310300,0.042666667
1541310600,0.042666667
1541310900,0.042666667
1541311200,0.042666667
1541311500,0.042666667
1541311800,0.042666667
1541312100,0.042666667
1541312400,0.042666667
1541312700,0.042666667
1541313000,0.042666667
1541313300,0.042666667
1541313600,0.042666667
1541313900,0.042666667
1541314200,0.042666667
1541314500,0.042666667
1541314800,0.042666667
1541315100,0.042666667
1541315400,0.042666667
1541315700,0.042666667
1541316000,0.042666667
1541316300,0.042666667
1541316600,0.042666667
1541316900,0.042666667
1541317200,0.042666667
1541317500,0.042666667
1541317800,0.042666667
1541318100,0.042666667
1541318400,0.042666667
1541318700,0.042666667
1541319000,0.042666667
1541319300,0.042666667
1541319600,0.042666667
1541319900,0.042666667
1541320200,0.042666667
1541320500,0.042666667
1541320800,0.042666667
1541321100,0.042666667
1541321400,0.042666667
1541321700,0.042666667
1541322000,0.042666667
1541322300,0.042666667
1541322600,0.042666667
1541322900,0.042666667
1541323200,0.042666667
1541323500,0.042666667
1541323800,0.042666667
1541324100,0.042666667
1541324400,0.042666667
1541324700,0.042666667
1541325000,0.042666667
1541325300,0.042666667
1541325600,0.042666667
1541325900,0.042666667
1541326200,0.042666667
1541326500,0.042666667
1541326800,0.042666667
1541327100,0.042666667
1541327400,0.042666667
1541327700,0.042666667
1541328000,0.042666667
1541328300,0.042666667
1541328600,0.042666667
1541328900,0.042666667
1541329200,0.042666667
1541329500,0.042666667
1541329800,0.042666667
1541330100,0.042666667
1541330400,0.042666667
1541330700,0.042666667
1541331000,0.042666667
1541331300,0.042666667
1541331600,0.042666667
1541331900,0.042666667
1541332200,0.042666667
1541332500,0.042666667
1541332800,0.042666667
1541333100,0.042666667
1541333400,0.042666667
1541333700,0.042666667
1541334000,0.042666667
1541334300,0.042666667
1541334600,0.042666667
1541334900,0.042666667
1541335200,0.042666667
1541335500,0.042666667
1541335800,0.042666667
1541336100,0.042666667
1541336400,0.042666667
1541336700,0.042666667
1541337000,0.042666667
1541337300,0.042666667
1541337600,0.042666667
1541337900,0.042666667
1541338200,0.042666667
1541338500,0.042666667
1541338800,0.042666667
1541339100,0.042666667
1541339400,0.042666667
1541339700,0.042666667
1541340000,0.042666667
1541340300,0.042666667
1541340600,0.042666667
1541340900,0.042666667
1541341200,0.042666667
1541341500,0.042666667
1541341800,0.042666667
1541342100,0.042666667
1541342400,0.042666667
1541342700,0.042666667
1541343000,0.042666667
1541343300,0.042666667
1541343600,0.042666667
1541343900,0.042666667
1541344200,0.042666667
1541344500,0.042666667
1541344800,0.042666667
1541345100,0.042666667
1541345400,0.042666667
1541345700,0.042666667
1541346000,0.042666667
1541346300,0.042666667
1541346600,0.042666667
1541346900,0.042666667
1541347200,0.042666667
1541347500,0.042666667
1541347800,0.042666667
1541348100,0.042666667
1541348400,0.042666667
1541348700,0.042666667
1541349000,0.042666667
1541349300,0.042666667
1541349600,0.042666667
1541349900,0.042666667
1541350200,0.042666667
1541350500,0.042666667
1541350800,0.042666667
1541351100,0.042666667
1541351400,0.042666667
1541351700,0.042666667
1541352000,0.042666667
1541352300,0.042666667
1541352600,0.042666667
1541352900,0.042666667
1541353200,0.042666667
1541353500,0.042666667
1541353800,0.042666667
1541354100,0.042666667
1541354400,0.042666667
1541354700,0.042666667
1541355000,0.042666667
1541355300,0.042666667
1541355600,0.042666667
1541355900,0.042666667
1541356200,0.042666667
1541356500,0.042666667
1541356800,0.042666667
1541357100,0.042666667
1541357400,0.042666667
1541357700,0.042666667
1541358000,0.042666667
1541358300,0.042666667
1541358600,0.042666667
1541358900,0.042666667
1541359200,0.042666667
1541359500,0.042666667
1541359800,0.042666667
1541360100,0.042666667
1541360400,0.042666667
1541360700,0.042666667
1541361000,0.042666667
1541361300,0.042666667
1541361600,0.042666667
1541361900,0.042666667
1541362200,0.042666667
1541362500,0.042666667
1541362800,0.042666667
1541363100,0.042666667
1541363400,0.042666667
1541363700,0.042666667
1541364000,0.042666667
1541364300,0.042666667
1541364600,0.042666667
1541364900,0.042666667
1541365200,0.042666667
1541365500,0.042666667
1541365800,0.042666667
1541366100,0.042666667
1541366400,0.042666667
1541366700,0.042666667
1541367000,0.042666667
1541367300,0.042666667
1541367600,0.042666667
1541367900,0.042666667
1541368200,0.042666667
1541368500,0.042666667
1541368800,0.042666667
1541369100,0.042666667
1541369400,0.042666667
1541369700,0.042666667
1541370000,0.042666667
1541370300,0.042666667
1541370600,0.042666667
1541370900,0.042666667
1541371200,0.042666667
1541371500,0.042666667
1541371800,0.042666667
1541372100,0.042666667
1541372400,0.042666667
1541372700,0.042666667
1541373000,0.042666667
1541373300,0.042666667
1541373600,0.042666667
1541373900,0.042666667
1541374200,0.042666667
1541374500,0.042666667
1541374800,0.042666667
1541375100,0.042666667
1541375400,0.042666667
1541375700,0.042666667
1541376000,0.039466667
1541376300,0.039466667
1541376600,0.039466667
1541376900,0.039466667
1541377200,0.039466667
1541377500,0.039466667
1541377800,0.039466667
1541378100,0.039466667
1541378400,0.039466667
1541378700,0.039466667
1541379000,0.039466667
1541379300,0.039466667
1541379600,0.039466667
1541379900,0.039466667
1541380200,0.039466667
1541380500,0.039466667
1541380800,0.039466667
1541381100,0.039466667
1541381400,0.039466667
1541381700,0.039466667
1541382000,0.039466667
1541382300,0.039466667
1541382600,0.039466667
1541382900,0.039466667
1541383200,0.039466667
1541383500,0.039466667
1541383800,0.039466667
1541384100,0.039466667
1541384400,0.039466667
1541384700,0.039466667
1541385000,0.039466667
1541385300,0.039466667
1541385600,0.039466667
1541385900,0.039466667
1541386200,0.039466667
1541386500,0.039466667
1541386800,0.039466667
1541387100,0.039466667
1541387400,0.039466667
1541387700,0.039466667
1541388000,0.039466667
1541388300,0.039466667
1541388600,0.039466667
1541388900,0.039466667
1541389200,0.039466667
1541389500,0.039466667
1541389800,0.039466667
1541390100,0.039466667
1541390400,0.039466667
1541390700,0.039466667
1541391000,0.039466667
1541391300,0.039466667
1541391600,0.039466667
1541391900,0.039466667
1541392200,0.039466667
1541392500,0.039466667
1541392800,0.039466667
1541393100,0.039466667
1541393400,0.039466667
1541393700,0.039466667
1541394000,0.039466667
1541394300,0.039466667
1541394600,0.039466667
1541394900,0.039466667
1541395200,0.039466667
1541395500,0.039466667
1541395800,0.039466667
1541396100,0.039466667
1541396400,0.039466667
1541396700,0.039466667
1541397000,0.039466667
1541397300,0.039466667
1541397600,0.039466667
1541397900,0.039466667
1541398200,0.039466667
1541398500,0.039466667
1541398800,0.039466667
1541399100,0.039466667
1541399400,0.039466667
1541399700,0.039466667
1541400000,0.039466667
1541400300,0.039466667
1541400600,0.039466667
1541400900,0.039466667
1541401200,0.039466667
1541401500,0.039466667
1541401800,0.039466667
1541402100,0.039466667
1541402400,0.039466667
1541402700,0.039466667
1541403000,0.039466667
1541403300,0.039466667
1541403600,0.039466667
1541403900,0.039466667
1541404200,0.039466667
1541404500,0.039466667
1541404800,0.039466667
1541405100,0.039466667
1541405400,0.039466667
1541405700,0.039466667
1541406000,0.039466667
1541406300,0.039466667
1541406600,0.039466667
1541406900,0.039466667
1541407200,0.039466667
1541407500,0.039466667
1541407800,0.039466667
1541408100,0.039466667
1541408400,0.039466667
1541408700,0.039466667
1541409000,0.039466667
1541409300,0.039466667
1541409600,0.039466667
1541409900,0.039466667
1541410200,0.039466667
1541410500,0.039466667
1541410800,0.039466667
1541411100,0.039466667
1541411400,0.039466667
1541411700,0.039466667
1541412000,0.039466667
1541412300,0.039466667
1541412600,0.039466667
1541412900,0.039466667
1541413200,0.039466667
1541413500,0.039466667
1541413800,0.039466667
1541414100,0.039466667
1541414400,0.039466667
1541414700,0.039466667
1541415000,0.039466667
1541415300,0.039466667
1541415600,0.039466667
1541415900,0.039466667
1541416200,0.039466667
1541416500,0.039466667
1541416800,0.039466667
1541417100,0.039466667
1541417400,0.039466667
1541417700,0.039466667
1541418000,0.039466667
1541418300,0.039466667
1541418600,0.039466667
1541418900,0.039466667
1541419200,0.039466667
1541419500,0.039466667
1541419800,0.039466667
1541420100,0.039466667
1541420400,0.039466667
1541420700,0.039466667
1541421000,0.039466667
1541421300,0.039466667
1541421600,0.039466667
1541421900,0.039466667
1541422200,0.039466667
1541422500,0.039466667
1541422800,0.039466667
1541423100,0.039466667
1541423400,0.039466667
1541423700,0.039466667
1541424000,0.039466667
1541424300,0.039466667
1541424600,0.039466667
1541424900,0.039466667
1541425200,0.039466667
1541425500,0.039466667
1541425800,0.039466667
1541426100,0.039466667
1541426400,0.039466667
1541426700,0.039466667
1541427000,0.039466667
1541427300,0.039466667
1541427600,0.039466667
1541427900,0.039466667
1541428200,0.039466667
1541428500,0.039466667
1541428800,0.039466667
1541429100,0.039466667
1541429400,0.039466667
1541429700,0.039466667
1541430000,0.039466667
1541430300,0.039466667
1541430600,0.039466667
1541430900,0.039466667
1541431200,0.039466667
1541431500,0.039466667
1541431800,0.039466667
1541432100,0.039466667
1541432400,0.039466667
1541432700,0.039466667
1541433000,0.039466667
1541433300,0.039466667
1541433600,0.039466667
1541433900,0.039466667
1541434200,0.039466667
1541434500,0.039466667
1541434800,0.039466667
1541435100,0.039466667
1541435400,0.039466667
1541435700,0.039466667
1541436000,0.039466667
1541436300,0.039466667
1541436600,0.039466667
1541436900,0.039466667
1541437200,0.039466667
1541437500,0.039466667
1541437800,0.039466667
1541438100,0.039466667
1541438400,0.039466667
1541438700,0.039466667
1541439000,0.039466667
1541439300,0.039466667
1541439600,0.039466667
1541439900,0.039466667
1541440200,0.039466667
1541440500,0.039466667
1541440800,0.039466667
1541441100,0.039466667
1541441400,0.039466667
1541441700,0.039466667
1541442000,0.039466667
1541442300,0.039466667
1541442600,0.039466667
1541442900,0.039466667
1541443200,0.039466667
1541443500,0.039466667
1541443800,0.039466667
1541444100,0.039466667
1541444400,0.039466667
1541444700,0.039466667
1541445000,0.039466667
1541445300,0.039466667
1541445600,0.039466667
1541445900,0.039466667
1541446200,0.039466667
1541446500,0.039466667
1541446800,0.039466667
1541447100,0.039466667
1541447400,0.039466667
1541447700,0.039466667
1541448000,0.039466667
1541448300,0.039466667
1541448600,0.039466667
1541448900,0.039466667
1541449200,0.039466667
1541449500,0.039466667
1541449800,0.039466667
1541450100,0.039466667
1541450400,0.039466667
1541450700,0.039466667
1541451000,0.039466667
1541451300,0.039466667
1541451600,0.039466667
1541451900,0.039466667
1541452200,0.039466667
1541452500,0.039466667
1541452800,0.039466667
1541453100,0.039466667
1541453400,0.039466667
1541453700,0.039466667
1541454000,0.039466667
1541454300,0.039466667
1541454600,0.039466667
1541454900,0.039466667
1541455200,0.039466667
1541455500,0.039466667
1541455800,0.039466667
1541456100,0.039466667
1541456400,0.039466667
1541456700,0.039466667
1541457000,0.039466667
1541457300,0.039466667
1541457600,0.039466667
1541457900,0.039466667
1541458200,0.039466667
1541458500,0.039466667
1541458800,0.039466667
1541459100,0.039466667
1541459400,0.039466667
1541459700,0.039466667
1541460000,0.039466667
1541460300,0.039466667
1541460600,0.039466667
1541460900,0.039466667
1541461200,0.039466667
1541461500,0.039466667
1541461800,0.039466667
1541462100,0.039466667
1541462400,0.0608
1541462700,0.0608
1541463000,0.0608
1541463300,0.0608
1541463600,0.0608
1541463900,0.0608
1541464200,0.0608
1541464500,0.0608
1541464800,0.0608
1541465100,0.0608
1541465400,0.0608
1541465700,0.0608
1541466000,0.0608
1541466300,0.0608
1541466600,0.0608
1541466900,0.0608
1541467200,0.0608
1541467500,0.0608
1541467800,0.0608
1541468100,0.0608
1541468400,0.0608
1541468700,0.0608
1541469000,0.0608
1541469300,0.0608
1541469600,0.0608
1541469900,0.0608
1541470200,0.0608
1541470500,0.0608
1541470800,0.0608
1541471100,0.0608
1541471400,0.0608
1541471700,0.0608
1541472000,0.0608
1541472300,0.0608
1541472600,0.0608
1541472900,0.0608
1541473200,0.0608
1541473500,0.0608
1541473800,0.0608
1541474100,0.0608
1541474400,0.0608
1541474700,0.0608
1541475000,0.0608
1541475300,0.0608
1541475600,0.0608
1541475900,0.0608
1541476200,0.0608
1541476500,0.0608
1541476800,0.0608
1541477100,0.0608
1541477400,0.0608
1541477700,0.0608
1541478000,0.0608
1541478300,0.0608
1541478600,0.0608
1541478900,0.0608
1541479200,0.0608
1541479500,0.0608
1541479800,0.0608
1541480100,0.0608
1541480400,0.0608
1541480700,0.0608
1541481000,0.0608
1541481300,0.0608
1541481600,0.0608
1541481900,0.0608
1541482200,0.0608
1541482500,0.0608
1541482800,0.0608
1541483100,0.0608
1541483400,0.0608
1541483700,0.0608
1541484000,0.0608
1541484300,0.0608
1541484600,0.0608
1541484900,0.0608
1541485200,0.0608
1541485500,0.0608
1541485800,0.0608
1541486100,0.0608
1541486400,0.0608
1541486700,0.0608
1541487000,0.0608
1541487300,0.0608
1541487600,0.0608
1541487900,0.0608
1541488200,0.0608
1541488500,0.0608
1541488800,0.0608
1541489100,0.0608
1541489400,0.0608
1541489700,0.0608
1541490000,0.0608
1541490300,0.0608
1541490600,0.0608
1541490900,0.0608
1541491200,0.0608
1541491500,0.0608
1541491800,0.0608
1541492100,0.0608
1541492400,0.0608
1541492700,0.0608
1541493000,0.0608
1541493300,0.0608
1541493600,0.0608
1541493900,0.0608
1541494200,0.0608
1541494500,0.0608
1541494800,0.0608
1541495100,0.0608
1541495400,0.0608
1541495700,0.0608
1541496000,0.0608
1541496300,0.0608
1541496600,0.0608
1541496900,0.0608
1541497200,0.0608
1541497500,0.0608
1541497800,0.0608
1541498100,0.0608
1541498400,0.0608
1541498700,0.0608
1541499000,0.0608
1541499300,0.0608
1541499600,0.0608
1541499900,0.0608
1541500200,0.0608
1541500500,0.0608
1541500800,0.0608
1541501100,0.0608
1541501400,0.0608
1541501700,0.0608
1541502000,0.0608
1541502300,0.0608
1541502600,0.0608
1541502900,0.0608
1541503200,0.0608
1541503500,0.0608
1541503800,0.0608
1541504100,0.0608
1541504400,0.0608
1541504700,0.0608
1541505000,0.0608
1541505300,0.0608
1541505600,0.0608
1541505900,0.0608
1541506200,0.0608
1541506500,0.0608
1541506800,0.0608
1541507100,0.0608
1541507400,0.0608
1541507700,0.0608
1541508000,0.0608
1541508300,0.0608
1541508600,0.0608
1541508900,0.0608
1541509200,0.0608
1541509500,0.0608
1541509800,0.0608
1541510100,0.0608
1541510400,0.0608
1541510700,0.0608
1541511000,0.0608
1541511300,0.0608
1541511600,0.0608
1541511900,0.0608
1541512200,0.0608
1541512500,0.0608
1541512800,0.0608
1541513100,0.0608
1541513400,0.0608
1541513700,0.0608
1541514000,0.0608
1541514300,0.0608
1541514600,0.0608
1541514900,0.0608
1541515200,0.0608
1541515500,0.0608
1541515800,0.0608
1541516100,0.0608
1541516400,0.0608
1541516700,0.0608
1541517000,0.0608
1541517300,0.0608
1541517600,0.0608
1541517900,0.0608
1541518200,0.0608
1541518500,0.0608
1541518800,0.0608
1541519100,0.0608
1541519400,0.0608
1541519700,0.0608
1541520000,0.0608
1541520300,0.0608
1541520600,0.0608
1541520900,0.0608
1541521200,0.0608
1541521500,0.0608
1541521800,0.0608
1541522100,0.0608
1541522400,0.0608
1541522700,0.0608
1541523000,0.0608
1541523300,0.0608
1541523600,0.0608
1541523900,0.0608
1541524200,0.0608
1541524500,0.0608
1541524800,0.0608
1541525100,0.0608
1541525400,0.0608
1541525700,0.0608
1541526000,0.0608
1541526300,0.0608
1541526600,0.0608
1541526900,0.0608
1541527200,0.0608
1541527500,0.0608
1541527800,0.0608
1541528100,0.0608
1541528400,0.0608
1541528700,0.0608
1541529000,0.0608
1541529300,0.0608
1541529600,0.0608
1541529900,0.0608
1541530200,0.0608
1541530500,0.0608
1541530800,0.0608
1541531100,0.0608
1541531400,0.0608
1541531700,0.0608
1541532000,0.0608
1541532300,0.0608
1541532600,0.0608
1541532900,0.0608
1541533200,0.0608
1541533500,0.0608
1541533800,0.0608
1541534100,0.0608
1541534400,0.0608
1541534700,0.0608
1541535000,0.0608
1541535300,0.0608
1541535600,0.0608
1541535900,0.0608
1541536200,0.0608
1541536500,0.0608
1541536800,0.0608
1541537100,0.0608
1541537400,0.0608
1541537700,0.0608
1541538000,0.0608
1541538300,0.0608
1541538600,0.0608
1541538900,0.0608
1541539200,0.0608
1541539500,0.0608
1541539800,0.0608
1541540100,0.0608
1541540400,0.0608
1541540700,0.0608
1541541000,0.0608
1541541300,0.0608
1541541600,0.0608
1541541900,0.0608
1541542200,0.0608
1541542500,0.0608
1541542800,0.0608
1541543100,0.0608
1541543400,0.0608
1541543700,0.0608
1541544000,0.0608
1541544300,0.0608
1541544600,0.0608
1541544900,0.0608
1541545200,0.0608
1541545500,0.0608
1541545800,0.0608
1541546100,0.0608
1541546400,0.0608
1541546700,0.0608
1541547000,0.0608
1541547300,0.0608
1541547600,0.0608
1541547900,0.0608
1541548200,0.0608
1541548500,0.0608
1541548800,0.0448
1541549100,0.0448
1541549400,0.0448
1541549700,0.0448
1541550000,0.0448
1541550300,0.0448
1541550600,0.0448
1541550900,0.0448
1541551200,0.0448
1541551500,0.0448
1541551800,0.0448
1541552100,0.0448
1541552400,0.0448
1541552700,0.0448
1541553000,0.0448
1541553300,0.0448
1541553600,0.0448
1541553900,0.0448
1541554200,0.0448
1541554500,0.0448
1541554800,0.0448
1541555100,0.0448
1541555400,0.0448
1541555700,0.0448
1541556000,0.0448
1541556300,0.0448
1541556600,0.0448
1541556900,0.0448
1541557200,0.0448
1541557500,0.0448
1541557800,0.0448
1541558100,0.0448
1541558400,0.0448
1541558700,0.0448
1541559000,0.0448
1541559300,0.0448
1541559600,0.0448
1541559900,0.0448
1541560200,0.0448
1541560500,0.0448
1541560800,0.0448
1541561100,0.0448
1541561400,0.0448
1541561700,0.0448
1541562000,0.0448
1541562300,0.0448
1541562600,0.0448
1541562900,0.0448
1541563200,0.0448
1541563500,0.0448
1541563800,0.0448
1541564100,0.0448
1541564400,0.0448
1541564700,0.0448
1541565000,0.0448
1541565300,0.0448
1541565600,0.0448
1541565900,0.0448
1541566200,0.0448
1541566500,0.0448
1541566800,0.0448
1541567100,0.0448
1541567400,0.0448
1541567700,0.0448
1541568000,0.0448
1541568300,0.0448
1541568600,0.0448
1541568900,0.0448
1541569200,0.0448
1541569500,0.0448
1541569800,0.0448
1541570100,0.0448
1541570400,0.0448
1541570700,0.0448
1541571000,0.0448
1541571300,0.0448
1541571600,0.0448
1541571900,0.0448
1541572200,0.0448
1541572500,0.0448
1541572800,0.0448
1541573100,0.0448
1541573400,0.0448
1541573700,0.0448
1541574000,0.0448
1541574300,0.0448
1541574600,0.0448
1541574900,0.0448
1541575200,0.0448
1541575500,0.0448
1541575800,0.0448
1541576100,0.0448
1541576400,0.0448
1541576700,0.0448
1541577000,0.0448
1541577300,0.0448
1541577600,0.0448
1541577900,0.0448
1541578200,0.0448
1541578500,0.0448
1541578800,0.0448
1541579100,0.0448
1541579400,0.0448
1541579700,0.0448
1541580000,0.0448
1541580300,0.0448
1541580600,0.0448
1541580900,0.0448
1541581200,0.0448
1541581500,0.0448
1541581800,0.0448
1541582100,0.0448
1541582400,0.0448
1541582700,0.0448
1541583000,0.0448
1541583300,0.0448
1541583600,0.0448
1541583900,0.0448
1541584200,0.0448
1541584500,0.0448
1541584800,0.0448
1541585100,0.0448
1541585400,0.0448
1541585700,0.0448
1541586000,0.0448
1541586300,0.0448
1541586600,0.0448
1541586900,0.0448
1541587200,0.0448
1541587500,0.0448
1541587800,0.0448
1541588100,0.0448
1541588400,0.0448
1541588700,0.0448
1541589000,0.0448
1541589300,0.0448
1541589600,0.0448
1541589900,0.0448
1541590200,0.0448
1541590500,0.0448
1541590800,0.0448
1541591100,0.0448
1541591400,0.0448
1541591700,0.0448
1541592000,0.0448
1541592300,0.0448
1541592600,0.0448
1541592900,0.0448
1541593200,0.0448
1541593500,0.0448
1541593800,0.0448
1541594100,0.0448
1541594400,0.0448
1541594700,0.0448
1541595000,0.0448
1541595300,0.0448
1541595600,0.0448
1541595900,0.0448
1541596200,0.0448
1541596500,0.0448
1541596800,0.0448
1541597100,0.0448
1541597400,0.0448
1541597700,0.0448
1541598000,0.0448
1541598300,0.0448
1541598600,0.0448
1541598900,0.0448
1541599200,0.0448
1541599500,0.0448
1541599800,0.0448
1541600100,0.0448
1541600400,0.0448
1541600700,0.0448
1541601000,0.0448
1541601300,0.0448
1541601600,0.0448
1541601900,0.0448
1541602200,0.0448
1541602500,0.0448
1541602800,0.0448
1541603100,0.0448
1541603400,0.0448
1541603700,0.0448
1541604000,0.0448
1541604300,0.0448
1541604600,0.0448
1541604900,0.0448
1541605200,0.0448
1541605500,0.0448
1541605800,0.0448
1541606100,0.0448
1541606400,0.0448
1541606700,0.0448
1541607000,0.0448
1541607300,0.0448
1541607600,0.0448
1541607900,0.0448
1541608200,0.0448
1541608500,0.0448
1541608800,0.0448
1541609100,0.0448
1541609400,0.0448
1541609700,0.0448
1541610000,0.0448
1541610300,0.0448
1541610600,0.0448
1541610900,0.0448
1541611200,0.0448
1541611500,0.0448
1541611800,0.0448
1541612100,0.0448
1541612400,0.0448
1541612700,0.0448
1541613000,0.0448
1541613300,0.0448
1541613600,0.0448
1541613900,0.0448
1541614200,0.0448
1541614500,0.0448
1541614800,0.0448
1541615100,0.0448
1541615400,0.0448
1541615700,0.0448
1541616000,0.0448
1541616300,0.0448
1541616600,0.0448
1541616900,0.0448
1541617200,0.0448
1541617500,0.0448
1541617800,0.0448
1541618100,0.0448
1541618400,0.0448
1541618700,0.0448
1541619000,0.0448
1541619300,0.0448
1541619600,0.0448
1541619900,0.0448
1541620200,0.0448
1541620500,0.0448
1541620800,0.0448
1541621100,0.0448
1541621400,0.0448
1541621700,0.0448
1541622000,0.0448
1541622300,0.0448
1541622600,0.0448
1541622900,0.0448
1541623200,0.0448
1541623500,0.0448
1541623800,0.0448
1541624100,0.0448
1541624400,0.0448
1541624700,0.0448
1541625000,0.0448
1541625300,0.0448
1541625600,0.0448
1541625900,0.0448
1541626200,0.0448
1541626500,0.0448
1541626800,0.0448
1541627100,0.0448
1541627400,0.0448
1541627700,0.0448
1541628000,0.0448
1541628300,0.0448
1541628600,0.0448
1541628900,0.0448
1541629200,0.0448
1541629500,0.0448
1541629800,0.0448
1541630100,0.0448
1541630400,0.0448
1541630700,0.0448
1541631000,0.0448
1541631300,0.0448
1541631600,0.0448
1541631900,0.0448
1541632200,0.0448
1541632500,0.0448
1541632800,0.0448
1541633100,0.0448
1541633400,0.0448
1541633700,0.0448
1541634000,0.0448
1541634300,0.0448
1541634600,0.0448
1541634900,0.0448
1541635200,0.037333333
1541635500,0.037333333
1541635800,0.037333333
1541636100,0.037333333
1541636400,0.037333333
1541636700,0.037333333
1541637000,0.037333333
1541637300,0.037333333
1541637600,0.037333333
1541637900,0.037333333
1541638200,0.037333333
1541638500,0.037333333
1541638800,0.037333333
1541639100,0.037333333
1541639400,0.037333333
1541639700,0.037333333
1541640000,0.037333333
1541640300,0.037333333
1541640600,0.037333333
1541640900,0.037333333
1541641200,0.037333333
1541641500,0.037333333
1541641800,0.037333333
1541642100,0.037333333
1541642400,0.037333333
1541642700,0.037333333
1541643000,0.037333333
1541643300,0.037333333
1541643600,0.037333333
1541643900,0.037333333
1541644200,0.037333333
1541644500,0.037333333
1541644800,0.037333333
1541645100,0.037333333
1541645400,0.037333333
1541645700,0.037333333
1541646000,0.037333333
1541646300,0.037333333
1541646600,0.037333333
1541646900,0.037333333
1541647200,0.037333333
1541647500,0.037333333
1541647800,0.037333333
1541648100,0.037333333
1541648400,0.037333333
1541648700,0.037333333
1541649000,0.037333333
1541649300,0.037333333
1541649600,0.037333333
1541649900,0.037333333
1541650200,0.037333333
1541650500,0.037333333
1541650800,0.037333333
1541651100,0.037333333
1541651400,0.037333333
1541651700,0.037333333
1541652000,0.037333333
1541652300,0.037333333
1541652600,0.037333333
1541652900,0.037333333
1541653200,0.037333333
1541653500,0.037333333
1541653800,0.037333333
1541654100,0.037333333
1541654400,0.037333333
1541654700,0.037333333
1541655000,0.037333333
1541655300,0.037333333
1541655600,0.037333333
1541655900,0.037333333
1541656200,0.037333333
1541656500,0.037333333
1541656800,0.037333333
1541657100,0.037333333
1541657400,0.037333333
1541657700,0.037333333
1541658000,0.037333333
1541658300,0.037333333
1541658600,0.037333333
1541658900,0.037333333
1541659200,0.037333333
1541659500,0.037333333
1541659800,0.037333333
1541660100,0.037333333
1541660400,0.037333333
1541660700,0.037333333
1541661000,0.037333333
1541661300,0.037333333
1541661600,0.037333333
1541661900,0.037333333
1541662200,0.037333333
1541662500,0.037333333
1541662800,0.037333333
1541663100,0.037333333
1541663400,0.037333333
1541663700,0.037333333
1541664000,0.037333333
1541664300,0.037333333
1541664600,0.037333333
1541664900,0.037333333
1541665200,0.037333333
1541665500,0.037333333
1541665800,0.037333333
1541666100,0.037333333
1541666400,0.037333333
1541666700,0.037333333
1541667000,0.037333333
1541667300,0.037333333
1541667600,0.037333333
1541667900,0.037333333
1541668200,0.037333333
1541668500,0.037333333
1541668800,0.037333333
1541669100,0.037333333
1541669400,0.037333333
1541669700,0.037333333
1541670000,0.037333333
1541670300,0.037333333
1541670600,0.037333333
1541670900,0.037333333
1541671200,0.037333333
1541671500,0.037333333
1541671800,0.037333333
1541672100,0.037333333
1541672400,0.037333333
1541672700,0.037333333
1541673000,0.037333333
1541673300,0.037333333
1541673600,0.037333333
1541673900,0.037333333
1541674200,0.037333333
1541674500,0.037333333
1541674800,0.037333333
1541675100,0.037333333
1541675400,0.037333333
1541675700,0.037333333
1541676000,0.037333333
1541676300,0.037333333
1541676600,0.037333333
1541676900,0.037333333
1541677200,0.037333333
1541677500,0.037333333
1541677800,0.037333333
1541678100,0.037333333
1541678400,0.037333333
1541678700,0.037333333
1541679000,0.037333333
1541679300,0.037333333
1541679600,0.037333333
1541679900,0.037333333
1541680200,0.037333333
1541680500,0.037333333
1541680800,0.037333333
1541681100,0.037333333
1541681400,0.037333333
1541681700,0.037333333
1541682000,0.037333333
1541682300,0.037333333
1541682600,0.037333333
1541682900,0.037333333
1541683200,0.037333333
1541683500,0.037333333
1541683800,0.037333333
1541684100,0.037333333
1541684400,0.037333333
1541684700,0.037333333
1541685000,0.037333333
1541685300,0.037333333
1541685600,0.037333333
1541685900,0.037333333
1541686200,0.037333333
1541686500,0.037333333
1541686800,0.037333333
1541687100,0.037333333
1541687400,0.037333333
1541687700,0.037333333
1541688000,0.037333333
1541688300,0.037333333
1541688600,0.037333333
1541688900,0.037333333
1541689200,0.037333333
1541689500,0.037333333
1541689800,0.037333333
1541690100,0.037333333
1541690400,0.037333333
1541690700,0.037333333
1541691000,0.037333333
1541691300,0.037333333
1541691600,0.037333333
1541691900,0.037333333
1541692200,0.037333333
1541692500,0.037333333
1541692800,0.037333333
1541693100,0.037333333
1541693400,0.037333333
1541693700,0.037333333
1541694000,0.037333333
1541694300,0.037333333
1541694600,0.037333333
1541694900,0.037333333
1541695200,0.037333333
1541695500,0.037333333
1541695800,0.037333333
1541696100,0.037333333
1541696400,0.037333333
1541696700,0.037333333
1541697000,0.037333333
1541697300,0.037333333
1541697600,0.037333333
1541697900,0.037333333
1541698200,0.037333333
1541698500,0.037333333
1541698800,0.037333333
1541699100,0.037333333
1541699400,0.037333333
1541699700,0.037333333
1541700000,0.037333333
1541700300,0.037333333
1541700600,0.037333333
1541700900,0.037333333
1541701200,0.037333333
1541701500,0.037333333
1541701800,0.037333333
1541702100,0.037333333
1541702400,0.037333333
1541702700,0.037333333
1541703000,0.037333333
1541703300,0.037333333
1541703600,0.037333333
1541703900,0.037333333
1541704200,0.037333333
1541704500,0.037333333
1541704800,0.037333333
1541705100,0.037333333
1541705400,0.037333333
1541705700,0.037333333
1541706000,0.037333333
1541706300,0.037333333
1541706600,0.037333333
1541706900,0.037333333
1541707200,0.037333333
1541707500,0.037333333
1541707800,0.037333333
1541708100,0.037333333
1541708400,0.037333333
1541708700,0.037333333
1541709000,0.037333333
1541709300,0.037333333
1541709600,0.037333333
1541709900,0.037333333
1541710200,0.037333333
1541710500,0.037333333
1541710800,0.037333333
1541711100,0.037333333
1541711400,0.037333333
1541711700,0.037333333
1541712000,0.037333333
1541712300,0.037333333
1541712600,0.037333333
1541712900,0.037333333
1541713200,0.037333333
1541713500,0.037333333
1541713800,0.037333333
1541714100,0.037333333
1541714400,0.037333333
1541714700,0.037333333
1541715000,0.037333333
1541715300,0.037333333
1541715600,0.037333333
1541715900,0.037333333
1541716200,0.037333333
1541716500,0.037333333
1541716800,0.037333333
1541717100,0.037333333
1541717400,0.037333333
1541717700,0.037333333
1541718000,0.037333333
1541718300,0.037333333
1541718600,0.037333333
1541718900,0.037333333
1541719200,0.037333333
1541719500,0.037333333
1541719800,0.037333333
1541720100,0.037333333
1541720400,0.037333333
1541720700,0.037333333
1541721000,0.037333333
1541721300,0.037333333
1541721600,0.033066666
1541721900,0.033066666
1541722200,0.033066666
1541722500,0.033066666
1541722800,0.033066666
1541723100,0.033066666
1541723400,0.033066666
1541723700,0.033066666
1541724000,0.033066666
1541724300,0.033066666
1541724600,0.033066666
1541724900,0.033066666
1541725200,0.033066666
1541725500,0.033066666
1541725800,0.033066666
1541726100,0.033066666
1541726400,0.033066666
1541726700,0.033066666
1541727000,0.033066666
1541727300,0.033066666
1541727600,0.033066666
1541727900,0.033066666
1541728200,0.033066666
1541728500,0.033066666
1541728800,0.033066666
1541729100,0.033066666
1541729400,0.033066666
1541729700,0.033066666
1541730000,0.033066666
1541730300,0.033066666
1541730600,0.033066666
1541730900,0.033066666
1541731200,0.033066666
1541731500,0.033066666
1541731800,0.033066666
1541732100,0.033066666
1541732400,0.033066666
1541732700,0.033066666
1541733000,0.033066666
1541733300,0.033066666
1541733600,0.033066666
1541733900,0.033066666
1541734200,0.033066666
1541734500,0.033066666
1541734800,0.033066666
1541735100,0.033066666
1541735400,0.033066666
1541735700,0.033066666
1541736000,0.033066666
1541736300,0.033066666
1541736600,0.033066666
1541736900,0.033066666
1541737200,0.033066666
1541737500,0.033066666
1541737800,0.033066666
1541738100,0.033066666
1541738400,0.033066666
1541738700,0.033066666
1541739000,0.033066666
1541739300,0.033066666
1541739600,0.033066666
1541739900,0.033066666
1541740200,0.033066666
1541740500,0.033066666
1541740800,0.033066666
1541741100,0.033066666
1541741400,0.033066666
1541741700,0.033066666
1541742000,0.033066666
1541742300,0.033066666
1541742600,0.033066666
1541742900,0.033066666
1541743200,0.033066666
1541743500,0.033066666
1541743800,0.033066666
1541744100,0.033066666
1541744400,0.033066666
1541744700,0.033066666
1541745000,0.033066666
1541745300,0.033066666
1541745600,0.033066666
1541745900,0.033066666
1541746200,0.033066666
1541746500,0.033066666
1541746800,0.033066666
1541747100,0.033066666
1541747400,0.033066666
1541747700,0.033066666
1541748000,0.033066666
1541748300,0.033066666
1541748600,0.033066666
1541748900,0.033066666
1541749200,0.033066666
1541749500,0.033066666
1541749800,0.033066666
1541750100,0.033066666
1541750400,0.033066666
1541750700,0.033066666
1541751000,0.033066666
1541751300,0.033066666
1541751600,0.033066666
1541751900,0.033066666
1541752200,0.033066666
1541752500,0.033066666
1541752800,0.033066666
1541753100,0.033066666
1541753400,0.033066666
1541753700,0.033066666
1541754000,0.033066666
1541754300,0.033066666
1541754600,0.033066666
1541754900,0.033066666
1541755200,0.033066666
1541755500,0.033066666
1541755800,0.033066666
1541756100,0.033066666
1541756400,0.033066666
1541756700,0.033066666
1541757000,0.033066666
1541757300,0.033066666
1541757600,0.033066666
1541757900,0.033066666
1541758200,0.033066666
1541758500,0.033066666
1541758800,0.033066666
1541759100,0.033066666
1541759400,0.033066666
1541759700,0.033066666
1541760000,0.033066666
1541760300,0.033066666
1541760600,0.033066666
1541760900,0.033066666
1541761200,0.033066666
1541761500,0.033066666
1541761800,0.033066666
1541762100,0.033066666
1541762400,0.033066666
1541762700,0.033066666
1541763000,0.033066666
1541763300,0.033066666
1541763600,0.033066666
1541763900,0.033066666
1541764200,0.033066666
1541764500,0.033066666
1541764800,0.033066666
1541765100,0.033066666
1541765400,0.033066666
1541765700,0.033066666
1541766000,0.033066666
1541766300,0.033066666
1541766600,0.033066666
1541766900,0.033066666
1541767200,0.033066666
1541767500,0.033066666
1541767800,0.033066666
1541768100,0.033066666
1541768400,0.033066666
1541768700,0.033066666
1541769000,0.033066666
1541769300,0.033066666
1541769600,0.033066666
1541769900,0.033066666
1541770200,0.033066666
1541770500,0.033066666
1541770800,0.033066666
1541771100,0.033066666
1541771400,0.033066666
1541771700,0.033066666
1541772000,0.033066666
1541772300,0.033066666
1541772600,0.033066666
1541772900,0.033066666
1541773200,0.033066666
1541773500,0.033066666
1541773800,0.033066666
1541774100,0.033066666
1541774400,0.033066666
1541774700,0.033066666
1541775000,0.033066666
1541775300,0.033066666
1541775600,0.033066666
1541775900,0.033066666
1541776200,0.033066666
1541776500,0.033066666
1541776800,0.033066666
1541777100,0.033066666
1541777400,0.033066666
1541777700,0.033066666
1541778000,0.033066666
1541778300,0.033066666
1541778600,0.033066666
1541778900,0.033066666
1541779200,0.033066666
1541779500,0.033066666
1541779800,0.033066666
1541780100,0.033066666
1541780400,0.033066666
1541780700,0.033066666
1541781000,0.033066666
1541781300,0.033066666
1541781600,0.033066666
1541781900,0.033066666
1541782200,0.033066666
1541782500,0.033066666
1541782800,0.033066666
1541783100,0.033066666
1541783400,0.033066666
1541783700,0.033066666
1541784000,0.033066666
1541784300,0.033066666
1541784600,0.033066666
1541784900,0.033066666
1541785200,0.033066666
1541785500,0.033066666
1541785800,0.033066666
1541786100,0.033066666
1541786400,0.033066666
1541786700,0.033066666
1541787000,0.033066666
1541787300,0.033066666
1541787600,0.033066666
1541787900,0.033066666
1541788200,0.033066666
1541788500,0.033066666
1541788800,0.033066666
1541789100,0.033066666
1541789400,0.033066666
1541789700,0.033066666
1541790000,0.033066666
1541790300,0.033066666
1541790600,0.033066666
1541790900,0.033066666
1541791200,0.033066666
1541791500,0.033066666
1541791800,0.033066666
1541792100,0.033066666
1541792400,0.033066666
1541792700,0.033066666
1541793000,0.033066666
1541793300,0.033066666
1541793600,0.033066666
1541793900,0.033066666
1541794200,0.033066666
1541794500,0.033066666
1541794800,0.033066666
1541795100,0.033066666
1541795400,0.033066666
1541795700,0.033066666
1541796000,0.033066666
1541796300,0.033066666
1541796600,0.033066666
1541796900,0.033066666
1541797200,0.033066666
1541797500,0.033066666
1541797800,0.033066666
1541798100,0.033066666
1541798400,0.033066666
1541798700,0.033066666
1541799000,0.033066666
1541799300,0.033066666
1541799600,0.033066666
1541799900,0.033066666
1541800200,0.033066666
1541800500,0.033066666
1541800800,0.033066666
1541801100,0.033066666
1541801400,0.033066666
1541801700,0.033066666
1541802000,0.033066666
1541802300,0.033066666
1541802600,0.033066666
1541802900,0.033066666
1541803200,0.033066666
1541803500,0.033066666
1541803800,0.033066666
1541804100,0.033066666
1541804400,0.033066666
1541804700,0.033066666
1541805000,0.033066666
1541805300,0.033066666
1541805600,0.033066666
1541805900,0.033066666
1541806200,0.033066666
1541806500,0.033066666
1541806800,0.033066666
1541807100,0.033066666
1541807400,0.033066666
1541807700,0.033066666
1541808000,0.0416
1541808300,0.0416
1541808600,0.0416
1541808900,0.0416
1541809200,0.0416
1541809500,0.0416
1541809800,0.0416
1541810100,0.0416
1541810400,0.0416
1541810700,0.0416
1541811000,0.0416
1541811300,0.0416
1541811600,0.0416
1541811900,0.0416
1541812200,0.0416
1541812500,0.0416
1541812800,0.0416
1541813100,0.0416
1541813400,0.0416
1541813700,0.0416
1541814000,0.0416
1541814300,0.0416
1541814600,0.0416
1541814900,0.0416
1541815200,0.0416
1541815500,0.0416
1541815800,0.0416
1541816100,0.0416
1541816400,0.0416
1541816700,0.0416
1541817000,0.0416
1541817300,0.0416
1541817600,0.0416
1541817900,0.0416
1541818200,0.0416
1541818500,0.0416
1541818800,0.0416
1541819100,0.0416
1541819400,0.0416
1541819700,0.0416
1541820000,0.0416
1541820300,0.0416
1541820600,0.0416
1541820900,0.0416
1541821200,0.0416
1541821500,0.0416
1541821800,0.0416
1541822100,0.0416
1541822400,0.0416
1541822700,0.0416
1541823000,0.0416
1541823300,0.0416
1541823600,0.0416
1541823900,0.0416
1541824200,0.0416
1541824500,0.0416
1541824800,0.0416
1541825100,0.0416
1541825400,0.0416
1541825700,0.0416
1541826000,0.0416
1541826300,0.0416
1541826600,0.0416
1541826900,0.0416
1541827200,0.0416
1541827500,0.0416
1541827800,0.0416
1541828100,0.0416
1541828400,0.0416
1541828700,0.0416
1541829000,0.0416
1541829300,0.0416
1541829600,0.0416
1541829900,0.0416
1541830200,0.0416
1541830500,0.0416
1541830800,0.0416
1541831100,0.0416
1541831400,0.0416
1541831700,0.0416
1541832000,0.0416
1541832300,0.0416
1541832600,0.0416
1541832900,0.0416
1541833200,0.0416
1541833500,0.0416
1541833800,0.0416
1541834100,0.0416
1541834400,0.0416
1541834700,0.0416
1541835000,0.0416
1541835300,0.0416
1541835600,0.0416
1541835900,0.0416
1541836200,0.0416
1541836500,0.0416
1541836800,0.0416
1541837100,0.0416
1541837400,0.0416
1541837700,0.0416
1541838000,0.0416
1541838300,0.0416
1541838600,0.0416
1541838900,0.0416
1541839200,0.0416
1541839500,0.0416
1541839800,0.0416
1541840100,0.0416
1541840400,0.0416
1541840700,0.0416
1541841000,0.0416
1541841300,0.0416
1541841600,0.0416
1541841900,0.0416
1541842200,0.0416
1541842500,0.0416
1541842800,0.0416
1541843100,0.0416
1541843400,0.0416
1541843700,0.0416
1541844000,0.0416
1541844300,0.0416
1541844600,0.0416
1541844900,0.0416
1541845200,0.0416
1541845500,0.0416
1541845800,0.0416
1541846100,0.0416
1541846400,0.0416
1541846700,0.0416
1541847000,0.0416
1541847300,0.0416
1541847600,0.0416
1541847900,0.0416
1541848200,0.0416
1541848500,0.0416
1541848800,0.0416
1541849100,0.0416
1541849400,0.0416
1541849700,0.0416
1541850000,0.0416
1541850300,0.0416
1541850600,0.0416
1541850900,0.0416
1541851200,0.0416
1541851500,0.0416
1541851800,0.0416
1541852100,0.0416
1541852400,0.0416
1541852700,0.0416
1541853000,0.0416
1541853300,0.0416
1541853600,0.0416
1541853900,0.0416
1541854200,0.0416
1541854500,0.0416
1541854800,0.0416
1541855100,0.0416
1541855400,0.0416
1541855700,0.0416
1541856000,0.0416
1541856300,0.0416
1541856600,0.0416
1541856900,0.0416
1541857200,0.0416
1541857500,0.0416
1541857800,0.0416
1541858100,0.0416
1541858400,0.0416
1541858700,0.0416
1541859000,0.0416
1541859300,0.0416
1541859600,0.0416
1541859900,0.0416
1541860200,0.0416
1541860500,0.0416
1541860800,0.0416
1541861100,0.0416
1541861400,0.0416
1541861700,0.0416
1541862000,0.0416
1541862300,0.0416
1541862600,0.0416
1541862900,0.0416
1541863200,0.0416
1541863500,0.0416
1541863800,0.0416
1541864100,0.0416
1541864400,0.0416
1541864700,0.0416
1541865000,0.0416
1541865300,0.0416
1541865600,0.0416
1541865900,0.0416
1541866200,0.0416
1541866500,0.0416
1541866800,0.0416
1541867100,0.0416
1541867400,0.0416
1541867700,0.0416
1541868000,0.0416
1541868300,0.0416
1541868600,0.0416
1541868900,0.0416
1541869200,0.0416
1541869500,0.0416
1541869800,0.0416
1541870100,0.0416
1541870400,0.0416
1541870700,0.0416
1541871000,0.0416
1541871300,0.0416
1541871600,0.0416
1541871900,0.0416
1541872200,0.0416
1541872500,0.0416
1541872800,0.0416
1541873100,0.0416
1541873400,0.0416
1541873700,0.0416
1541874000,0.0416
1541874300,0.0416
1541874600,0.0416
1541874900,0.0416
1541875200,0.0416
1541875500,0.0416
1541875800,0.0416
1541876100,0.0416
1541876400,0.0416
1541876700,0.0416
1541877000,0.0416
1541877300,0.0416
1541877600,0.0416
1541877900,0.0416
1541878200,0.0416
1541878500,0.0416
1541878800,0.0416
1541879100,0.0416
1541879400,0.0416
1541879700,0.0416
1541880000,0.0416
1541880300,0.0416
1541880600,0.0416
1541880900,0.0416
1541881200,0.0416
1541881500,0.0416
1541881800,0.0416
1541882100,0.0416
1541882400,0.0416
1541882700,0.0416
1541883000,0.0416
1541883300,0.0416
1541883600,0.0416
1541883900,0.0416
1541884200,0.0416
1541884500,0.0416
1541884800,0.0416
1541885100,0.0416
1541885400,0.0416
1541885700,0.0416
1541886000,0.0416
1541886300,0.0416
1541886600,0.0416
1541886900,0.0416
1541887200,0.0416
1541887500,0.0416
1541887800,0.0416
1541888100,0.0416
1541888400,0.0416
1541888700,0.0416
1541889000,0.0416
1541889300,0.0416
1541889600,0.0416
1541889900,0.0416
1541890200,0.0416
1541890500,0.0416
1541890800,0.0416
1541891100,0.0416
1541891400,0.0416
1541891700,0.0416
1541892000,0.0416
1541892300,0.0416
1541892600,0.0416
1541892900,0.0416
1541893200,0.0416
1541893500,0.0416
1541893800,0.0416
1541894100,0.0416
1541894400,0.007466667
1541894700,0.007466667
1541895000,0.007466667
1541895300,0.007466667
1541895600,0.007466667
1541895900,0.007466667
1541896200,0.007466667
1541896500,0.007466667
1541896800,0.007466667
1541897100,0.007466667
1541897400,0.007466667
1541897700,0.007466667
1541898000,0.007466667
1541898300,0.007466667
1541898600,0.007466667
1541898900,0.007466667
1541899200,0.007466667
1541899500,0.007466667
1541899800,0.007466667
1541900100,0.007466667
1541900400,0.007466667
1541900700,0.007466667
1541901000,0.007466667
1541901300,0.007466667
1541901600,0.007466667
1541901900,0.007466667
1541902200,0.007466667
1541902500,0.007466667
1541902800,0.007466667
1541903100,0.007466667
1541903400,0.007466667
1541903700,0.007466667
1541904000,0.007466667
1541904300,0.007466667
1541904600,0.007466667
1541904900,0.007466667
1541905200,0.007466667
1541905500,0.007466667
1541905800,0.007466667
1541906100,0.007466667
1541906400,0.007466667
1541906700,0.007466667
1541907000,0.007466667
1541907300,0.007466667
1541907600,0.007466667
1541907900,0.007466667
1541908200,0.007466667
1541908500,0.007466667
1541908800,0.007466667
1541909100,0.007466667
1541909400,0.007466667
1541909700,0.007466667
1541910000,0.007466667
1541910300,0.007466667
1541910600,0.007466667
1541910900,0.007466667
1541911200,0.007466667
1541911500,0.007466667
1541911800,0.007466667
1541912100,0.007466667
1541912400,0.007466667
1541912700,0.007466667
1541913000,0.007466667
1541913300,0.007466667
1541913600,0.007466667
1541913900,0.007466667
1541914200,0.007466667
1541914500,0.007466667
1541914800,0.007466667
1541915100,0.007466667
1541915400,0.007466667
1541915700,0.007466667
1541916000,0.007466667
1541916300,0.007466667
1541916600,0.007466667
1541916900,0.007466667
1541917200,0.007466667
1541917500,0.007466667
1541917800,0.007466667
1541918100,0.007466667
1541918400,0.007466667
1541918700,0.007466667
1541919000,0.007466667
1541919300,0.007466667
1541919600,0.007466667
1541919900,0.007466667
1541920200,0.007466667
1541920500,0.007466667
1541920800,0.007466667
1541921100,0.007466667
1541921400,0.007466667
1541921700,0.007466667
1541922000,0.007466667
1541922300,0.007466667
1541922600,0.007466667
1541922900,0.007466667
1541923200,0.007466667
1541923500,0.007466667
1541923800,0.007466667
1541924100,0.007466667
1541924400,0.007466667
1541924700,0.007466667
1541925000,0.007466667
1541925300,0.007466667
1541925600,0.007466667
1541925900,0.007466667
1541926200,0.007466667
1541926500,0.007466667
1541926800,0.007466667
1541927100,0.007466667
1541927400,0.007466667
1541927700,0.007466667
1541928000,0.007466667
1541928300,0.007466667
1541928600,0.007466667
1541928900,0.007466667
1541929200,0.007466667
1541929500,0.007466667
1541929800,0.007466667
1541930100,0.007466667
1541930400,0.007466667
1541930700,0.007466667
1541931000,0.007466667
1541931300,0.007466667
1541931600,0.007466667
1541931900,0.007466667
1541932200,0.007466667
1541932500,0.007466667
1541932800,0.007466667
1541933100,0.007466667
1541933400,0.007466667
1541933700,0.007466667
1541934000,0.007466667
1541934300,0.007466667
1541934600,0.007466667
1541934900,0.007466667
1541935200,0.007466667
1541935500,0.007466667
1541935800,0.007466667
1541936100,0.007466667
1541936400,0.007466667
1541936700,0.007466667
1541937000,0.007466667
1541937300,0.007466667
1541937600,0.007466667
1541937900,0.007466667
1541938200,0.007466667
1541938500,0.007466667
1541938800,0.007466667
1541939100,0.007466667
1541939400,0.007466667
1541939700,0.007466667
1541940000,0.007466667
1541940300,0.007466667
1541940600,0.007466667
1541940900,0.007466667
1541941200,0.007466667
1541941500,0.007466667
1541941800,0.007466667
1541942100,0.007466667
1541942400,0.007466667
1541942700,0.007466667
1541943000,0.007466667
1541943300,0.007466667
1541943600,0.007466667
1541943900,0.007466667
1541944200,0.007466667
1541944500,0.007466667
1541944800,0.007466667
1541945100,0.007466667
1541945400,0.007466667
1541945700,0.007466667
1541946000,0.007466667
1541946300,0.007466667
1541946600,0.007466667
1541946900,0.007466667
1541947200,0.007466667
1541947500,0.007466667
1541947800,0.007466667
1541948100,0.007466667
1541948400,0.007466667
1541948700,0.007466667
1541949000,0.007466667
1541949300,0.007466667
1541949600,0.007466667
1541949900,0.007466667
1541950200,0.007466667
1541950500,0.007466667
1541950800,0.007466667
1541951100,0.007466667
1541951400,0.007466667
1541951700,0.007466667
1541952000,0.007466667
1541952300,0.007466667
1541952600,0.007466667
1541952900,0.007466667
1541953200,0.007466667
1541953500,0.007466667
1541953800,0.007466667
1541954100,0.007466667
1541954400,0.007466667
1541954700,0.007466667
1541955000,0.007466667
1541955300,0.007466667
1541955600,0.007466667
1541955900,0.007466667
1541956200,0.007466667
1541956500,0.007466667
1541956800,0.007466667
1541957100,0.007466667
1541957400,0.007466667
1541957700,0.007466667
1541958000,0.007466667
1541958300,0.007466667
1541958600,0.007466667
1541958900,0.007466667
1541959200,0.007466667
1541959500,0.007466667
1541959800,0.007466667
1541960100,0.007466667
1541960400,0.007466667
1541960700,0.007466667
1541961000,0.007466667
1541961300,0.007466667
1541961600,0.007466667
1541961900,0.007466667
1541962200,0.007466667
1541962500,0.007466667
1541962800,0.007466667
1541963100,0.007466667
1541963400,0.007466667
1541963700,0.007466667
1541964000,0.007466667
1541964300,0.007466667
1541964600,0.007466667
1541964900,0.007466667
1541965200,0.007466667
1541965500,0.007466667
1541965800,0.007466667
1541966100,0.007466667
1541966400,0.007466667
1541966700,0.007466667
1541967000,0.007466667
1541967300,0.007466667
1541967600,0.007466667
1541967900,0.007466667
1541968200,0.007466667
1541968500,0.007466667
1541968800,0.007466667
1541969100,0.007466667
1541969400,0.007466667
1541969700,0.007466667
1541970000,0.007466667
1541970300,0.007466667
1541970600,0.007466667
1541970900,0.007466667
1541971200,0.007466667
1541971500,0.007466667
1541971800,0.007466667
1541972100,0.007466667
1541972400,0.007466667
1541972700,0.007466667
1541973000,0.007466667
1541973300,0.007466667
1541973600,0.007466667
1541973900,0.007466667
1541974200,0.007466667
1541974500,0.007466667
1541974800,0.007466667
1541975100,0.007466667
1541975400,0.007466667
1541975700,0.007466667
1541976000,0.007466667
1541976300,0.007466667
1541976600,0.007466667
1541976900,0.007466667
1541977200,0.007466667
1541977500,0.007466667
1541977800,0.007466667
1541978100,0.007466667
1541978400,0.007466667
1541978700,0.007466667
1541979000,0.007466667
1541979300,0.007466667
1541979600,0.007466667
1541979900,0.007466667
1541980200,0.007466667
1541980500,0.007466667
1541980800,0.0384
1541981100,0.0384
1541981400,0.0384
1541981700,0.0384
1541982000,0.0384
1541982300,0.0384
1541982600,0.0384
1541982900,0.0384
1541983200,0.0384
1541983500,0.0384
1541983800,0.0384
1541984100,0.0384
1541984400,0.0384
1541984700,0.0384
1541985000,0.0384
1541985300,0.0384
1541985600,0.0384
1541985900,0.0384
1541986200,0.0384
1541986500,0.0384
1541986800,0.0384
1541987100,0.0384
1541987400,0.0384
1541987700,0.0384
1541988000,0.0384
1541988300,0.0384
1541988600,0.0384
1541988900,0.0384
1541989200,0.0384
1541989500,0.0384
1541989800,0.0384
1541990100,0.0384
1541990400,0.0384
1541990700,0.0384
1541991000,0.0384
1541991300,0.0384
1541991600,0.0384
1541991900,0.0384
1541992200,0.0384
1541992500,0.0384
1541992800,0.0384
1541993100,0.0384
1541993400,0.0384
1541993700,0.0384
1541994000,0.0384
1541994300,0.0384
1541994600,0.0384
1541994900,0.0384
1541995200,0.0384
1541995500,0.0384
1541995800,0.0384
1541996100,0.0384
1541996400,0.0384
1541996700,0.0384
1541997000,0.0384
1541997300,0.0384
1541997600,0.0384
1541997900,0.0384
1541998200,0.0384
1541998500,0.0384
1541998800,0.0384
1541999100,0.0384
1541999400,0.0384
1541999700,0.0384
1542000000,0.0384
1542000300,0.0384
1542000600,0.0384
1542000900,0.0384
1542001200,0.0384
1542001500,0.0384
1542001800,0.0384
1542002100,0.0384
1542002400,0.0384
1542002700,0.0384
1542003000,0.0384
1542003300,0.0384
1542003600,0.0384
1542003900,0.0384
1542004200,0.0384
1542004500,0.0384
1542004800,0.0384
1542005100,0.0384
1542005400,0.0384
1542005700,0.0384
1542006000,0.0384
1542006300,0.0384
1542006600,0.0384
1542006900,0.0384
1542007200,0.0384
1542007500,0.0384
1542007800,0.0384
1542008100,0.0384
1542008400,0.0384
1542008700,0.0384
1542009000,0.0384
1542009300,0.0384
1542009600,0.0384
1542009900,0.0384
1542010200,0.0384
1542010500,0.0384
1542010800,0.0384
1542011100,0.0384
1542011400,0.0384
1542011700,0.0384
1542012000,0.0384
1542012300,0.0384
1542012600,0.0384
1542012900,0.0384
1542013200,0.0384
1542013500,0.0384
1542013800,0.0384
1542014100,0.0384
1542014400,0.0384
1542014700,0.0384
1542015000,0.0384
1542015300,0.0384
1542015600,0.0384
1542015900,0.0384
1542016200,0.0384
1542016500,0.0384
1542016800,0.0384
1542017100,0.0384
1542017400,0.0384
1542017700,0.0384
1542018000,0.0384
1542018300,0.0384
1542018600,0.0384
1542018900,0.0384
1542019200,0.0384
1542019500,0.0384
1542019800,0.0384
1542020100,0.0384
1542020400,0.0384
1542020700,0.0384
1542021000,0.0384
1542021300,0.0384
1542021600,0.0384
1542021900,0.0384
1542022200,0.0384
1542022500,0.0384
1542022800,0.0384
1542023100,0.0384
1542023400,0.0384
1542023700,0.0384
1542024000,0.0384
1542024300,0.0384
1542024600,0.0384
1542024900,0.0384
1542025200,0.0384
1542025500,0.0384
1542025800,0.0384
1542026100,0.0384
1542026400,0.0384
1542026700,0.0384
1542027000,0.0384
1542027300,0.0384
1542027600,0.0384
1542027900,0.0384
1542028200,0.0384
1542028500,0.0384
1542028800,0.0384
1542029100,0.0384
1542029400,0.0384
1542029700,0.0384
1542030000,0.0384
1542030300,0.0384
1542030600,0.0384
1542030900,0.0384
1542031200,0.0384
1542031500,0.0384
1542031800,0.0384
1542032100,0.0384
1542032400,0.0384
1542032700,0.0384
1542033000,0.0384
1542033300,0.0384
1542033600,0.0384
1542033900,0.0384
1542034200,0.0384
1542034500,0.0384
1542034800,0.0384
1542035100,0.0384
1542035400,0.0384
1542035700,0.0384
1542036000,0.0384
1542036300,0.0384
1542036600,0.0384
1542036900,0.0384
1542037200,0.0384
1542037500,0.0384
1542037800,0.0384
1542038100,0.0384
1542038400,0.0384
1542038700,0.0384
1542039000,0.0384
1542039300,0.0384
1542039600,0.0384
1542039900,0.0384
1542040200,0.0384
1542040500,0.0384
1542040800,0.0384
1542041100,0.0384
1542041400,0.0384
1542041700,0.0384
1542042000,0.0384
1542042300,0.0384
1542042600,0.0384
1542042900,0.0384
1542043200,0.0384
1542043500,0.0384
1542043800,0.0384
1542044100,0.0384
1542044400,0.0384
1542044700,0.0384
1542045000,0.0384
1542045300,0.0384
1542045600,0.0384
1542045900,0.0384
1542046200,0.0384
1542046500,0.0384
1542046800,0.0384
1542047100,0.0384
1542047400,0.0384
1542047700,0.0384
1542048000,0.0384
1542048300,0.0384
1542048600,0.0384
1542048900,0.0384
1542049200,0.0384
1542049500,0.0384
1542049800,0.0384
1542050100,0.0384
1542050400,0.0384
1542050700,0.0384
1542051000,0.0384
1542051300,0.0384
1542051600,0.0384
1542051900,0.0384
1542052200,0.0384
1542052500,0.0384
1542052800,0.0384
1542053100,0.0384
1542053400,0.0384
1542053700,0.0384
1542054000,0.0384
1542054300,0.0384
1542054600,0.0384
1542054900,0.0384
1542055200,0.0384
1542055500,0.0384
1542055800,0.0384
1542056100,0.0384
1542056400,0.0384
1542056700,0.0384
1542057000,0.0384
1542057300,0.0384
1542057600,0.0384
1542057900,0.0384
1542058200,0.0384
1542058500,0.0384
1542058800,0.0384
1542059100,0.0384
1542059400,0.0384
1542059700,0.0384
1542060000,0.0384
1542060300,0.0384
1542060600,0.0384
1542060900,0.0384
1542061200,0.0384
1542061500,0.0384
1542061800,0.0384
1542062100,0.0384
1542062400,0.0384
1542062700,0.0384
1542063000,0.0384
1542063300,0.0384
1542063600,0.0384
1542063900,0.0384
1542064200,0.0384
1542064500,0.0384
1542064800,0.0384
1542065100,0.0384
1542065400,0.0384
1542065700,0.0384
1542066000,0.0384
1542066300,0.0384
1542066600,0.0384
1542066900,0.0384
1542067200,0.033066667
1542067500,0.033066667
1542067800,0.033066667
1542068100,0.033066667
1542068400,0.033066667
1542068700,0.033066667
1542069000,0.033066667
1542069300,0.033066667
1542069600,0.033066667
1542069900,0.033066667
1542070200,0.033066667
1542070500,0.033066667
1542070800,0.033066667
1542071100,0.033066667
1542071400,0.033066667
1542071700,0.033066667
1542072000,0.033066667
1542072300,0.033066667
1542072600,0.033066667
1542072900,0.033066667
1542073200,0.033066667
1542073500,0.033066667
1542073800,0.033066667
1542074100,0.033066667
1542074400,0.033066667
1542074700,0.033066667
1542075000,0.033066667
1542075300,0.033066667
1542075600,0.033066667
1542075900,0.033066667
1542076200,0.033066667
1542076500,0.033066667
1542076800,0.033066667
1542077100,0.033066667
1542077400,0.033066667
1542077700,0.033066667
1542078000,0.033066667
1542078300,0.033066667
1542078600,0.033066667
1542078900,0.033066667
1542079200,0.033066667
1542079500,0.033066667
1542079800,0.033066667
1542080100,0.033066667
1542080400,0.033066667
1542080700,0.033066667
1542081000,0.033066667
1542081300,0.033066667
1542081600,0.033066667
1542081900,0.033066667
1542082200,0.033066667
1542082500,0.033066667
1542082800,0.033066667
1542083100,0.033066667
1542083400,0.033066667
1542083700,0.033066667
1542084000,0.033066667
1542084300,0.033066667
1542084600,0.033066667
1542084900,0.033066667
1542085200,0.033066667
1542085500,0.033066667
1542085800,0.033066667
1542086100,0.033066667
1542086400,0.033066667
1542086700,0.033066667
1542087000,0.033066667
1542087300,0.033066667
1542087600,0.033066667
1542087900,0.033066667
1542088200,0.033066667
1542088500,0.033066667
1542088800,0.033066667
1542089100,0.033066667
1542089400,0.033066667
1542089700,0.033066667
1542090000,0.033066667
1542090300,0.033066667
1542090600,0.033066667
1542090900,0.033066667
1542091200,0.033066667
1542091500,0.033066667
1542091800,0.033066667
1542092100,0.033066667
1542092400,0.033066667
1542092700,0.033066667
1542093000,0.033066667
1542093300,0.033066667
1542093600,0.033066667
1542093900,0.033066667
1542094200,0.033066667
1542094500,0.033066667
1542094800,0.033066667
1542095100,0.033066667
1542095400,0.033066667
1542095700,0.033066667
1542096000,0.033066667
1542096300,0.033066667
1542096600,0.033066667
1542096900,0.033066667
1542097200,0.033066667
1542097500,0.033066667
1542097800,0.033066667
1542098100,0.033066667
1542098400,0.033066667
1542098700,0.033066667
1542099000,0.033066667
1542099300,0.033066667
1542099600,0.033066667
1542099900,0.033066667
1542100200,0.033066667
1542100500,0.033066667
1542100800,0.033066667
1542101100,0.033066667
1542101400,0.033066667
1542101700,0.033066667
1542102000,0.033066667
1542102300,0.033066667
1542102600,0.033066667
1542102900,0.033066667
1542103200,0.033066667
1542103500,0.033066667
1542103800,0.033066667
1542104100,0.033066667
1542104400,0.033066667
1542104700,0.033066667
1542105000,0.033066667
1542105300,0.033066667
1542105600,0.033066667
1542105900,0.033066667
1542106200,0.033066667
1542106500,0.033066667
1542106800,0.033066667
1542107100,0.033066667
1542107400,0.033066667
1542107700,0.033066667
1542108000,0.033066667
1542108300,0.033066667
1542108600,0.033066667
1542108900,0.033066667
1542109200,0.033066667
1542109500,0.033066667
1542109800,0.033066667
1542110100,0.033066667
1542110400,0.033066667
1542110700,0.033066667
1542111000,0.033066667
1542111300,0.033066667
1542111600,0.033066667
1542111900,0.033066667
1542112200,0.033066667
1542112500,0.033066667
1542112800,0.033066667
1542113100,0.033066667
1542113400,0.033066667
1542113700,0.033066667
1542114000,0.033066667
1542114300,0.033066667
1542114600,0.033066667
1542114900,0.033066667
1542115200,0.033066667
1542115500,0.033066667
1542115800,0.033066667
1542116100,0.033066667
1542116400,0.033066667
1542116700,0.033066667
1542117000,0.033066667
1542117300,0.033066667
1542117600,0.033066667
1542117900,0.033066667
1542118200,0.033066667
1542118500,0.033066667
1542118800,0.033066667
1542119100,0.033066667
1542119400,0.033066667
1542119700,0.033066667
1542120000,0.033066667
1542120300,0.033066667
1542120600,0.033066667
1542120900,0.033066667
1542121200,0.033066667
1542121500,0.033066667
1542121800,0.033066667
1542122100,0.033066667
1542122400,0.033066667
1542122700,0.033066667
1542123000,0.033066667
1542123300,0.033066667
1542123600,0.033066667
1542123900,0.033066667
1542124200,0.033066667
1542124500,0.033066667
1542124800,0.033066667
1542125100,0.033066667
1542125400,0.033066667
1542125700,0.033066667
1542126000,0.033066667
1542126300,0.033066667
1542126600,0.033066667
1542126900,0.033066667
1542127200,0.033066667
1542127500,0.033066667
1542127800,0.033066667
1542128100,0.033066667
1542128400,0.033066667
1542128700,0.033066667
1542129000,0.033066667
1542129300,0.033066667
1542129600,0.033066667
1542129900,0.033066667
1542130200,0.033066667
1542130500,0.033066667
1542130800,0.033066667
1542131100,0.033066667
1542131400,0.033066667
1542131700,0.033066667
1542132000,0.033066667
1542132300,0.033066667
1542132600,0.033066667
1542132900,0.033066667
1542133200,0.033066667
1542133500,0.033066667
1542133800,0.033066667
1542134100,0.033066667
1542134400,0.033066667
1542134700,0.033066667
1542135000,0.033066667
1542135300,0.033066667
1542135600,0.033066667
1542135900,0.033066667
1542136200,0.033066667
1542136500,0.033066667
1542136800,0.033066667
1542137100,0.033066667
1542137400,0.033066667
1542137700,0.033066667
1542138000,0.033066667
1542138300,0.033066667
1542138600,0.033066667
1542138900,0.033066667
1542139200,0.033066667
1542139500,0.033066667
1542139800,0.033066667
1542140100,0.033066667
1542140400,0.033066667
1542140700,0.033066667
1542141000,0.033066667
1542141300,0.033066667
1542141600,0.033066667
1542141900,0.033066667
1542142200,0.033066667
1542142500,0.033066667
1542142800,0.033066667
1542143100,0.033066667
1542143400,0.033066667
1542143700,0.033066667
1542144000,0.033066667
1542144300,0.033066667
1542144600,0.033066667
1542144900,0.033066667
1542145200,0.033066667
1542145500,0.033066667
1542145800,0.033066667
1542146100,0.033066667
1542146400,0.033066667
1542146700,0.033066667
1542147000,0.033066667
1542147300,0.033066667
1542147600,0.033066667
1542147900,0.033066667
1542148200,0.033066667
1542148500,0.033066667
1542148800,0.033066667
1542149100,0.033066667
1542149400,0.033066667
1542149700,0.033066667
1542150000,0.033066667
1542150300,0.033066667
1542150600,0.033066667
1542150900,0.033066667
1542151200,0.033066667
1542151500,0.033066667
1542151800,0.033066667
1542152100,0.033066667
1542152400,0.033066667
1542152700,0.033066667
1542153000,0.033066667
1542153300,0.033066667
1542153600,0.027733334
1542153900,0.027733334
1542154200,0.027733334
1542154500,0.027733334
1542154800,0.027733334
1542155100,0.027733334
1542155400,0.027733334
1542155700,0.027733334
1542156000,0.027733334
1542156300,0.027733334
1542156600,0.027733334
1542156900,0.027733334
1542157200,0.027733334
1542157500,0.027733334
1542157800,0.027733334
1542158100,0.027733334
1542158400,0.027733334
1542158700,0.027733334
1542159000,0.027733334
1542159300,0.027733334
1542159600,0.027733334
1542159900,0.027733334
1542160200,0.027733334
1542160500,0.027733334
1542160800,0.027733334
1542161100,0.027733334
1542161400,0.027733334
1542161700,0.027733334
1542162000,0.027733334
1542162300,0.027733334
1542162600,0.027733334
1542162900,0.027733334
1542163200,0.027733334
1542163500,0.027733334
1542163800,0.027733334
1542164100,0.027733334
1542164400,0.027733334
1542164700,0.027733334
1542165000,0.027733334
1542165300,0.027733334
1542165600,0.027733334
1542165900,0.027733334
1542166200,0.027733334
1542166500,0.027733334
1542166800,0.027733334
1542167100,0.027733334
1542167400,0.027733334
1542167700,0.027733334
1542168000,0.027733334
1542168300,0.027733334
1542168600,0.027733334
1542168900,0.027733334
1542169200,0.027733334
1542169500,0.027733334
1542169800,0.027733334
1542170100,0.027733334
1542170400,0.027733334
1542170700,0.027733334
1542171000,0.027733334
1542171300,0.027733334
1542171600,0.027733334
1542171900,0.027733334
1542172200,0.027733334
1542172500,0.027733334
1542172800,0.027733334
1542173100,0.027733334
1542173400,0.027733334
1542173700,0.027733334
1542174000,0.027733334
1542174300,0.027733334
1542174600,0.027733334
1542174900,0.027733334
1542175200,0.027733334
1542175500,0.027733334
1542175800,0.027733334
1542176100,0.027733334
1542176400,0.027733334
1542176700,0.027733334
1542177000,0.027733334
1542177300,0.027733334
1542177600,0.027733334
1542177900,0.027733334
1542178200,0.027733334
1542178500,0.027733334
1542178800,0.027733334
1542179100,0.027733334
1542179400,0.027733334
1542179700,0.027733334
1542180000,0.027733334
1542180300,0.027733334
1542180600,0.027733334
1542180900,0.027733334
1542181200,0.027733334
1542181500,0.027733334
1542181800,0.027733334
1542182100,0.027733334
1542182400,0.027733334
1542182700,0.027733334
1542183000,0.027733334
1542183300,0.027733334
1542183600,0.027733334
1542183900,0.027733334
1542184200,0.027733334
1542184500,0.027733334
1542184800,0.027733334
1542185100,0.027733334
1542185400,0.027733334
1542185700,0.027733334
1542186000,0.027733334
1542186300,0.027733334
1542186600,0.027733334
1542186900,0.027733334
1542187200,0.027733334
1542187500,0.027733334
1542187800,0.027733334
1542188100,0.027733334
1542188400,0.027733334
1542188700,0.027733334
1542189000,0.027733334
1542189300,0.027733334
1542189600,0.027733334
1542189900,0.027733334
1542190200,0.027733334
1542190500,0.027733334
1542190800,0.027733334
1542191100,0.027733334
1542191400,0.027733334
1542191700,0.027733334
1542192000,0.027733334
1542192300,0.027733334
1542192600,0.027733334
1542192900,0.027733334
1542193200,0.027733334
1542193500,0.027733334
1542193800,0.027733334
1542194100,0.027733334
1542194400,0.027733334
1542194700,0.027733334
1542195000,0.027733334
1542195300,0.027733334
1542195600,0.027733334
1542195900,0.027733334
1542196200,0.027733334
1542196500,0.027733334
1542196800,0.027733334
1542197100,0.027733334
1542197400,0.027733334
1542197700,0.027733334
1542198000,0.027733334
1542198300,0.027733334
1542198600,0.027733334
1542198900,0.027733334
1542199200,0.027733334
1542199500,0.027733334
1542199800,0.027733334
1542200100,0.027733334
1542200400,0.027733334
1542200700,0.027733334
1542201000,0.027733334
1542201300,0.027733334
1542201600,0.027733334
1542201900,0.027733334
1542202200,0.027733334
1542202500,0.027733334
1542202800,0.027733334
1542203100,0.027733334
1542203400,0.027733334
1542203700,0.027733334
1542204000,0.027733334
1542204300,0.027733334
1542204600,0.027733334
1542204900,0.027733334
1542205200,0.027733334
1542205500,0.027733334
1542205800,0.027733334
1542206100,0.027733334
1542206400,0.027733334
1542206700,0.027733334
1542207000,0.027733334
1542207300,0.027733334
1542207600,0.027733334
1542207900,0.027733334
1542208200,0.027733334
1542208500,0.027733334
1542208800,0.027733334
1542209100,0.027733334
1542209400,0.027733334
1542209700,0.027733334
1542210000,0.027733334
1542210300,0.027733334
1542210600,0.027733334
1542210900,0.027733334
1542211200,0.027733334
1542211500,0.027733334
1542211800,0.027733334
1542212100,0.027733334
1542212400,0.027733334
1542212700,0.027733334
1542213000,0.027733334
1542213300,0.027733334
1542213600,0.027733334
1542213900,0.027733334
1542214200,0.027733334
1542214500,0.027733334
1542214800,0.027733334
1542215100,0.027733334
1542215400,0.027733334
1542215700,0.027733334
1542216000,0.027733334
1542216300,0.027733334
1542216600,0.027733334
1542216900,0.027733334
1542217200,0.027733334
1542217500,0.027733334
1542217800,0.027733334
1542218100,0.027733334
1542218400,0.027733334
1542218700,0.027733334
1542219000,0.027733334
1542219300,0.027733334
1542219600,0.027733334
1542219900,0.027733334
1542220200,0.027733334
1542220500,0.027733334
1542220800,0.027733334
1542221100,0.027733334
1542221400,0.027733334
1542221700,0.027733334
1542222000,0.027733334
1542222300,0.027733334
1542222600,0.027733334
1542222900,0.027733334
1542223200,0.027733334
1542223500,0.027733334
1542223800,0.027733334
1542224100,0.027733334
1542224400,0.027733334
1542224700,0.027733334
1542225000,0.027733334
1542225300,0.027733334
1542225600,0.027733334
1542225900,0.027733334
1542226200,0.027733334
1542226500,0.027733334
1542226800,0.027733334
1542227100,0.027733334
1542227400,0.027733334
1542227700,0.027733334
1542228000,0.027733334
1542228300,0.027733334
1542228600,0.027733334
1542228900,0.027733334
1542229200,0.027733334
1542229500,0.027733334
1542229800,0.027733334
1542230100,0.027733334
1542230400,0.027733334
1542230700,0.027733334
1542231000,0.027733334
1542231300,0.027733334
1542231600,0.027733334
1542231900,0.027733334
1542232200,0.027733334
1542232500,0.027733334
1542232800,0.027733334
1542233100,0.027733334
1542233400,0.027733334
1542233700,0.027733334
1542234000,0.027733334
1542234300,0.027733334
1542234600,0.027733334
1542234900,0.027733334
1542235200,0.027733334
1542235500,0.027733334
1542235800,0.027733334
1542236100,0.027733334
1542236400,0.027733334
1542236700,0.027733334
1542237000,0.027733334
1542237300,0.027733334
1542237600,0.027733334
1542237900,0.027733334
1542238200,0.027733334
1542238500,0.027733334
1542238800,0.027733334
1542239100,0.027733334
1542239400,0.027733334
1542239700,0.027733334
1542240000,0.029866666
1542240300,0.029866666
1542240600,0.029866666
1542240900,0.029866666
1542241200,0.029866666
1542241500,0.029866666
1542241800,0.029866666
1542242100,0.029866666
1542242400,0.029866666
1542242700,0.029866666
1542243000,0.029866666
1542243300,0.029866666
1542243600,0.029866666
1542243900,0.029866666
1542244200,0.029866666
1542244500,0.029866666
1542244800,0.029866666
1542245100,0.029866666
1542245400,0.029866666
1542245700,0.029866666
1542246000,0.029866666
1542246300,0.029866666
1542246600,0.029866666
1542246900,0.029866666
1542247200,0.029866666
1542247500,0.029866666
1542247800,0.029866666
1542248100,0.029866666
1542248400,0.029866666
1542248700,0.029866666
1542249000,0.029866666
1542249300,0.029866666
1542249600,0.029866666
1542249900,0.029866666
1542250200,0.029866666
1542250500,0.029866666
1542250800,0.029866666
1542251100,0.029866666
1542251400,0.029866666
1542251700,0.029866666
1542252000,0.029866666
1542252300,0.029866666
1542252600,0.029866666
1542252900,0.029866666
1542253200,0.029866666
1542253500,0.029866666
1542253800,0.029866666
1542254100,0.029866666
1542254400,0.029866666
1542254700,0.029866666
1542255000,0.029866666
1542255300,0.029866666
1542255600,0.029866666
1542255900,0.029866666
1542256200,0.029866666
1542256500,0.029866666
1542256800,0.029866666
1542257100,0.029866666
1542257400,0.029866666
1542257700,0.029866666
1542258000,0.029866666
1542258300,0.029866666
1542258600,0.029866666
1542258900,0.029866666
1542259200,0.029866666
1542259500,0.029866666
1542259800,0.029866666
1542260100,0.029866666
1542260400,0.029866666
1542260700,0.029866666
1542261000,0.029866666
1542261300,0.029866666
1542261600,0.029866666
1542261900,0.029866666
1542262200,0.029866666
1542262500,0.029866666
1542262800,0.029866666
1542263100,0.029866666
1542263400,0.029866666
1542263700,0.029866666
1542264000,0.029866666
1542264300,0.029866666
1542264600,0.029866666
1542264900,0.029866666
1542265200,0.029866666
1542265500,0.029866666
1542265800,0.029866666
1542266100,0.029866666
1542266400,0.029866666
1542266700,0.029866666
1542267000,0.029866666
1542267300,0.029866666
1542267600,0.029866666
1542267900,0.029866666
1542268200,0.029866666
1542268500,0.029866666
1542268800,0.029866666
1542269100,0.029866666
1542269400,0.029866666
1542269700,0.029866666
1542270000,0.029866666
1542270300,0.029866666
1542270600,0.029866666
1542270900,0.029866666
1542271200,0.029866666
1542271500,0.029866666
1542271800,0.029866666
1542272100,0.029866666
1542272400,0.029866666
1542272700,0.029866666
1542273000,0.029866666
1542273300,0.029866666
1542273600,0.029866666
1542273900,0.029866666
1542274200,0.029866666
1542274500,0.029866666
1542274800,0.029866666
1542275100,0.029866666
1542275400,0.029866666
1542275700,0.029866666
1542276000,0.029866666
1542276300,0.029866666
1542276600,0.029866666
1542276900,0.029866666
1542277200,0.029866666
1542277500,0.029866666
1542277800,0.029866666
1542278100,0.029866666
1542278400,0.029866666
1542278700,0.029866666
1542279000,0.029866666
1542279300,0.029866666
1542279600,0.029866666
1542279900,0.029866666
1542280200,0.029866666
1542280500,0.029866666
1542280800,0.029866666
1542281100,0.029866666
1542281400,0.029866666
1542281700,0.029866666
1542282000,0.029866666
1542282300,0.029866666
1542282600,0.029866666
1542282900,0.029866666
1542283200,0.029866666
1542283500,0.029866666
1542283800,0.029866666
1542284100,0.029866666
1542284400,0.029866666
1542284700,0.029866666
1542285000,0.029866666
1542285300,0.029866666
1542285600,0.029866666
1542285900,0.029866666
1542286200,0.029866666
1542286500,0.029866666
1542286800,0.029866666
1542287100,0.029866666
1542287400,0.029866666
1542287700,0.029866666
1542288000,0.029866666
1542288300,0.029866666
1542288600,0.029866666
1542288900,0.029866666
1542289200,0.029866666
1542289500,0.029866666
1542289800,0.029866666
1542290100,0.029866666
1542290400,0.029866666
1542290700,0.029866666
1542291000,0.029866666
1542291300,0.029866666
1542291600,0.029866666
1542291900,0.029866666
1542292200,0.029866666
1542292500,0.029866666
1542292800,0.029866666
1542293100,0.029866666
1542293400,0.029866666
1542293700,0.029866666
1542294000,0.029866666
1542294300,0.029866666
1542294600,0.029866666
1542294900,0.029866666
1542295200,0.029866666
1542295500,0.029866666
1542295800,0.029866666
1542296100,0.029866666
1542296400,0.029866666
1542296700,0.029866666
1542297000,0.029866666
1542297300,0.029866666
1542297600,0.029866666
1542297900,0.029866666
1542298200,0.029866666
1542298500,0.029866666
1542298800,0.029866666
1542299100,0.029866666
1542299400,0.029866666
1542299700,0.029866666
1542300000,0.029866666
1542300300,0.029866666
1542300600,0.029866666
1542300900,0.029866666
1542301200,0.029866666
1542301500,0.029866666
1542301800,0.029866666
1542302100,0.029866666
1542302400,0.029866666
1542302700,0.029866666
1542303000,0.029866666
1542303300,0.029866666
1542303600,0.029866666
1542303900,0.029866666
1542304200,0.029866666
1542304500,0.029866666
1542304800,0.029866666
1542305100,0.029866666
1542305400,0.029866666
1542305700,0.029866666
1542306000,0.029866666
1542306300,0.029866666
1542306600,0.029866666
1542306900,0.029866666
1542307200,0.029866666
1542307500,0.029866666
1542307800,0.029866666
1542308100,0.029866666
1542308400,0.029866666
1542308700,0.029866666
1542309000,0.029866666
1542309300,0.029866666
1542309600,0.029866666
1542309900,0.029866666
1542310200,0.029866666
1542310500,0.029866666
1542310800,0.029866666
1542311100,0.029866666
1542311400,0.029866666
1542311700,0.029866666
1542312000,0.029866666
1542312300,0.029866666
1542312600,0.029866666
1542312900,0.029866666
1542313200,0.029866666
1542313500,0.029866666
1542313800,0.029866666
1542314100,0.029866666
1542314400,0.029866666
1542314700,0.029866666
1542315000,0.029866666
1542315300,0.029866666
1542315600,0.029866666
1542315900,0.029866666
1542316200,0.029866666
1542316500,0.029866666
1542316800,0.029866666
1542317100,0.029866666
1542317400,0.029866666
1542317700,0.029866666
1542318000,0.029866666
1542318300,0.029866666
1542318600,0.029866666
1542318900,0.029866666
1542319200,0.029866666
1542319500,0.029866666
1542319800,0.029866666
1542320100,0.029866666
1542320400,0.029866666
1542320700,0.029866666
1542321000,0.029866666
1542321300,0.029866666
1542321600,0.029866666
1542321900,0.029866666
1542322200,0.029866666
1542322500,0.029866666
1542322800,0.029866666
1542323100,0.029866666
1542323400,0.029866666
1542323700,0.029866666
1542324000,0.029866666
1542324300,0.029866666
1542324600,0.029866666
1542324900,0.029866666
1542325200,0.029866666
1542325500,0.029866666
1542325800,0.029866666
1542326100,0.029866666
1542326400,0.034133333
1542326700,0.034133333
1542327000,0.034133333
1542327300,0.034133333
1542327600,0.034133333
1542327900,0.034133333
1542328200,0.034133333
1542328500,0.034133333
1542328800,0.034133333
1542329100,0.034133333
1542329400,0.034133333
1542329700,0.034133333
1542330000,0.034133333
1542330300,0.034133333
1542330600,0.034133333
1542330900,0.034133333
1542331200,0.034133333
1542331500,0.034133333
1542331800,0.034133333
1542332100,0.034133333
1542332400,0.034133333
1542332700,0.034133333
1542333000,0.034133333
1542333300,0.034133333
1542333600,0.034133333
1542333900,0.034133333
1542334200,0.034133333
1542334500,0.034133333
1542334800,0.034133333
1542335100,0.034133333
1542335400,0.034133333
1542335700,0.034133333
1542336000,0.034133333
1542336300,0.034133333
1542336600,0.034133333
1542336900,0.034133333
1542337200,0.034133333
1542337500,0.034133333
1542337800,0.034133333
1542338100,0.034133333
1542338400,0.034133333
1542338700,0.034133333
1542339000,0.034133333
1542339300,0.034133333
1542339600,0.034133333
1542339900,0.034133333
1542340200,0.034133333
1542340500,0.034133333
1542340800,0.034133333
1542341100,0.034133333
1542341400,0.034133333
1542341700,0.034133333
1542342000,0.034133333
1542342300,0.034133333
1542342600,0.034133333
1542342900,0.034133333
1542343200,0.034133333
1542343500,0.034133333
1542343800,0.034133333
1542344100,0.034133333
1542344400,0.034133333
1542344700,0.034133333
1542345000,0.034133333
1542345300,0.034133333
1542345600,0.034133333
1542345900,0.034133333
1542346200,0.034133333
1542346500,0.034133333
1542346800,0.034133333
1542347100,0.034133333
1542347400,0.034133333
1542347700,0.034133333
1542348000,0.034133333
1542348300,0.034133333
1542348600,0.034133333
1542348900,0.034133333
1542349200,0.034133333
1542349500,0.034133333
1542349800,0.034133333
1542350100,0.034133333
1542350400,0.034133333
1542350700,0.034133333
1542351000,0.034133333
1542351300,0.034133333
1542351600,0.034133333
1542351900,0.034133333
1542352200,0.034133333
1542352500,0.034133333
1542352800,0.034133333
1542353100,0.034133333
1542353400,0.034133333
1542353700,0.034133333
1542354000,0.034133333
1542354300,0.034133333
1542354600,0.034133333
1542354900,0.034133333
1542355200,0.034133333
1542355500,0.034133333
1542355800,0.034133333
1542356100,0.034133333
1542356400,0.034133333
1542356700,0.034133333
1542357000,0.034133333
1542357300,0.034133333
1542357600,0.034133333
1542357900,0.034133333
1542358200,0.034133333
1542358500,0.034133333
1542358800,0.034133333
1542359100,0.034133333
1542359400,0.034133333
1542359700,0.034133333
1542360000,0.034133333
1542360300,0.034133333
1542360600,0.034133333
1542360900,0.034133333
1542361200,0.034133333
1542361500,0.034133333
1542361800,0.034133333
1542362100,0.034133333
1542362400,0.034133333
1542362700,0.034133333
1542363000,0.034133333
1542363300,0.034133333
1542363600,0.034133333
1542363900,0.034133333
1542364200,0.034133333
1542364500,0.034133333
1542364800,0.034133333
1542365100,0.034133333
1542365400,0.034133333
1542365700,0.034133333
1542366000,0.034133333
1542366300,0.034133333
1542366600,0.034133333
1542366900,0.034133333
1542367200,0.034133333
1542367500,0.034133333
1542367800,0.034133333
1542368100,0.034133333
1542368400,0.034133333
1542368700,0.034133333
1542369000,0.034133333
1542369300,0.034133333
1542369600,0.034133333
1542369900,0.034133333
1542370200,0.034133333
1542370500,0.034133333
1542370800,0.034133333
1542371100,0.034133333
1542371400,0.034133333
1542371700,0.034133333
1542372000,0.034133333
1542372300,0.034133333
1542372600,0.034133333
1542372900,0.034133333
1542373200,0.034133333
1542373500,0.034133333
1542373800,0.034133333
1542374100,0.034133333
1542374400,0.034133333
1542374700,0.034133333
1542375000,0.034133333
1542375300,0.034133333
1542375600,0.034133333
1542375900,0.034133333
1542376200,0.034133333
1542376500,0.034133333
1542376800,0.034133333
1542377100,0.034133333
1542377400,0.034133333
1542377700,0.034133333
1542378000,0.034133333
1542378300,0.034133333
1542378600,0.034133333
1542378900,0.034133333
1542379200,0.034133333
1542379500,0.034133333
1542379800,0.034133333
1542380100,0.034133333
1542380400,0.034133333
1542380700,0.034133333
1542381000,0.034133333
1542381300,0.034133333
1542381600,0.034133333
1542381900,0.034133333
1542382200,0.034133333
1542382500,0.034133333
1542382800,0.034133333
1542383100,0.034133333
1542383400,0.034133333
1542383700,0.034133333
1542384000,0.034133333
1542384300,0.034133333
1542384600,0.034133333
1542384900,0.034133333
1542385200,0.034133333
1542385500,0.034133333
1542385800,0.034133333
1542386100,0.034133333
1542386400,0.034133333
1542386700,0.034133333
1542387000,0.034133333
1542387300,0.034133333
1542387600,0.034133333
1542387900,0.034133333
1542388200,0.034133333
1542388500,0.034133333
1542388800,0.034133333
1542389100,0.034133333
1542389400,0.034133333
1542389700,0.034133333
1542390000,0.034133333
1542390300,0.034133333
1542390600,0.034133333
1542390900,0.034133333
1542391200,0.034133333
1542391500,0.034133333
1542391800,0.034133333
1542392100,0.034133333
1542392400,0.034133333
1542392700,0.034133333
1542393000,0.034133333
1542393300,0.034133333
1542393600,0.034133333
1542393900,0.034133333
1542394200,0.034133333
1542394500,0.034133333
1542394800,0.034133333
1542395100,0.034133333
1542395400,0.034133333
1542395700,0.034133333
1542396000,0.034133333
1542396300,0.034133333
1542396600,0.034133333
1542396900,0.034133333
1542397200,0.034133333
1542397500,0.034133333
1542397800,0.034133333
1542398100,0.034133333
1542398400,0.034133333
1542398700,0.034133333
1542399000,0.034133333
1542399300,0.034133333
1542399600,0.034133333
1542399900,0.034133333
1542400200,0.034133333
1542400500,0.034133333
1542400800,0.034133333
1542401100,0.034133333
1542401400,0.034133333
1542401700,0.034133333
1542402000,0.034133333
1542402300,0.034133333
1542402600,0.034133333
1542402900,0.034133333
1542403200,0.034133333
1542403500,0.034133333
1542403800,0.034133333
1542404100,0.034133333
1542404400,0.034133333
1542404700,0.034133333
1542405000,0.034133333
1542405300,0.034133333
1542405600,0.034133333
1542405900,0.034133333
1542406200,0.034133333
1542406500,0.034133333
1542406800,0.034133333
1542407100,0.034133333
1542407400,0.034133333
1542407700,0.034133333
1542408000,0.034133333
1542408300,0.034133333
1542408600,0.034133333
1542408900,0.034133333
1542409200,0.034133333
1542409500,0.034133333
1542409800,0.034133333
1542410100,0.034133333
1542410400,0.034133333
1542410700,0.034133333
1542411000,0.034133333
1542411300,0.034133333
1542411600,0.034133333
1542411900,0.034133333
1542412200,0.034133333
1542412500,0.034133333
1542412800,0.029333333
1542413100,0.029333333
1542413400,0.029333333
1542413700,0.029333333
1542414000,0.029333333
1542414300,0.029333333
1542414600,0.029333333
1542414900,0.029333333
1542415200,0.029333333
1542415500,0.029333333
1542415800,0.029333333
1542416100,0.029333333
1542416400,0.029333333
1542416700,0.029333333
1542417000,0.029333333
1542417300,0.029333333
1542417600,0.029333333
1542417900,0.029333333
1542418200,0.029333333
1542418500,0.029333333
1542418800,0.029333333
1542419100,0.029333333
1542419400,0.029333333
1542419700,0.029333333
1542420000,0.029333333
1542420300,0.029333333
1542420600,0.029333333
1542420900,0.029333333
1542421200,0.029333333
1542421500,0.029333333
1542421800,0.029333333
1542422100,0.029333333
1542422400,0.029333333
1542422700,0.029333333
1542423000,0.029333333
1542423300,0.029333333
1542423600,0.029333333
1542423900,0.029333333
1542424200,0.029333333
1542424500,0.029333333
1542424800,0.029333333
1542425100,0.029333333
1542425400,0.029333333
1542425700,0.029333333
1542426000,0.029333333
1542426300,0.029333333
1542426600,0.029333333
1542426900,0.029333333
1542427200,0.029333333
1542427500,0.029333333
1542427800,0.029333333
1542428100,0.029333333
1542428400,0.029333333
1542428700,0.029333333
1542429000,0.029333333
1542429300,0.029333333
1542429600,0.029333333
1542429900,0.029333333
1542430200,0.029333333
1542430500,0.029333333
1542430800,0.029333333
1542431100,0.029333333
1542431400,0.029333333
1542431700,0.029333333
1542432000,0.029333333
1542432300,0.029333333
1542432600,0.029333333
1542432900,0.029333333
1542433200,0.029333333
1542433500,0.029333333
1542433800,0.029333333
1542434100,0.029333333
1542434400,0.029333333
1542434700,0.029333333
1542435000,0.029333333
1542435300,0.029333333
1542435600,0.029333333
1542435900,0.029333333
1542436200,0.029333333
1542436500,0.029333333
1542436800,0.029333333
1542437100,0.029333333
1542437400,0.029333333
1542437700,0.029333333
1542438000,0.029333333
1542438300,0.029333333
1542438600,0.029333333
1542438900,0.029333333
1542439200,0.029333333
1542439500,0.029333333
1542439800,0.029333333
1542440100,0.029333333
1542440400,0.029333333
1542440700,0.029333333
1542441000,0.029333333
1542441300,0.029333333
1542441600,0.029333333
1542441900,0.029333333
1542442200,0.029333333
1542442500,0.029333333
1542442800,0.029333333
1542443100,0.029333333
1542443400,0.029333333
1542443700,0.029333333
1542444000,0.029333333
1542444300,0.029333333
1542444600,0.029333333
1542444900,0.029333333
1542445200,0.029333333
1542445500,0.029333333
1542445800,0.029333333
1542446100,0.029333333
1542446400,0.029333333
1542446700,0.029333333
1542447000,0.029333333
1542447300,0.029333333
1542447600,0.029333333
1542447900,0.029333333
1542448200,0.029333333
1542448500,0.029333333
1542448800,0.029333333
1542449100,0.029333333
1542449400,0.029333333
1542449700,0.029333333
1542450000,0.029333333
1542450300,0.029333333
1542450600,0.029333333
1542450900,0.029333333
1542451200,0.029333333
1542451500,0.029333333
1542451800,0.029333333
1542452100,0.029333333
1542452400,0.029333333
1542452700,0.029333333
1542453000,0.029333333
1542453300,0.029333333
1542453600,0.029333333
1542453900,0.029333333
1542454200,0.029333333
1542454500,0.029333333
1542454800,0.029333333
1542455100,0.029333333
1542455400,0.029333333
1542455700,0.029333333
1542456000,0.029333333
1542456300,0.029333333
1542456600,0.029333333
1542456900,0.029333333
1542457200,0.029333333
1542457500,0.029333333
1542457800,0.029333333
1542458100,0.029333333
1542458400,0.029333333
1542458700,0.029333333
1542459000,0.029333333
1542459300,0.029333333
1542459600,0.029333333
1542459900,0.029333333
1542460200,0.029333333
1542460500,0.029333333
1542460800,0.029333333
1542461100,0.029333333
1542461400,0.029333333
1542461700,0.029333333
1542462000,0.029333333
1542462300,0.029333333
1542462600,0.029333333
1542462900,0.029333333
1542463200,0.029333333
1542463500,0.029333333
1542463800,0.029333333
1542464100,0.029333333
1542464400,0.029333333
1542464700,0.029333333
1542465000,0.029333333
1542465300,0.029333333
1542465600,0.029333333
1542465900,0.029333333
1542466200,0.029333333
1542466500,0.029333333
1542466800,0.029333333
1542467100,0.029333333
1542467400,0.029333333
1542467700,0.029333333
1542468000,0.029333333
1542468300,0.029333333
1542468600,0.029333333
1542468900,0.029333333
1542469200,0.029333333
1542469500,0.029333333
1542469800,0.029333333
1542470100,0.029333333
1542470400,0.029333333
1542470700,0.029333333
1542471000,0.029333333
1542471300,0.029333333
1542471600,0.029333333
1542471900,0.029333333
1542472200,0.029333333
1542472500,0.029333333
1542472800,0.029333333
1542473100,0.029333333
1542473400,0.029333333
1542473700,0.029333333
1542474000,0.029333333
1542474300,0.029333333
1542474600,0.029333333
1542474900,0.029333333
1542475200,0.029333333
1542475500,0.029333333
1542475800,0.029333333
1542476100,0.029333333
1542476400,0.029333333
1542476700,0.029333333
1542477000,0.029333333
1542477300,0.029333333
1542477600,0.029333333
1542477900,0.029333333
1542478200,0.029333333
1542478500,0.029333333
1542478800,0.029333333
1542479100,0.029333333
1542479400,0.029333333
1542479700,0.029333333
1542480000,0.029333333
1542480300,0.029333333
1542480600,0.029333333
1542480900,0.029333333
1542481200,0.029333333
1542481500,0.029333333
1542481800,0.029333333
1542482100,0.029333333
1542482400,0.029333333
1542482700,0.029333333
1542483000,0.029333333
1542483300,0.029333333
1542483600,0.029333333
1542483900,0.029333333
1542484200,0.029333333
1542484500,0.029333333
1542484800,0.029333333
1542485100,0.029333333
1542485400,0.029333333
1542485700,0.029333333
1542486000,0.029333333
1542486300,0.029333333
1542486600,0.029333333
1542486900,0.029333333
1542487200,0.029333333
1542487500,0.029333333
1542487800,0.029333333
1542488100,0.029333333
1542488400,0.029333333
1542488700,0.029333333
1542489000,0.029333333
1542489300,0.029333333
1542489600,0.029333333
1542489900,0.029333333
1542490200,0.029333333
1542490500,0.029333333
1542490800,0.029333333
1542491100,0.029333333
1542491400,0.029333333
1542491700,0.029333333
1542492000,0.029333333
1542492300,0.029333333
1542492600,0.029333333
1542492900,0.029333333
1542493200,0.029333333
1542493500,0.029333333
1542493800,0.029333333
1542494100,0.029333333
1542494400,0.029333333
1542494700,0.029333333
1542495000,0.029333333
1542495300,0.029333333
1542495600,0.029333333
1542495900,0.029333333
1542496200,0.029333333
1542496500,0.029333333
1542496800,0.029333333
1542497100,0.029333333
1542497400,0.029333333
1542497700,0.029333333
1542498000,0.029333333
1542498300,0.029333333
1542498600,0.029333333
1542498900,0.029333333
1542499200,0.029866667
1542499500,0.029866667
1542499800,0.029866667
1542500100,0.029866667
1542500400,0.029866667
1542500700,0.029866667
1542501000,0.029866667
1542501300,0.029866667
1542501600,0.029866667
1542501900,0.029866667
1542502200,0.029866667
1542502500,0.029866667
1542502800,0.029866667
1542503100,0.029866667
1542503400,0.029866667
1542503700,0.029866667
1542504000,0.029866667
1542504300,0.029866667
1542504600,0.029866667
1542504900,0.029866667
1542505200,0.029866667
1542505500,0.029866667
1542505800,0.029866667
1542506100,0.029866667
1542506400,0.029866667
1542506700,0.029866667
1542507000,0.029866667
1542507300,0.029866667
1542507600,0.029866667
1542507900,0.029866667
1542508200,0.029866667
1542508500,0.029866667
1542508800,0.029866667
1542509100,0.029866667
1542509400,0.029866667
1542509700,0.029866667
1542510000,0.029866667
1542510300,0.029866667
1542510600,0.029866667
1542510900,0.029866667
1542511200,0.029866667
1542511500,0.029866667
1542511800,0.029866667
1542512100,0.029866667
1542512400,0.029866667
1542512700,0.029866667
1542513000,0.029866667
1542513300,0.029866667
1542513600,0.029866667
1542513900,0.029866667
1542514200,0.029866667
1542514500,0.029866667
1542514800,0.029866667
1542515100,0.029866667
1542515400,0.029866667
1542515700,0.029866667
1542516000,0.029866667
1542516300,0.029866667
1542516600,0.029866667
1542516900,0.029866667
1542517200,0.029866667
1542517500,0.029866667
1542517800,0.029866667
1542518100,0.029866667
1542518400,0.029866667
1542518700,0.029866667
1542519000,0.029866667
1542519300,0.029866667
1542519600,0.029866667
1542519900,0.029866667
1542520200,0.029866667
1542520500,0.029866667
1542520800,0.029866667
1542521100,0.029866667
1542521400,0.029866667
1542521700,0.029866667
1542522000,0.029866667
1542522300,0.029866667
1542522600,0.029866667
1542522900,0.029866667
1542523200,0.029866667
1542523500,0.029866667
1542523800,0.029866667
1542524100,0.029866667
1542524400,0.029866667
1542524700,0.029866667
1542525000,0.029866667
1542525300,0.029866667
1542525600,0.029866667
1542525900,0.029866667
1542526200,0.029866667
1542526500,0.029866667
1542526800,0.029866667
1542527100,0.029866667
1542527400,0.029866667
1542527700,0.029866667
1542528000,0.029866667
1542528300,0.029866667
1542528600,0.029866667
1542528900,0.029866667
1542529200,0.029866667
1542529500,0.029866667
1542529800,0.029866667
1542530100,0.029866667
1542530400,0.029866667
1542530700,0.029866667
1542531000,0.029866667
1542531300,0.029866667
1542531600,0.029866667
1542531900,0.029866667
1542532200,0.029866667
1542532500,0.029866667
1542532800,0.029866667
1542533100,0.029866667
1542533400,0.029866667
1542533700,0.029866667
1542534000,0.029866667
1542534300,0.029866667
1542534600,0.029866667
1542534900,0.029866667
1542535200,0.029866667
1542535500,0.029866667
1542535800,0.029866667
1542536100,0.029866667
1542536400,0.029866667
1542536700,0.029866667
1542537000,0.029866667
1542537300,0.029866667
1542537600,0.029866667
1542537900,0.029866667
1542538200,0.029866667
1542538500,0.029866667
1542538800,0.029866667
1542539100,0.029866667
1542539400,0.029866667
1542539700,0.029866667
1542540000,0.029866667
1542540300,0.029866667
1542540600,0.029866667
1542540900,0.029866667
1542541200,0.029866667
1542541500,0.029866667
1542541800,0.029866667
1542542100,0.029866667
1542542400,0.029866667
1542542700,0.029866667
1542543000,0.029866667
1542543300,0.029866667
1542543600,0.029866667
1542543900,0.029866667
1542544200,0.029866667
1542544500,0.029866667
1542544800,0.029866667
1542545100,0.029866667
1542545400,0.029866667
1542545700,0.029866667
1542546000,0.029866667
1542546300,0.029866667
1542546600,0.029866667
1542546900,0.029866667
1542547200,0.029866667
1542547500,0.029866667
1542547800,0.029866667
1542548100,0.029866667
1542548400,0.029866667
1542548700,0.029866667
1542549000,0.029866667
1542549300,0.029866667
1542549600,0.029866667
1542549900,0.029866667
1542550200,0.029866667
1542550500,0.029866667
1542550800,0.029866667
1542551100,0.029866667
1542551400,0.029866667
1542551700,0.029866667
1542552000,0.029866667
1542552300,0.029866667
1542552600,0.029866667
1542552900,0.029866667
1542553200,0.029866667
1542553500,0.029866667
1542553800,0.029866667
1542554100,0.029866667
1542554400,0.029866667
1542554700,0.029866667
1542555000,0.029866667
1542555300,0.029866667
1542555600,0.029866667
1542555900,0.029866667
1542556200,0.029866667
1542556500,0.029866667
1542556800,0.029866667
1542557100,0.029866667
1542557400,0.029866667
1542557700,0.029866667
1542558000,0.029866667
1542558300,0.029866667
1542558600,0.029866667
1542558900,0.029866667
1542559200,0.029866667
1542559500,0.029866667
1542559800,0.029866667
1542560100,0.029866667
1542560400,0.029866667
1542560700,0.029866667
1542561000,0.029866667
1542561300,0.029866667
1542561600,0.029866667
1542561900,0.029866667
1542562200,0.029866667
1542562500,0.029866667
1542562800,0.029866667
1542563100,0.029866667
1542563400,0.029866667
1542563700,0.029866667
1542564000,0.029866667
1542564300,0.029866667
1542564600,0.029866667
1542564900,0.029866667
1542565200,0.029866667
1542565500,0.029866667
1542565800,0.029866667
1542566100,0.029866667
1542566400,0.029866667
1542566700,0.029866667
1542567000,0.029866667
1542567300,0.029866667
1542567600,0.029866667
1542567900,0.029866667
1542568200,0.029866667
1542568500,0.029866667
1542568800,0.029866667
1542569100,0.029866667
1542569400,0.029866667
1542569700,0.029866667
1542570000,0.029866667
1542570300,0.029866667
1542570600,0.029866667
1542570900,0.029866667
1542571200,0.029866667
1542571500,0.029866667
1542571800,0.029866667
1542572100,0.029866667
1542572400,0.029866667
1542572700,0.029866667
1542573000,0.029866667
1542573300,0.029866667
1542573600,0.029866667
1542573900,0.029866667
1542574200,0.029866667
1542574500,0.029866667
1542574800,0.029866667
1542575100,0.029866667
1542575400,0.029866667
1542575700,0.029866667
1542576000,0.029866667
1542576300,0.029866667
1542576600,0.029866667
1542576900,0.029866667
1542577200,0.029866667
1542577500,0.029866667
1542577800,0.029866667
1542578100,0.029866667
1542578400,0.029866667
1542578700,0.029866667
1542579000,0.029866667
1542579300,0.029866667
1542579600,0.029866667
1542579900,0.029866667
1542580200,0.029866667
1542580500,0.029866667
1542580800,0.029866667
1542581100,0.029866667
1542581400,0.029866667
1542581700,0.029866667
1542582000,0.029866667
1542582300,0.029866667
1542582600,0.029866667
1542582900,0.029866667
1542583200,0.029866667
1542583500,0.029866667
1542583800,0.029866667
1542584100,0.029866667
1542584400,0.029866667
1542584700,0.029866667
1542585000,0.029866667
1542585300,0.029866667
1542585600,0.032
1542585900,0.032
1542586200,0.032
1542586500,0.032
1542586800,0.032
1542587100,0.032
1542587400,0.032
1542587700,0.032
1542588000,0.032
1542588300,0.032
1542588600,0.032
1542588900,0.032
1542589200,0.032
1542589500,0.032
1542589800,0.032
1542590100,0.032
1542590400,0.032
1542590700,0.032
1542591000,0.032
1542591300,0.032
1542591600,0.032
1542591900,0.032
1542592200,0.032
1542592500,0.032
1542592800,0.032
1542593100,0.032
1542593400,0.032
1542593700,0.032
1542594000,0.032
1542594300,0.032
1542594600,0.032
1542594900,0.032
1542595200,0.032
1542595500,0.032
1542595800,0.032
1542596100,0.032
1542596400,0.032
1542596700,0.032
1542597000,0.032
1542597300,0.032
1542597600,0.032
1542597900,0.032
1542598200,0.032
1542598500,0.032
1542598800,0.032
1542599100,0.032
1542599400,0.032
1542599700,0.032
1542600000,0.032
1542600300,0.032
1542600600,0.032
1542600900,0.032
1542601200,0.032
1542601500,0.032
1542601800,0.032
1542602100,0.032
1542602400,0.032
1542602700,0.032
1542603000,0.032
1542603300,0.032
1542603600,0.032
1542603900,0.032
1542604200,0.032
1542604500,0.032
1542604800,0.032
1542605100,0.032
1542605400,0.032
1542605700,0.032
1542606000,0.032
1542606300,0.032
1542606600,0.032
1542606900,0.032
1542607200,0.032
1542607500,0.032
1542607800,0.032
1542608100,0.032
1542608400,0.032
1542608700,0.032
1542609000,0.032
1542609300,0.032
1542609600,0.032
1542609900,0.032
1542610200,0.032
1542610500,0.032
1542610800,0.032
1542611100,0.032
1542611400,0.032
1542611700,0.032
1542612000,0.032
1542612300,0.032
1542612600,0.032
1542612900,0.032
1542613200,0.032
1542613500,0.032
1542613800,0.032
1542614100,0.032
1542614400,0.032
1542614700,0.032
1542615000,0.032
1542615300,0.032
1542615600,0.032
1542615900,0.032
1542616200,0.032
1542616500,0.032
1542616800,0.032
1542617100,0.032
1542617400,0.032
1542617700,0.032
1542618000,0.032
1542618300,0.032
1542618600,0.032
1542618900,0.032
1542619200,0.032
1542619500,0.032
1542619800,0.032
1542620100,0.032
1542620400,0.032
1542620700,0.032
1542621000,0.032
1542621300,0.032
1542621600,0.032
1542621900,0.032
1542622200,0.032
1542622500,0.032
1542622800,0.032
1542623100,0.032
1542623400,0.032
1542623700,0.032
1542624000,0.032
1542624300,0.032
1542624600,0.032
1542624900,0.032
1542625200,0.032
1542625500,0.032
1542625800,0.032
1542626100,0.032
1542626400,0.032
1542626700,0.032
1542627000,0.032
1542627300,0.032
1542627600,0.032
1542627900,0.032
1542628200,0.032
1542628500,0.032
1542628800,0.032
1542629100,0.032
1542629400,0.032
1542629700,0.032
1542630000,0.032
1542630300,0.032
1542630600,0.032
1542630900,0.032
1542631200,0.032
1542631500,0.032
1542631800,0.032
1542632100,0.032
1542632400,0.032
1542632700,0.032
1542633000,0.032
1542633300,0.032
1542633600,0.032
1542633900,0.032
1542634200,0.032
1542634500,0.032
1542634800,0.032
1542635100,0.032
1542635400,0.032
1542635700,0.032
1542636000,0.032
1542636300,0.032
1542636600,0.032
1542636900,0.032
1542637200,0.032
1542637500,0.032
1542637800,0.032
1542638100,0.032
1542638400,0.032
1542638700,0.032
1542639000,0.032
1542639300,0.032
1542639600,0.032
1542639900,0.032
1542640200,0.032
1542640500,0.032
1542640800,0.032
1542641100,0.032
1542641400,0.032
1542641700,0.032
1542642000,0.032
1542642300,0.032
1542642600,0.032
1542642900,0.032
1542643200,0.032
1542643500,0.032
1542643800,0.032
1542644100,0.032
1542644400,0.032
1542644700,0.032
1542645000,0.032
1542645300,0.032
1542645600,0.032
1542645900,0.032
1542646200,0.032
1542646500,0.032
1542646800,0.032
1542647100,0.032
1542647400,0.032
1542647700,0.032
1542648000,0.032
1542648300,0.032
1542648600,0.032
1542648900,0.032
1542649200,0.032
1542649500,0.032
1542649800,0.032
1542650100,0.032
1542650400,0.032
1542650700,0.032
1542651000,0.032
1542651300,0.032
1542651600,0.032
1542651900,0.032
1542652200,0.032
1542652500,0.032
1542652800,0.032
1542653100,0.032
1542653400,0.032
1542653700,0.032
1542654000,0.032
1542654300,0.032
1542654600,0.032
1542654900,0.032
1542655200,0.032
1542655500,0.032
1542655800,0.032
1542656100,0.032
1542656400,0.032
1542656700,0.032
1542657000,0.032
1542657300,0.032
1542657600,0.032
1542657900,0.032
1542658200,0.032
1542658500,0.032
1542658800,0.032
1542659100,0.032
1542659400,0.032
1542659700,0.032
1542660000,0.032
1542660300,0.032
1542660600,0.032
1542660900,0.032
1542661200,0.032
1542661500,0.032
1542661800,0.032
1542662100,0.032
1542662400,0.032
1542662700,0.032
1542663000,0.032
1542663300,0.032
1542663600,0.032
1542663900,0.032
1542664200,0.032
1542664500,0.032
1542664800,0.032
1542665100,0.032
1542665400,0.032
1542665700,0.032
1542666000,0.032
1542666300,0.032
1542666600,0.032
1542666900,0.032
1542667200,0.032
1542667500,0.032
1542667800,0.032
1542668100,0.032
1542668400,0.032
1542668700,0.032
1542669000,0.032
1542669300,0.032
1542669600,0.032
1542669900,0.032
1542670200,0.032
1542670500,0.032
1542670800,0.032
1542671100,0.032
1542671400,0.032
1542671700,0.032
1542672000,0.032
1542672300,0.032
1542672600,0.032
1542672900,0.032
1542673200,0.032
1542673500,0.032
1542673800,0.032
1542674100,0.032
1542674400,0.032
1542674700,0.032
1542675000,0.032
1542675300,0.032
1542675600,0.032
1542675900,0.032
1542676200,0.032
1542676500,0.032
1542676800,0.032
1542677100,0.032
1542677400,0.032
1542677700,0.032
1542678000,0.032
1542678300,0.032
1542678600,0.032
1542678900,0.032
1542679200,0.032
1542679500,0.032
1542679800,0.032
1542680100,0.032
1542680400,0.032
1542680700,0.032
1542681000,0.032
1542681300,0.032
1542681600,0.032
1542681900,0.032
1542682200,0.032
1542682500,0.032
1542682800,0.032
1542683100,0.032
1542683400,0.032
1542683700,0.032
1542684000,0.032
1542684300,0.032
1542684600,0.032
1542684900,0.032
1542685200,0.032
1542685500,0.032
1542685800,0.032
1542686100,0.032
1542686400,0.032
1542686700,0.032
1542687000,0.032
1542687300,0.032
1542687600,0.032
1542687900,0.032
1542688200,0.032
1542688500,0.032
1542688800,0.032
1542689100,0.032
1542689400,0.032
1542689700,0.032
1542690000,0.032
1542690300,0.032
1542690600,0.032
1542690900,0.032
1542691200,0.032
1542691500,0.032
1542691800,0.032
1542692100,0.032
1542692400,0.032
1542692700,0.032
1542693000,0.032
1542693300,0.032
1542693600,0.032
1542693900,0.032
1542694200,0.032
1542694500,0.032
1542694800,0.032
1542695100,0.032
1542695400,0.032
1542695700,0.032
1542696000,0.032
1542696300,0.032
1542696600,0.032
1542696900,0.032
1542697200,0.032
1542697500,0.032
1542697800,0.032
1542698100,0.032
1542698400,0.032
1542698700,0.032
1542699000,0.032
1542699300,0.032
1542699600,0.032
1542699900,0.032
1542700200,0.032
1542700500,0.032
1542700800,0.032
1542701100,0.032
1542701400,0.032
1542701700,0.032
1542702000,0.032
1542702300,0.032
1542702600,0.032
1542702900,0.032
1542703200,0.032
1542703500,0.032
1542703800,0.032
1542704100,0.032
1542704400,0.032
1542704700,0.032
1542705000,0.032
1542705300,0.032
1542705600,0.032
1542705900,0.032
1542706200,0.032
1542706500,0.032
1542706800,0.032
1542707100,0.032
1542707400,0.032
1542707700,0.032
1542708000,0.032
1542708300,0.032
1542708600,0.032
1542708900,0.032
1542709200,0.032
1542709500,0.032
1542709800,0.032
1542710100,0.032
1542710400,0.032
1542710700,0.032
1542711000,0.032
1542711300,0.032
1542711600,0.032
1542711900,0.032
1542712200,0.032
1542712500,0.032
1542712800,0.032
1542713100,0.032
1542713400,0.032
1542713700,0.032
1542714000,0.032
1542714300,0.032
1542714600,0.032
1542714900,0.032
1542715200,0.032
1542715500,0.032
1542715800,0.032
1542716100,0.032
1542716400,0.032
1542716700,0.032
1542717000,0.032
1542717300,0.032
1542717600,0.032
1542717900,0.032
1542718200,0.032
1542718500,0.032
1542718800,0.032
1542719100,0.032
1542719400,0.032
1542719700,0.032
1542720000,0.032
1542720300,0.032
1542720600,0.032
1542720900,0.032
1542721200,0.032
1542721500,0.032
1542721800,0.032
1542722100,0.032
1542722400,0.032
1542722700,0.032
1542723000,0.032
1542723300,0.032
1542723600,0.032
1542723900,0.032
1542724200,0.032
1542724500,0.032
1542724800,0.032
1542725100,0.032
1542725400,0.032
1542725700,0.032
1542726000,0.032
1542726300,0.032
1542726600,0.032
1542726900,0.032
1542727200,0.032
1542727500,0.032
1542727800,0.032
1542728100,0.032
1542728400,0.032
1542728700,0.032
1542729000,0.032
1542729300,0.032
1542729600,0.032
1542729900,0.032
1542730200,0.032
1542730500,0.032
1542730800,0.032
1542731100,0.032
1542731400,0.032
1542731700,0.032
1542732000,0.032
1542732300,0.032
1542732600,0.032
1542732900,0.032
1542733200,0.032
1542733500,0.032
1542733800,0.032
1542734100,0.032
1542734400,0.032
1542734700,0.032
1542735000,0.032
1542735300,0.032
1542735600,0.032
1542735900,0.032
1542736200,0.032
1542736500,0.032
1542736800,0.032
1542737100,0.032
1542737400,0.032
1542737700,0.032
1542738000,0.032
1542738300,0.032
1542738600,0.032
1542738900,0.032
1542739200,0.032
1542739500,0.032
1542739800,0.032
1542740100,0.032
1542740400,0.032
1542740700,0.032
1542741000,0.032
1542741300,0.032
1542741600,0.032
1542741900,0.032
1542742200,0.032
1542742500,0.032
1542742800,0.032
1542743100,0.032
1542743400,0.032
1542743700,0.032
1542744000,0.032
1542744300,0.032
1542744600,0.032
1542744900,0.032
1542745200,0.032
1542745500,0.032
1542745800,0.032
1542746100,0.032
1542746400,0.032
1542746700,0.032
1542747000,0.032
1542747300,0.032
1542747600,0.032
1542747900,0.032
1542748200,0.032
1542748500,0.032
1542748800,0.032
1542749100,0.032
1542749400,0.032
1542749700,0.032
1542750000,0.032
1542750300,0.032
1542750600,0.032
1542750900,0.032
1542751200,0.032
1542751500,0.032
1542751800,0.032
1542752100,0.032
1542752400,0.032
1542752700,0.032
1542753000,0.032
1542753300,0.032
1542753600,0.032
1542753900,0.032
1542754200,0.032
1542754500,0.032
1542754800,0.032
1542755100,0.032
1542755400,0.032
1542755700,0.032
1542756000,0.032
1542756300,0.032
1542756600,0.032
1542756900,0.032
1542757200,0.032
1542757500,0.032
1542757800,0.032
1542758100,0.032
1542758400,0.033066667
1542758700,0.033066667
1542759000,0.033066667
1542759300,0.033066667
1542759600,0.033066667
1542759900,0.033066667
1542760200,0.033066667
1542760500,0.033066667
1542760800,0.033066667
1542761100,0.033066667
1542761400,0.033066667
1542761700,0.033066667
1542762000,0.033066667
1542762300,0.033066667
1542762600,0.033066667
1542762900,0.033066667
1542763200,0.033066667
1542763500,0.033066667
1542763800,0.033066667
1542764100,0.033066667
1542764400,0.033066667
1542764700,0.033066667
1542765000,0.033066667
1542765300,0.033066667
1542765600,0.033066667
1542765900,0.033066667
1542766200,0.033066667
1542766500,0.033066667
1542766800,0.033066667
1542767100,0.033066667
1542767400,0.033066667
1542767700,0.033066667
1542768000,0.033066667
1542768300,0.033066667
1542768600,0.033066667
1542768900,0.033066667
1542769200,0.033066667
1542769500,0.033066667
1542769800,0.033066667
1542770100,0.033066667
1542770400,0.033066667
1542770700,0.033066667
1542771000,0.033066667
1542771300,0.033066667
1542771600,0.033066667
1542771900,0.033066667
1542772200,0.033066667
1542772500,0.033066667
1542772800,0.033066667
1542773100,0.033066667
1542773400,0.033066667
1542773700,0.033066667
1542774000,0.033066667
1542774300,0.033066667
1542774600,0.033066667
1542774900,0.033066667
1542775200,0.033066667
1542775500,0.033066667
1542775800,0.033066667
1542776100,0.033066667
1542776400,0.033066667
1542776700,0.033066667
1542777000,0.033066667
1542777300,0.033066667
1542777600,0.033066667
1542777900,0.033066667
1542778200,0.033066667
1542778500,0.033066667
1542778800,0.033066667
1542779100,0.033066667
1542779400,0.033066667
1542779700,0.033066667
1542780000,0.033066667
1542780300,0.033066667
1542780600,0.033066667
1542780900,0.033066667
1542781200,0.033066667
1542781500,0.033066667
1542781800,0.033066667
1542782100,0.033066667
1542782400,0.033066667
1542782700,0.033066667
1542783000,0.033066667
1542783300,0.033066667
1542783600,0.033066667
1542783900,0.033066667
1542784200,0.033066667
1542784500,0.033066667
1542784800,0.033066667
1542785100,0.033066667
1542785400,0.033066667
1542785700,0.033066667
1542786000,0.033066667
1542786300,0.033066667
1542786600,0.033066667
1542786900,0.033066667
1542787200,0.033066667
1542787500,0.033066667
1542787800,0.033066667
1542788100,0.033066667
1542788400,0.033066667
1542788700,0.033066667
1542789000,0.033066667
1542789300,0.033066667
1542789600,0.033066667
1542789900,0.033066667
1542790200,0.033066667
1542790500,0.033066667
1542790800,0.033066667
1542791100,0.033066667
1542791400,0.033066667
1542791700,0.033066667
1542792000,0.033066667
1542792300,0.033066667
1542792600,0.033066667
1542792900,0.033066667
1542793200,0.033066667
1542793500,0.033066667
1542793800,0.033066667
1542794100,0.033066667
1542794400,0.033066667
1542794700,0.033066667
1542795000,0.033066667
1542795300,0.033066667
1542795600,0.033066667
1542795900,0.033066667
1542796200,0.033066667
1542796500,0.033066667
1542796800,0.033066667
1542797100,0.033066667
1542797400,0.033066667
1542797700,0.033066667
1542798000,0.033066667
1542798300,0.033066667
1542798600,0.033066667
1542798900,0.033066667
1542799200,0.033066667
1542799500,0.033066667
1542799800,0.033066667
1542800100,0.033066667
1542800400,0.033066667
1542800700,0.033066667
1542801000,0.033066667
1542801300,0.033066667
1542801600,0.033066667
1542801900,0.033066667
1542802200,0.033066667
1542802500,0.033066667
1542802800,0.033066667
1542803100,0.033066667
1542803400,0.033066667
1542803700,0.033066667
1542804000,0.033066667
1542804300,0.033066667
1542804600,0.033066667
1542804900,0.033066667
1542805200,0.033066667
1542805500,0.033066667
1542805800,0.033066667
1542806100,0.033066667
1542806400,0.033066667
1542806700,0.033066667
1542807000,0.033066667
1542807300,0.033066667
1542807600,0.033066667
1542807900,0.033066667
1542808200,0.033066667
1542808500,0.033066667
1542808800,0.033066667
1542809100,0.033066667
1542809400,0.033066667
1542809700,0.033066667
1542810000,0.033066667
1542810300,0.033066667
1542810600,0.033066667
1542810900,0.033066667
1542811200,0.033066667
1542811500,0.033066667
1542811800,0.033066667
1542812100,0.033066667
1542812400,0.033066667
1542812700,0.033066667
1542813000,0.033066667
1542813300,0.033066667
1542813600,0.033066667
1542813900,0.033066667
1542814200,0.033066667
1542814500,0.033066667
1542814800,0.033066667
1542815100,0.033066667
1542815400,0.033066667
1542815700,0.033066667
1542816000,0.033066667
1542816300,0.033066667
1542816600,0.033066667
1542816900,0.033066667
1542817200,0.033066667
1542817500,0.033066667
1542817800,0.033066667
1542818100,0.033066667
1542818400,0.033066667
1542818700,0.033066667
1542819000,0.033066667
1542819300,0.033066667
1542819600,0.033066667
1542819900,0.033066667
1542820200,0.033066667
1542820500,0.033066667
1542820800,0.033066667
1542821100,0.033066667
1542821400,0.033066667
1542821700,0.033066667
1542822000,0.033066667
1542822300,0.033066667
1542822600,0.033066667
1542822900,0.033066667
1542823200,0.033066667
1542823500,0.033066667
1542823800,0.033066667
1542824100,0.033066667
1542824400,0.033066667
1542824700,0.033066667
1542825000,0.033066667
1542825300,0.033066667
1542825600,0.033066667
1542825900,0.033066667
1542826200,0.033066667
1542826500,0.033066667
1542826800,0.033066667
1542827100,0.033066667
1542827400,0.033066667
1542827700,0.033066667
1542828000,0.033066667
1542828300,0.033066667
1542828600,0.033066667
1542828900,0.033066667
1542829200,0.033066667
1542829500,0.033066667
1542829800,0.033066667
1542830100,0.033066667
1542830400,0.033066667
1542830700,0.033066667
1542831000,0.033066667
1542831300,0.033066667
1542831600,0.033066667
1542831900,0.033066667
1542832200,0.033066667
1542832500,0.033066667
1542832800,0.033066667
1542833100,0.033066667
1542833400,0.033066667
1542833700,0.033066667
1542834000,0.033066667
1542834300,0.033066667
1542834600,0.033066667
1542834900,0.033066667
1542835200,0.033066667
1542835500,0.033066667
1542835800,0.033066667
1542836100,0.033066667
1542836400,0.033066667
1542836700,0.033066667
1542837000,0.033066667
1542837300,0.033066667
1542837600,0.033066667
1542837900,0.033066667
1542838200,0.033066667
1542838500,0.033066667
1542838800,0.033066667
1542839100,0.033066667
1542839400,0.033066667
1542839700,0.033066667
1542840000,0.033066667
1542840300,0.033066667
1542840600,0.033066667
1542840900,0.033066667
1542841200,0.033066667
1542841500,0.033066667
1542841800,0.033066667
1542842100,0.033066667
1542842400,0.033066667
1542842700,0.033066667
1542843000,0.033066667
1542843300,0.033066667
1542843600,0.033066667
1542843900,0.033066667
1542844200,0.033066667
1542844500,0.033066667
1542844800,0.037333333
1542845100,0.037333333
1542845400,0.037333333
1542845700,0.037333333
1542846000,0.037333333
1542846300,0.037333333
1542846600,0.037333333
1542846900,0.037333333
1542847200,0.037333333
1542847500,0.037333333
1542847800,0.037333333
1542848100,0.037333333
1542848400,0.037333333
1542848700,0.037333333
1542849000,0.037333333
1542849300,0.037333333
1542849600,0.037333333
1542849900,0.037333333
1542850200,0.037333333
1542850500,0.037333333
1542850800,0.037333333
1542851100,0.037333333
1542851400,0.037333333
1542851700,0.037333333
1542852000,0.037333333
1542852300,0.037333333
1542852600,0.037333333
1542852900,0.037333333
1542853200,0.037333333
1542853500,0.037333333
1542853800,0.037333333
1542854100,0.037333333
1542854400,0.037333333
1542854700,0.037333333
1542855000,0.037333333
1542855300,0.037333333
1542855600,0.037333333
1542855900,0.037333333
1542856200,0.037333333
1542856500,0.037333333
1542856800,0.037333333
1542857100,0.037333333
1542857400,0.037333333
1542857700,0.037333333
1542858000,0.037333333
1542858300,0.037333333
1542858600,0.037333333
1542858900,0.037333333
1542859200,0.037333333
1542859500,0.037333333
1542859800,0.037333333
1542860100,0.037333333
1542860400,0.037333333
1542860700,0.037333333
1542861000,0.037333333
1542861300,0.037333333
1542861600,0.037333333
1542861900,0.037333333
1542862200,0.037333333
1542862500,0.037333333
1542862800,0.037333333
1542863100,0.037333333
1542863400,0.037333333
1542863700,0.037333333
1542864000,0.037333333
1542864300,0.037333333
1542864600,0.037333333
1542864900,0.037333333
1542865200,0.037333333
1542865500,0.037333333
1542865800,0.037333333
1542866100,0.037333333
1542866400,0.037333333
1542866700,0.037333333
1542867000,0.037333333
1542867300,0.037333333
1542867600,0.037333333
1542867900,0.037333333
1542868200,0.037333333
1542868500,0.037333333
1542868800,0.037333333
1542869100,0.037333333
1542869400,0.037333333
1542869700,0.037333333
1542870000,0.037333333
1542870300,0.037333333
1542870600,0.037333333
1542870900,0.037333333
1542871200,0.037333333
1542871500,0.037333333
1542871800,0.037333333
1542872100,0.037333333
1542872400,0.037333333
1542872700,0.037333333
1542873000,0.037333333
1542873300,0.037333333
1542873600,0.037333333
1542873900,0.037333333
1542874200,0.037333333
1542874500,0.037333333
1542874800,0.037333333
1542875100,0.037333333
1542875400,0.037333333
1542875700,0.037333333
1542876000,0.037333333
1542876300,0.037333333
1542876600,0.037333333
1542876900,0.037333333
1542877200,0.037333333
1542877500,0.037333333
1542877800,0.037333333
1542878100,0.037333333
1542878400,0.037333333
1542878700,0.037333333
1542879000,0.037333333
1542879300,0.037333333
1542879600,0.037333333
1542879900,0.037333333
1542880200,0.037333333
1542880500,0.037333333
1542880800,0.037333333
1542881100,0.037333333
1542881400,0.037333333
1542881700,0.037333333
1542882000,0.037333333
1542882300,0.037333333
1542882600,0.037333333
1542882900,0.037333333
1542883200,0.037333333
1542883500,0.037333333
1542883800,0.037333333
1542884100,0.037333333
1542884400,0.037333333
1542884700,0.037333333
1542885000,0.037333333
1542885300,0.037333333
1542885600,0.037333333
1542885900,0.037333333
1542886200,0.037333333
1542886500,0.037333333
1542886800,0.037333333
1542887100,0.037333333
1542887400,0.037333333
1542887700,0.037333333
1542888000,0.037333333
1542888300,0.037333333
1542888600,0.037333333
1542888900,0.037333333
1542889200,0.037333333
1542889500,0.037333333
1542889800,0.037333333
1542890100,0.037333333
1542890400,0.037333333
1542890700,0.037333333
1542891000,0.037333333
1542891300,0.037333333
1542891600,0.037333333
1542891900,0.037333333
1542892200,0.037333333
1542892500,0.037333333
1542892800,0.037333333
1542893100,0.037333333
1542893400,0.037333333
1542893700,0.037333333
1542894000,0.037333333
1542894300,0.037333333
1542894600,0.037333333
1542894900,0.037333333
1542895200,0.037333333
1542895500,0.037333333
1542895800,0.037333333
1542896100,0.037333333
1542896400,0.037333333
1542896700,0.037333333
1542897000,0.037333333
1542897300,0.037333333
1542897600,0.037333333
1542897900,0.037333333
1542898200,0.037333333
1542898500,0.037333333
1542898800,0.037333333
1542899100,0.037333333
1542899400,0.037333333
1542899700,0.037333333
1542900000,0.037333333
1542900300,0.037333333
1542900600,0.037333333
1542900900,0.037333333
1542901200,0.037333333
1542901500,0.037333333
1542901800,0.037333333
1542902100,0.037333333
1542902400,0.037333333
1542902700,0.037333333
1542903000,0.037333333
1542903300,0.037333333
1542903600,0.037333333
1542903900,0.037333333
1542904200,0.037333333
1542904500,0.037333333
1542904800,0.037333333
1542905100,0.037333333
1542905400,0.037333333
1542905700,0.037333333
1542906000,0.037333333
1542906300,0.037333333
1542906600,0.037333333
1542906900,0.037333333
1542907200,0.037333333
1542907500,0.037333333
1542907800,0.037333333
1542908100,0.037333333
1542908400,0.037333333
1542908700,0.037333333
1542909000,0.037333333
1542909300,0.037333333
1542909600,0.037333333
1542909900,0.037333333
1542910200,0.037333333
1542910500,0.037333333
1542910800,0.037333333
1542911100,0.037333333
1542911400,0.037333333
1542911700,0.037333333
1542912000,0.037333333
1542912300,0.037333333
1542912600,0.037333333
1542912900,0.037333333
1542913200,0.037333333
1542913500,0.037333333
1542913800,0.037333333
1542914100,0.037333333
1542914400,0.037333333
1542914700,0.037333333
1542915000,0.037333333
1542915300,0.037333333
1542915600,0.037333333
1542915900,0.037333333
1542916200,0.037333333
1542916500,0.037333333
1542916800,0.037333333
1542917100,0.037333333
1542917400,0.037333333
1542917700,0.037333333
1542918000,0.037333333
1542918300,0.037333333
1542918600,0.037333333
1542918900,0.037333333
1542919200,0.037333333
1542919500,0.037333333
1542919800,0.037333333
1542920100,0.037333333
1542920400,0.037333333
1542920700,0.037333333
1542921000,0.037333333
1542921300,0.037333333
1542921600,0.037333333
1542921900,0.037333333
1542922200,0.037333333
1542922500,0.037333333
1542922800,0.037333333
1542923100,0.037333333
1542923400,0.037333333
1542923700,0.037333333
1542924000,0.037333333
1542924300,0.037333333
1542924600,0.037333333
1542924900,0.037333333
1542925200,0.037333333
1542925500,0.037333333
1542925800,0.037333333
1542926100,0.037333333
1542926400,0.037333333
1542926700,0.037333333
1542927000,0.037333333
1542927300,0.037333333
1542927600,0.037333333
1542927900,0.037333333
1542928200,0.037333333
1542928500,0.037333333
1542928800,0.037333333
1542929100,0.037333333
1542929400,0.037333333
1542929700,0.037333333
1542930000,0.037333333
1542930300,0.037333333
1542930600,0.037333333
1542930900,0.037333333
1542931200,0.0256
1542931500,0.0256
1542931800,0.0256
1542932100,0.0256
1542932400,0.0256
1542932700,0.0256
1542933000,0.0256
1542933300,0.0256
1542933600,0.0256
1542933900,0.0256
1542934200,0.0256
1542934500,0.0256
1542934800,0.0256
1542935100,0.0256
1542935400,0.0256
1542935700,0.0256
1542936000,0.0256
1542936300,0.0256
1542936600,0.0256
1542936900,0.0256
1542937200,0.0256
1542937500,0.0256
1542937800,0.0256
1542938100,0.0256
1542938400,0.0256
1542938700,0.0256
1542939000,0.0256
1542939300,0.0256
1542939600,0.0256
1542939900,0.0256
1542940200,0.0256
1542940500,0.0256
1542940800,0.0256
1542941100,0.0256
1542941400,0.0256
1542941700,0.0256
1542942000,0.0256
1542942300,0.0256
1542942600,0.0256
1542942900,0.0256
1542943200,0.0256
1542943500,0.0256
1542943800,0.0256
1542944100,0.0256
1542944400,0.0256
1542944700,0.0256
1542945000,0.0256
1542945300,0.0256
1542945600,0.0256
1542945900,0.0256
1542946200,0.0256
1542946500,0.0256
1542946800,0.0256
1542947100,0.0256
1542947400,0.0256
1542947700,0.0256
1542948000,0.0256
1542948300,0.0256
1542948600,0.0256
1542948900,0.0256
1542949200,0.0256
1542949500,0.0256
1542949800,0.0256
1542950100,0.0256
1542950400,0.0256
1542950700,0.0256
1542951000,0.0256
1542951300,0.0256
1542951600,0.0256
1542951900,0.0256
1542952200,0.0256
1542952500,0.0256
1542952800,0.0256
1542953100,0.0256
1542953400,0.0256
1542953700,0.0256
1542954000,0.0256
1542954300,0.0256
1542954600,0.0256
1542954900,0.0256
1542955200,0.0256
1542955500,0.0256
1542955800,0.0256
1542956100,0.0256
1542956400,0.0256
1542956700,0.0256
1542957000,0.0256
1542957300,0.0256
1542957600,0.0256
1542957900,0.0256
1542958200,0.0256
1542958500,0.0256
1542958800,0.0256
1542959100,0.0256
1542959400,0.0256
1542959700,0.0256
1542960000,0.0256
1542960300,0.0256
1542960600,0.0256
1542960900,0.0256
1542961200,0.0256
1542961500,0.0256
1542961800,0.0256
1542962100,0.0256
1542962400,0.0256
1542962700,0.0256
1542963000,0.0256
1542963300,0.0256
1542963600,0.0256
1542963900,0.0256
1542964200,0.0256
1542964500,0.0256
1542964800,0.0256
1542965100,0.0256
1542965400,0.0256
1542965700,0.0256
1542966000,0.0256
1542966300,0.0256
1542966600,0.0256
1542966900,0.0256
1542967200,0.0256
1542967500,0.0256
1542967800,0.0256
1542968100,0.0256
1542968400,0.0256
1542968700,0.0256
1542969000,0.0256
1542969300,0.0256
1542969600,0.0256
1542969900,0.0256
1542970200,0.0256
1542970500,0.0256
1542970800,0.0256
1542971100,0.0256
1542971400,0.0256
1542971700,0.0256
1542972000,0.0256
1542972300,0.0256
1542972600,0.0256
1542972900,0.0256
1542973200,0.0256
1542973500,0.0256
1542973800,0.0256
1542974100,0.0256
1542974400,0.0256
1542974700,0.0256
1542975000,0.0256
1542975300,0.0256
1542975600,0.0256
1542975900,0.0256
1542976200,0.0256
1542976500,0.0256
1542976800,0.0256
1542977100,0.0256
1542977400,0.0256
1542977700,0.0256
1542978000,0.0256
1542978300,0.0256
1542978600,0.0256
1542978900,0.0256
1542979200,0.0256
1542979500,0.0256
1542979800,0.0256
1542980100,0.0256
1542980400,0.0256
1542980700,0.0256
1542981000,0.0256
1542981300,0.0256
1542981600,0.0256
1542981900,0.0256
1542982200,0.0256
1542982500,0.0256
1542982800,0.0256
1542983100,0.0256
1542983400,0.0256
1542983700,0.0256
1542984000,0.0256
1542984300,0.0256
1542984600,0.0256
1542984900,0.0256
1542985200,0.0256
1542985500,0.0256
1542985800,0.0256
1542986100,0.0256
1542986400,0.0256
1542986700,0.0256
1542987000,0.0256
1542987300,0.0256
1542987600,0.0256
1542987900,0.0256
1542988200,0.0256
1542988500,0.0256
1542988800,0.0256
1542989100,0.0256
1542989400,0.0256
1542989700,0.0256
1542990000,0.0256
1542990300,0.0256
1542990600,0.0256
1542990900,0.0256
1542991200,0.0256
1542991500,0.0256
1542991800,0.0256
1542992100,0.0256
1542992400,0.0256
1542992700,0.0256
1542993000,0.0256
1542993300,0.0256
1542993600,0.0256
1542993900,0.0256
1542994200,0.0256
1542994500,0.0256
1542994800,0.0256
1542995100,0.0256
1542995400,0.0256
1542995700,0.0256
1542996000,0.0256
1542996300,0.0256
1542996600,0.0256
1542996900,0.0256
1542997200,0.0256
1542997500,0.0256
1542997800,0.0256
1542998100,0.0256
1542998400,0.0256
1542998700,0.0256
1542999000,0.0256
1542999300,0.0256
1542999600,0.0256
1542999900,0.0256
1543000200,0.0256
1543000500,0.0256
1543000800,0.0256
1543001100,0.0256
1543001400,0.0256
1543001700,0.0256
1543002000,0.0256
1543002300,0.0256
1543002600,0.0256
1543002900,0.0256
1543003200,0.0256
1543003500,0.0256
1543003800,0.0256
1543004100,0.0256
1543004400,0.0256
1543004700,0.0256
1543005000,0.0256
1543005300,0.0256
1543005600,0.0256
1543005900,0.0256
1543006200,0.0256
1543006500,0.0256
1543006800,0.0256
1543007100,0.0256
1543007400,0.0256
1543007700,0.0256
1543008000,0.0256
1543008300,0.0256
1543008600,0.0256
1543008900,0.0256
1543009200,0.0256
1543009500,0.0256
1543009800,0.0256
1543010100,0.0256
1543010400,0.0256
1543010700,0.0256
1543011000,0.0256
1543011300,0.0256
1543011600,0.0256
1543011900,0.0256
1543012200,0.0256
1543012500,0.0256
1543012800,0.0256
1543013100,0.0256
1543013400,0.0256
1543013700,0.0256
1543014000,0.0256
1543014300,0.0256
1543014600,0.0256
1543014900,0.0256
1543015200,0.0256
1543015500,0.0256
1543015800,0.0256
1543016100,0.0256
1543016400,0.0256
1543016700,0.0256
1543017000,0.0256
1543017300,0.0256
1543017600,0.0336
1543017900,0.0336
1543018200,0.0336
1543018500,0.0336
1543018800,0.0336
1543019100,0.0336
1543019400,0.0336
1543019700,0.0336
1543020000,0.0336
1543020300,0.0336
1543020600,0.0336
1543020900,0.0336
1543021200,0.0336
1543021500,0.0336
1543021800,0.0336
1543022100,0.0336
1543022400,0.0336
1543022700,0.0336
1543023000,0.0336
1543023300,0.0336
1543023600,0.0336
1543023900,0.0336
1543024200,0.0336
1543024500,0.0336
1543024800,0.0336
1543025100,0.0336
1543025400,0.0336
1543025700,0.0336
1543026000,0.0336
1543026300,0.0336
1543026600,0.0336
1543026900,0.0336
1543027200,0.0336
1543027500,0.0336
1543027800,0.0336
1543028100,0.0336
1543028400,0.0336
1543028700,0.0336
1543029000,0.0336
1543029300,0.0336
1543029600,0.0336
1543029900,0.0336
1543030200,0.0336
1543030500,0.0336
1543030800,0.0336
1543031100,0.0336
1543031400,0.0336
1543031700,0.0336
1543032000,0.0336
1543032300,0.0336
1543032600,0.0336
1543032900,0.0336
1543033200,0.0336
1543033500,0.0336
1543033800,0.0336
1543034100,0.0336
1543034400,0.0336
1543034700,0.0336
1543035000,0.0336
1543035300,0.0336
1543035600,0.0336
1543035900,0.0336
1543036200,0.0336
1543036500,0.0336
1543036800,0.0336
1543037100,0.0336
1543037400,0.0336
1543037700,0.0336
1543038000,0.0336
1543038300,0.0336
1543038600,0.0336
1543038900,0.0336
1543039200,0.0336
1543039500,0.0336
1543039800,0.0336
1543040100,0.0336
1543040400,0.0336
1543040700,0.0336
1543041000,0.0336
1543041300,0.0336
1543041600,0.0336
1543041900,0.0336
1543042200,0.0336
1543042500,0.0336
1543042800,0.0336
1543043100,0.0336
1543043400,0.0336
1543043700,0.0336
1543044000,0.0336
1543044300,0.0336
1543044600,0.0336
1543044900,0.0336
1543045200,0.0336
1543045500,0.0336
1543045800,0.0336
1543046100,0.0336
1543046400,0.0336
1543046700,0.0336
1543047000,0.0336
1543047300,0.0336
1543047600,0.0336
1543047900,0.0336
1543048200,0.0336
1543048500,0.0336
1543048800,0.0336
1543049100,0.0336
1543049400,0.0336
1543049700,0.0336
1543050000,0.0336
1543050300,0.0336
1543050600,0.0336
1543050900,0.0336
1543051200,0.0336
1543051500,0.0336
1543051800,0.0336
1543052100,0.0336
1543052400,0.0336
1543052700,0.0336
1543053000,0.0336
1543053300,0.0336
1543053600,0.0336
1543053900,0.0336
1543054200,0.0336
1543054500,0.0336
1543054800,0.0336
1543055100,0.0336
1543055400,0.0336
1543055700,0.0336
1543056000,0.0336
1543056300,0.0336
1543056600,0.0336
1543056900,0.0336
1543057200,0.0336
1543057500,0.0336
1543057800,0.0336
1543058100,0.0336
1543058400,0.0336
1543058700,0.0336
1543059000,0.0336
1543059300,0.0336
1543059600,0.0336
1543059900,0.0336
1543060200,0.0336
1543060500,0.0336
1543060800,0.0336
1543061100,0.0336
1543061400,0.0336
1543061700,0.0336
1543062000,0.0336
1543062300,0.0336
1543062600,0.0336
1543062900,0.0336
1543063200,0.0336
1543063500,0.0336
1543063800,0.0336
1543064100,0.0336
1543064400,0.0336
1543064700,0.0336
1543065000,0.0336
1543065300,0.0336
1543065600,0.0336
1543065900,0.0336
1543066200,0.0336
1543066500,0.0336
1543066800,0.0336
1543067100,0.0336
1543067400,0.0336
1543067700,0.0336
1543068000,0.0336
1543068300,0.0336
1543068600,0.0336
1543068900,0.0336
1543069200,0.0336
1543069500,0.0336
1543069800,0.0336
1543070100,0.0336
1543070400,0.0336
1543070700,0.0336
1543071000,0.0336
1543071300,0.0336
1543071600,0.0336
1543071900,0.0336
1543072200,0.0336
1543072500,0.0336
1543072800,0.0336
1543073100,0.0336
1543073400,0.0336
1543073700,0.0336
1543074000,0.0336
1543074300,0.0336
1543074600,0.0336
1543074900,0.0336
1543075200,0.0336
1543075500,0.0336
1543075800,0.0336
1543076100,0.0336
1543076400,0.0336
1543076700,0.0336
1543077000,0.0336
1543077300,0.0336
1543077600,0.0336
1543077900,0.0336
1543078200,0.0336
1543078500,0.0336
1543078800,0.0336
1543079100,0.0336
1543079400,0.0336
1543079700,0.0336
1543080000,0.0336
1543080300,0.0336
1543080600,0.0336
1543080900,0.0336
1543081200,0.0336
1543081500,0.0336
1543081800,0.0336
1543082100,0.0336
1543082400,0.0336
1543082700,0.0336
1543083000,0.0336
1543083300,0.0336
1543083600,0.0336
1543083900,0.0336
1543084200,0.0336
1543084500,0.0336
1543084800,0.0336
1543085100,0.0336
1543085400,0.0336
1543085700,0.0336
1543086000,0.0336
1543086300,0.0336
1543086600,0.0336
1543086900,0.0336
1543087200,0.0336
1543087500,0.0336
1543087800,0.0336
1543088100,0.0336
1543088400,0.0336
1543088700,0.0336
1543089000,0.0336
1543089300,0.0336
1543089600,0.0336
1543089900,0.0336
1543090200,0.0336
1543090500,0.0336
1543090800,0.0336
1543091100,0.0336
1543091400,0.0336
1543091700,0.0336
1543092000,0.0336
1543092300,0.0336
1543092600,0.0336
1543092900,0.0336
1543093200,0.0336
1543093500,0.0336
1543093800,0.0336
1543094100,0.0336
1543094400,0.0336
1543094700,0.0336
1543095000,0.0336
1543095300,0.0336
1543095600,0.0336
1543095900,0.0336
1543096200,0.0336
1543096500,0.0336
1543096800,0.0336
1543097100,0.0336
1543097400,0.0336
1543097700,0.0336
1543098000,0.0336
1543098300,0.0336
1543098600,0.0336
1543098900,0.0336
1543099200,0.0336
1543099500,0.0336
1543099800,0.0336
1543100100,0.0336
1543100400,0.0336
1543100700,0.0336
1543101000,0.0336
1543101300,0.0336
1543101600,0.0336
1543101900,0.0336
1543102200,0.0336
1543102500,0.0336
1543102800,0.0336
1543103100,0.0336
1543103400,0.0336
1543103700,0.0336
1543104000,0.022840149
1543104300,0.022840149
1543104600,0.022840149
1543104900,0.022840149
1543105200,0.022840149
1543105500,0.022840149
1543105800,0.022840149
1543106100,0.022840149
1543106400,0.022840149
1543106700,0.022840149
1543107000,0.022840149
1543107300,0.022840149
1543107600,0.022840149
1543107900,0.022840149
1543108200,0.022840149
1543108500,0.022840149
1543108800,0.022840149
1543109100,0.022840149
1543109400,0.022840149
1543109700,0.022840149
1543110000,0.022840149
1543110300,0.022840149
1543110600,0.022840149
1543110900,0.022840149
1543111200,0.022840149
1543111500,0.022840149
1543111800,0.022840149
1543112100,0.022840149
1543112400,0.022840149
1543112700,0.022840149
1543113000,0.022840149
1543113300,0.022840149
1543113600,0.022840149
1543113900,0.022840149
1543114200,0.022840149
1543114500,0.022840149
1543114800,0.022840149
1543115100,0.022840149
1543115400,0.022840149
1543115700,0.022840149
1543116000,0.022840149
1543116300,0.022840149
1543116600,0.022840149
1543116900,0.022840149
1543117200,0.022840149
1543117500,0.022840149
1543117800,0.022840149
1543118100,0.022840149
1543118400,0.022840149
1543118700,0.022840149
1543119000,0.022840149
1543119300,0.022840149
1543119600,0.022840149
1543119900,0.022840149
1543120200,0.022840149
1543120500,0.022840149
1543120800,0.022840149
1543121100,0.022840149
1543121400,0.022840149
1543121700,0.022840149
1543122000,0.022840149
1543122300,0.022840149
1543122600,0.022840149
1543122900,0.022840149
1543123200,0.022840149
1543123500,0.022840149
1543123800,0.022840149
1543124100,0.022840149
1543124400,0.022840149
1543124700,0.022840149
1543125000,0.022840149
1543125300,0.022840149
1543125600,0.022840149
1543125900,0.022840149
1543126200,0.022840149
1543126500,0.022840149
1543126800,0.022840149
1543127100,0.022840149
1543127400,0.022840149
1543127700,0.022840149
1543128000,0.022840149
1543128300,0.022840149
1543128600,0.022840149
1543128900,0.022840149
1543129200,0.022840149
1543129500,0.022840149
1543129800,0.022840149
1543130100,0.022840149
1543130400,0.022840149
1543130700,0.022840149
1543131000,0.022840149
1543131300,0.022840149
1543131600,0.022840149
1543131900,0.022840149
1543132200,0.022840149
1543132500,0.022840149
1543132800,0.022840149
1543133100,0.022840149
1543133400,0.022840149
1543133700,0.022840149
1543134000,0.022840149
1543134300,0.022840149
1543134600,0.022840149
1543134900,0.022840149
1543135200,0.022840149
1543135500,0.022840149
1543135800,0.022840149
1543136100,0.022840149
1543136400,0.022840149
1543136700,0.022840149
1543137000,0.022840149
1543137300,0.022840149
1543137600,0.022840149
1543137900,0.022840149
1543138200,0.022840149
1543138500,0.022840149
1543138800,0.022840149
1543139100,0.022840149
1543139400,0.022840149
1543139700,0.022840149
1543140000,0.022840149
1543140300,0.022840149
1543140600,0.022840149
1543140900,0.022840149
1543141200,0.022840149
1543141500,0.022840149
1543141800,0.022840149
1543142100,0.022840149
1543142400,0.022840149
1543142700,0.022840149
1543143000,0.022840149
1543143300,0.022840149
1543143600,0.022840149
1543143900,0.022840149
1543144200,0.022840149
1543144500,0.022840149
1543144800,0.022840149
1543145100,0.022840149
1543145400,0.022840149
1543145700,0.022840149
1543146000,0.022840149
1543146300,0.022840149
1543146600,0.022840149
1543146900,0.022840149
1543147200,0.022840149
1543147500,0.022840149
1543147800,0.022840149
1543148100,0.022840149
1543148400,0.022840149
1543148700,0.022840149
1543149000,0.022840149
1543149300,0.022840149
1543149600,0.022840149
1543149900,0.022840149
1543150200,0.022840149
1543150500,0.022840149
1543150800,0.022840149
1543151100,0.022840149
1543151400,0.022840149
1543151700,0.022840149
1543152000,0.022840149
1543152300,0.022840149
1543152600,0.022840149
1543152900,0.022840149
1543153200,0.022840149
1543153500,0.022840149
1543153800,0.022840149
1543154100,0.022840149
1543154400,0.022840149
1543154700,0.022840149
1543155000,0.022840149
1543155300,0.022840149
1543155600,0.022840149
1543155900,0.022840149
1543156200,0.022840149
1543156500,0.022840149
1543156800,0.022840149
1543157100,0.022840149
1543157400,0.022840149
1543157700,0.022840149
1543158000,0.022840149
1543158300,0.022840149
1543158600,0.022840149
1543158900,0.022840149
1543159200,0.022840149
1543159500,0.022840149
1543159800,0.022840149
1543160100,0.022840149
1543160400,0.022840149
1543160700,0.022840149
1543161000,0.022840149
1543161300,0.022840149
1543161600,0.022840149
1543161900,0.022840149
1543162200,0.022840149
1543162500,0.022840149
1543162800,0.022840149
1543163100,0.022840149
1543163400,0.022840149
1543163700,0.022840149
1543164000,0.022840149
1543164300,0.022840149
1543164600,0.022840149
1543164900,0.022840149
1543165200,0.022840149
1543165500,0.022840149
1543165800,0.022840149
1543166100,0.022840149
1543166400,0.022840149
1543166700,0.022840149
1543167000,0.022840149
1543167300,0.022840149
1543167600,0.022840149
1543167900,0.022840149
1543168200,0.022840149
1543168500,0.022840149
1543168800,0.022840149
1543169100,0.022840149
1543169400,0.022840149
1543169700,0.022840149
1543170000,0.022840149
1543170300,0.022840149
1543170600,0.022840149
1543170900,0.022840149
1543171200,0.022840149
1543171500,0.022840149
1543171800,0.022840149
1543172100,0.022840149
1543172400,0.022840149
1543172700,0.022840149
1543173000,0.022840149
1543173300,0.022840149
1543173600,0.022840149
1543173900,0.022840149
1543174200,0.022840149
1543174500,0.022840149
1543174800,0.022840149
1543175100,0.022840149
1543175400,0.022840149
1543175700,0.022840149
1543176000,0.022840149
1543176300,0.022840149
1543176600,0.022840149
1543176900,0.022840149
1543177200,0.022840149
1543177500,0.022840149
1543177800,0.022840149
1543178100,0.022840149
1543178400,0.022840149
1543178700,0.022840149
1543179000,0.022840149
1543179300,0.022840149
1543179600,0.022840149
1543179900,0.022840149
1543180200,0.022840149
1543180500,0.022840149
1543180800,0.022840149
1543181100,0.022840149
1543181400,0.022840149
1543181700,0.022840149
1543182000,0.022840149
1543182300,0.022840149
1543182600,0.022840149
1543182900,0.022840149
1543183200,0.022840149
1543183500,0.022840149
1543183800,0.022840149
1543184100,0.022840149
1543184400,0.022840149
1543184700,0.022840149
1543185000,0.022840149
1543185300,0.022840149
1543185600,0.022840149
1543185900,0.022840149
1543186200,0.022840149
1543186500,0.022840149
1543186800,0.022840149
1543187100,0.022840149
1543187400,0.022840149
1543187700,0.022840149
1543188000,0.022840149
1543188300,0.022840149
1543188600,0.022840149
1543188900,0.022840149
1543189200,0.022840149
1543189500,0.022840149
1543189800,0.022840149
1543190100,0.022840149
1543190400,0.029866666
1543190700,0.029866666
1543191000,0.029866666
1543191300,0.029866666
1543191600,0.029866666
1543191900,0.029866666
1543192200,0.029866666
1543192500,0.029866666
1543192800,0.029866666
1543193100,0.029866666
1543193400,0.029866666
1543193700,0.029866666
1543194000,0.029866666
1543194300,0.029866666
1543194600,0.029866666
1543194900,0.029866666
1543195200,0.029866666
1543195500,0.029866666
1543195800,0.029866666
1543196100,0.029866666
1543196400,0.029866666
1543196700,0.029866666
1543197000,0.029866666
1543197300,0.029866666
1543197600,0.029866666
1543197900,0.029866666
1543198200,0.029866666
1543198500,0.029866666
1543198800,0.029866666
1543199100,0.029866666
1543199400,0.029866666
1543199700,0.029866666
1543200000,0.029866666
1543200300,0.029866666
1543200600,0.029866666
1543200900,0.029866666
1543201200,0.029866666
1543201500,0.029866666
1543201800,0.029866666
1543202100,0.029866666
1543202400,0.029866666
1543202700,0.029866666
1543203000,0.029866666
1543203300,0.029866666
1543203600,0.029866666
1543203900,0.029866666
1543204200,0.029866666
1543204500,0.029866666
1543204800,0.029866666
1543205100,0.029866666
1543205400,0.029866666
1543205700,0.029866666
1543206000,0.029866666
1543206300,0.029866666
1543206600,0.029866666
1543206900,0.029866666
1543207200,0.029866666
1543207500,0.029866666
1543207800,0.029866666
1543208100,0.029866666
1543208400,0.029866666
1543208700,0.029866666
1543209000,0.029866666
1543209300,0.029866666
1543209600,0.029866666
1543209900,0.029866666
1543210200,0.029866666
1543210500,0.029866666
1543210800,0.029866666
1543211100,0.029866666
1543211400,0.029866666
1543211700,0.029866666
1543212000,0.029866666
1543212300,0.029866666
1543212600,0.029866666
1543212900,0.029866666
1543213200,0.029866666
1543213500,0.029866666
1543213800,0.029866666
1543214100,0.029866666
1543214400,0.029866666
1543214700,0.029866666
1543215000,0.029866666
1543215300,0.029866666
1543215600,0.029866666
1543215900,0.029866666
1543216200,0.029866666
1543216500,0.029866666
1543216800,0.029866666
1543217100,0.029866666
1543217400,0.029866666
1543217700,0.029866666
1543218000,0.029866666
1543218300,0.029866666
1543218600,0.029866666
1543218900,0.029866666
1543219200,0.029866666
1543219500,0.029866666
1543219800,0.029866666
1543220100,0.029866666
1543220400,0.029866666
1543220700,0.029866666
1543221000,0.029866666
1543221300,0.029866666
1543221600,0.029866666
1543221900,0.029866666
1543222200,0.029866666
1543222500,0.029866666
1543222800,0.029866666
1543223100,0.029866666
1543223400,0.029866666
1543223700,0.029866666
1543224000,0.029866666
1543224300,0.029866666
1543224600,0.029866666
1543224900,0.029866666
1543225200,0.029866666
1543225500,0.029866666
1543225800,0.029866666
1543226100,0.029866666
1543226400,0.029866666
1543226700,0.029866666
1543227000,0.029866666
1543227300,0.029866666
1543227600,0.029866666
1543227900,0.029866666
1543228200,0.029866666
1543228500,0.029866666
1543228800,0.029866666
1543229100,0.029866666
1543229400,0.029866666
1543229700,0.029866666
1543230000,0.029866666
1543230300,0.029866666
1543230600,0.029866666
1543230900,0.029866666
1543231200,0.029866666
1543231500,0.029866666
1543231800,0.029866666
1543232100,0.029866666
1543232400,0.029866666
1543232700,0.029866666
1543233000,0.029866666
1543233300,0.029866666
1543233600,0.029866666
1543233900,0.029866666
1543234200,0.029866666
1543234500,0.029866666
1543234800,0.029866666
1543235100,0.029866666
1543235400,0.029866666
1543235700,0.029866666
1543236000,0.029866666
1543236300,0.029866666
1543236600,0.029866666
1543236900,0.029866666
1543237200,0.029866666
1543237500,0.029866666
1543237800,0.029866666
1543238100,0.029866666
1543238400,0.029866666
1543238700,0.029866666
1543239000,0.029866666
1543239300,0.029866666
1543239600,0.029866666
1543239900,0.029866666
1543240200,0.029866666
1543240500,0.029866666
1543240800,0.029866666
1543241100,0.029866666
1543241400,0.029866666
1543241700,0.029866666
1543242000,0.029866666
1543242300,0.029866666
1543242600,0.029866666
1543242900,0.029866666
1543243200,0.029866666
1543243500,0.029866666
1543243800,0.029866666
1543244100,0.029866666
1543244400,0.029866666
1543244700,0.029866666
1543245000,0.029866666
1543245300,0.029866666
1543245600,0.029866666
1543245900,0.029866666
1543246200,0.029866666
1543246500,0.029866666
1543246800,0.029866666
1543247100,0.029866666
1543247400,0.029866666
1543247700,0.029866666
1543248000,0.029866666
1543248300,0.029866666
1543248600,0.029866666
1543248900,0.029866666
1543249200,0.029866666
1543249500,0.029866666
1543249800,0.029866666
1543250100,0.029866666
1543250400,0.029866666
1543250700,0.029866666
1543251000,0.029866666
1543251300,0.029866666
1543251600,0.029866666
1543251900,0.029866666
1543252200,0.029866666
1543252500,0.029866666
1543252800,0.029866666
1543253100,0.029866666
1543253400,0.029866666
1543253700,0.029866666
1543254000,0.029866666
1543254300,0.029866666
1543254600,0.029866666
1543254900,0.029866666
1543255200,0.029866666
1543255500,0.029866666
1543255800,0.029866666
1543256100,0.029866666
1543256400,0.029866666
1543256700,0.029866666
1543257000,0.029866666
1543257300,0.029866666
1543257600,0.029866666
1543257900,0.029866666
1543258200,0.029866666
1543258500,0.029866666
1543258800,0.029866666
1543259100,0.029866666
1543259400,0.029866666
1543259700,0.029866666
1543260000,0.029866666
1543260300,0.029866666
1543260600,0.029866666
1543260900,0.029866666
1543261200,0.029866666
1543261500,0.029866666
1543261800,0.029866666
1543262100,0.029866666
1543262400,0.029866666
1543262700,0.029866666
1543263000,0.029866666
1543263300,0.029866666
1543263600,0.029866666
1543263900,0.029866666
1543264200,0.029866666
1543264500,0.029866666
1543264800,0.029866666
1543265100,0.029866666
1543265400,0.029866666
1543265700,0.029866666
1543266000,0.029866666
1543266300,0.029866666
1543266600,0.029866666
1543266900,0.029866666
1543267200,0.029866666
1543267500,0.029866666
1543267800,0.029866666
1543268100,0.029866666
1543268400,0.029866666
1543268700,0.029866666
1543269000,0.029866666
1543269300,0.029866666
1543269600,0.029866666
1543269900,0.029866666
1543270200,0.029866666
1543270500,0.029866666
1543270800,0.029866666
1543271100,0.029866666
1543271400,0.029866666
1543271700,0.029866666
1543272000,0.029866666
1543272300,0.029866666
1543272600,0.029866666
1543272900,0.029866666
1543273200,0.029866666
1543273500,0.029866666
1543273800,0.029866666
1543274100,0.029866666
1543274400,0.029866666
1543274700,0.029866666
1543275000,0.029866666
1543275300,0.029866666
1543275600,0.029866666
1543275900,0.029866666
1543276200,0.029866666
1543276500,0.029866666
1543276800,0.0288
1543277100,0.0288
1543277400,0.0288
1543277700,0.0288
1543278000,0.0288
1543278300,0.0288
1543278600,0.0288
1543278900,0.0288
1543279200,0.0288
1543279500,0.0288
1543279800,0.0288
1543280100,0.0288
1543280400,0.0288
1543280700,0.0288
1543281000,0.0288
1543281300,0.0288
1543281600,0.0288
1543281900,0.0288
1543282200,0.0288
1543282500,0.0288
1543282800,0.0288
1543283100,0.0288
1543283400,0.0288
1543283700,0.0288
1543284000,0.0288
1543284300,0.0288
1543284600,0.0288
1543284900,0.0288
1543285200,0.0288
1543285500,0.0288
1543285800,0.0288
1543286100,0.0288
1543286400,0.0288
1543286700,0.0288
1543287000,0.0288
1543287300,0.0288
1543287600,0.0288
1543287900,0.0288
1543288200,0.0288
1543288500,0.0288
1543288800,0.0288
1543289100,0.0288
1543289400,0.0288
1543289700,0.0288
1543290000,0.0288
1543290300,0.0288
1543290600,0.0288
1543290900,0.0288
1543291200,0.0288
1543291500,0.0288
1543291800,0.0288
1543292100,0.0288
1543292400,0.0288
1543292700,0.0288
1543293000,0.0288
1543293300,0.0288
1543293600,0.0288
1543293900,0.0288
1543294200,0.0288
1543294500,0.0288
1543294800,0.0288
1543295100,0.0288
1543295400,0.0288
1543295700,0.0288
1543296000,0.0288
1543296300,0.0288
1543296600,0.0288
1543296900,0.0288
1543297200,0.0288
1543297500,0.0288
1543297800,0.0288
1543298100,0.0288
1543298400,0.0288
1543298700,0.0288
1543299000,0.0288
1543299300,0.0288
1543299600,0.0288
1543299900,0.0288
1543300200,0.0288
1543300500,0.0288
1543300800,0.0288
1543301100,0.0288
1543301400,0.0288
1543301700,0.0288
1543302000,0.0288
1543302300,0.0288
1543302600,0.0288
1543302900,0.0288
1543303200,0.0288
1543303500,0.0288
1543303800,0.0288
1543304100,0.0288
1543304400,0.0288
1543304700,0.0288
1543305000,0.0288
1543305300,0.0288
1543305600,0.0288
1543305900,0.0288
1543306200,0.0288
1543306500,0.0288
1543306800,0.0288
1543307100,0.0288
1543307400,0.0288
1543307700,0.0288
1543308000,0.0288
1543308300,0.0288
1543308600,0.0288
1543308900,0.0288
1543309200,0.0288
1543309500,0.0288
1543309800,0.0288
1543310100,0.0288
1543310400,0.0288
1543310700,0.0288
1543311000,0.0288
1543311300,0.0288
1543311600,0.0288
1543311900,0.0288
1543312200,0.0288
1543312500,0.0288
1543312800,0.0288
1543313100,0.0288
1543313400,0.0288
1543313700,0.0288
1543314000,0.0288
1543314300,0.0288
1543314600,0.0288
1543314900,0.0288
1543315200,0.0288
1543315500,0.0288
1543315800,0.0288
1543316100,0.0288
1543316400,0.0288
1543316700,0.0288
1543317000,0.0288
1543317300,0.0288
1543317600,0.0288
1543317900,0.0288
1543318200,0.0288
1543318500,0.0288
1543318800,0.0288
1543319100,0.0288
1543319400,0.0288
1543319700,0.0288
1543320000,0.0288
1543320300,0.0288
1543320600,0.0288
1543320900,0.0288
1543321200,0.0288
1543321500,0.0288
1543321800,0.0288
1543322100,0.0288
1543322400,0.0288
1543322700,0.0288
1543323000,0.0288
1543323300,0.0288
1543323600,0.0288
1543323900,0.0288
1543324200,0.0288
1543324500,0.0288
1543324800,0.0288
1543325100,0.0288
1543325400,0.0288
1543325700,0.0288
1543326000,0.0288
1543326300,0.0288
1543326600,0.0288
1543326900,0.0288
1543327200,0.0288
1543327500,0.0288
1543327800,0.0288
1543328100,0.0288
1543328400,0.0288
1543328700,0.0288
1543329000,0.0288
1543329300,0.0288
1543329600,0.0288
1543329900,0.0288
1543330200,0.0288
1543330500,0.0288
1543330800,0.0288
1543331100,0.0288
1543331400,0.0288
1543331700,0.0288
1543332000,0.0288
1543332300,0.0288
1543332600,0.0288
1543332900,0.0288
1543333200,0.0288
1543333500,0.0288
1543333800,0.0288
1543334100,0.0288
1543334400,0.0288
1543334700,0.0288
1543335000,0.0288
1543335300,0.0288
1543335600,0.0288
1543335900,0.0288
1543336200,0.0288
1543336500,0.0288
1543336800,0.0288
1543337100,0.0288
1543337400,0.0288
1543337700,0.0288
1543338000,0.0288
1543338300,0.0288
1543338600,0.0288
1543338900,0.0288
1543339200,0.0288
1543339500,0.0288
1543339800,0.0288
1543340100,0.0288
1543340400,0.0288
1543340700,0.0288
1543341000,0.0288
1543341300,0.0288
1543341600,0.0288
1543341900,0.0288
1543342200,0.0288
1543342500,0.0288
1543342800,0.0288
1543343100,0.0288
1543343400,0.0288
1543343700,0.0288
1543344000,0.0288
1543344300,0.0288
1543344600,0.0288
1543344900,0.0288
1543345200,0.0288
1543345500,0.0288
1543345800,0.0288
1543346100,0.0288
1543346400,0.0288
1543346700,0.0288
1543347000,0.0288
1543347300,0.0288
1543347600,0.0288
1543347900,0.0288
1543348200,0.0288
1543348500,0.0288
1543348800,0.0288
1543349100,0.0288
1543349400,0.0288
1543349700,0.0288
1543350000,0.0288
1543350300,0.0288
1543350600,0.0288
1543350900,0.0288
1543351200,0.0288
1543351500,0.0288
1543351800,0.0288
1543352100,0.0288
1543352400,0.0288
1543352700,0.0288
1543353000,0.0288
1543353300,0.0288
1543353600,0.0288
1543353900,0.0288
1543354200,0.0288
1543354500,0.0288
1543354800,0.0288
1543355100,0.0288
1543355400,0.0288
1543355700,0.0288
1543356000,0.0288
1543356300,0.0288
1543356600,0.0288
1543356900,0.0288
1543357200,0.0288
1543357500,0.0288
1543357800,0.0288
1543358100,0.0288
1543358400,0.0288
1543358700,0.0288
1543359000,0.0288
1543359300,0.0288
1543359600,0.0288
1543359900,0.0288
1543360200,0.0288
1543360500,0.0288
1543360800,0.0288
1543361100,0.0288
1543361400,0.0288
1543361700,0.0288
1543362000,0.0288
1543362300,0.0288
1543362600,0.0288
1543362900,0.0288
1543363200,0.034133334
1543363500,0.034133334
1543363800,0.034133334
1543364100,0.034133334
1543364400,0.034133334
1543364700,0.034133334
1543365000,0.034133334
1543365300,0.034133334
1543365600,0.034133334
1543365900,0.034133334
1543366200,0.034133334
1543366500,0.034133334
1543366800,0.034133334
1543367100,0.034133334
1543367400,0.034133334
1543367700,0.034133334
1543368000,0.034133334
1543368300,0.034133334
1543368600,0.034133334
1543368900,0.034133334
1543369200,0.034133334
1543369500,0.034133334
1543369800,0.034133334
1543370100,0.034133334
1543370400,0.034133334
1543370700,0.034133334
1543371000,0.034133334
1543371300,0.034133334
1543371600,0.034133334
1543371900,0.034133334
1543372200,0.034133334
1543372500,0.034133334
1543372800,0.034133334
1543373100,0.034133334
1543373400,0.034133334
1543373700,0.034133334
1543374000,0.034133334
1543374300,0.034133334
1543374600,0.034133334
1543374900,0.034133334
1543375200,0.034133334
1543375500,0.034133334
1543375800,0.034133334
1543376100,0.034133334
1543376400,0.034133334
1543376700,0.034133334
1543377000,0.034133334
1543377300,0.034133334
1543377600,0.034133334
1543377900,0.034133334
1543378200,0.034133334
1543378500,0.034133334
1543378800,0.034133334
1543379100,0.034133334
1543379400,0.034133334
1543379700,0.034133334
1543380000,0.034133334
1543380300,0.034133334
1543380600,0.034133334
1543380900,0.034133334
1543381200,0.034133334
1543381500,0.034133334
1543381800,0.034133334
1543382100,0.034133334
1543382400,0.034133334
1543382700,0.034133334
1543383000,0.034133334
1543383300,0.034133334
1543383600,0.034133334
1543383900,0.034133334
1543384200,0.034133334
1543384500,0.034133334
1543384800,0.034133334
1543385100,0.034133334
1543385400,0.034133334
1543385700,0.034133334
1543386000,0.034133334
1543386300,0.034133334
1543386600,0.034133334
1543386900,0.034133334
1543387200,0.034133334
1543387500,0.034133334
1543387800,0.034133334
1543388100,0.034133334
1543388400,0.034133334
1543388700,0.034133334
1543389000,0.034133334
1543389300,0.034133334
1543389600,0.034133334
1543389900,0.034133334
1543390200,0.034133334
1543390500,0.034133334
1543390800,0.034133334
1543391100,0.034133334
1543391400,0.034133334
1543391700,0.034133334
1543392000,0.034133334
1543392300,0.034133334
1543392600,0.034133334
1543392900,0.034133334
1543393200,0.034133334
1543393500,0.034133334
1543393800,0.034133334
1543394100,0.034133334
1543394400,0.034133334
1543394700,0.034133334
1543395000,0.034133334
1543395300,0.034133334
1543395600,0.034133334
1543395900,0.034133334
1543396200,0.034133334
1543396500,0.034133334
1543396800,0.034133334
1543397100,0.034133334
1543397400,0.034133334
1543397700,0.034133334
1543398000,0.034133334
1543398300,0.034133334
1543398600,0.034133334
1543398900,0.034133334
1543399200,0.034133334
1543399500,0.034133334
1543399800,0.034133334
1543400100,0.034133334
1543400400,0.034133334
1543400700,0.034133334
1543401000,0.034133334
1543401300,0.034133334
1543401600,0.034133334
1543401900,0.034133334
1543402200,0.034133334
1543402500,0.034133334
1543402800,0.034133334
1543403100,0.034133334
1543403400,0.034133334
1543403700,0.034133334
1543404000,0.034133334
1543404300,0.034133334
1543404600,0.034133334
1543404900,0.034133334
1543405200,0.034133334
1543405500,0.034133334
1543405800,0.034133334
1543406100,0.034133334
1543406400,0.034133334
1543406700,0.034133334
1543407000,0.034133334
1543407300,0.034133334
1543407600,0.034133334
1543407900,0.034133334
1543408200,0.034133334
1543408500,0.034133334
1543408800,0.034133334
1543409100,0.034133334
1543409400,0.034133334
1543409700,0.034133334
1543410000,0.034133334
1543410300,0.034133334
1543410600,0.034133334
1543410900,0.034133334
1543411200,0.034133334
1543411500,0.034133334
1543411800,0.034133334
1543412100,0.034133334
1543412400,0.034133334
1543412700,0.034133334
1543413000,0.034133334
1543413300,0.034133334
1543413600,0.034133334
1543413900,0.034133334
1543414200,0.034133334
1543414500,0.034133334
1543414800,0.034133334
1543415100,0.034133334
1543415400,0.034133334
1543415700,0.034133334
1543416000,0.034133334
1543416300,0.034133334
1543416600,0.034133334
1543416900,0.034133334
1543417200,0.034133334
1543417500,0.034133334
1543417800,0.034133334
1543418100,0.034133334
1543418400,0.034133334
1543418700,0.034133334
1543419000,0.034133334
1543419300,0.034133334
1543419600,0.034133334
1543419900,0.034133334
1543420200,0.034133334
1543420500,0.034133334
1543420800,0.034133334
1543421100,0.034133334
1543421400,0.034133334
1543421700,0.034133334
1543422000,0.034133334
1543422300,0.034133334
1543422600,0.034133334
1543422900,0.034133334
1543423200,0.034133334
1543423500,0.034133334
1543423800,0.034133334
1543424100,0.034133334
1543424400,0.034133334
1543424700,0.034133334
1543425000,0.034133334
1543425300,0.034133334
1543425600,0.034133334
1543425900,0.034133334
1543426200,0.034133334
1543426500,0.034133334
1543426800,0.034133334
1543427100,0.034133334
1543427400,0.034133334
1543427700,0.034133334
1543428000,0.034133334
1543428300,0.034133334
1543428600,0.034133334
1543428900,0.034133334
1543429200,0.034133334
1543429500,0.034133334
1543429800,0.034133334
1543430100,0.034133334
1543430400,0.034133334
1543430700,0.034133334
1543431000,0.034133334
1543431300,0.034133334
1543431600,0.034133334
1543431900,0.034133334
1543432200,0.034133334
1543432500,0.034133334
1543432800,0.034133334
1543433100,0.034133334
1543433400,0.034133334
1543433700,0.034133334
1543434000,0.034133334
1543434300,0.034133334
1543434600,0.034133334
1543434900,0.034133334
1543435200,0.034133334
1543435500,0.034133334
1543435800,0.034133334
1543436100,0.034133334
1543436400,0.034133334
1543436700,0.034133334
1543437000,0.034133334
1543437300,0.034133334
1543437600,0.034133334
1543437900,0.034133334
1543438200,0.034133334
1543438500,0.034133334
1543438800,0.034133334
1543439100,0.034133334
1543439400,0.034133334
1543439700,0.034133334
1543440000,0.034133334
1543440300,0.034133334
1543440600,0.034133334
1543440900,0.034133334
1543441200,0.034133334
1543441500,0.034133334
1543441800,0.034133334
1543442100,0.034133334
1543442400,0.034133334
1543442700,0.034133334
1543443000,0.034133334
1543443300,0.034133334
1543443600,0.034133334
1543443900,0.034133334
1543444200,0.034133334
1543444500,0.034133334
1543444800,0.034133334
1543445100,0.034133334
1543445400,0.034133334
1543445700,0.034133334
1543446000,0.034133334
1543446300,0.034133334
1543446600,0.034133334
1543446900,0.034133334
1543447200,0.034133334
1543447500,0.034133334
1543447800,0.034133334
1543448100,0.034133334
1543448400,0.034133334
1543448700,0.034133334
1543449000,0.034133334
1543449300,0.034133334
1543449600,0.029866667
1543449900,0.029866667
1543450200,0.029866667
1543450500,0.029866667
1543450800,0.029866667
1543451100,0.029866667
1543451400,0.029866667
1543451700,0.029866667
1543452000,0.029866667
1543452300,0.029866667
1543452600,0.029866667
1543452900,0.029866667
1543453200,0.029866667
1543453500,0.029866667
1543453800,0.029866667
1543454100,0.029866667
1543454400,0.029866667
1543454700,0.029866667
1543455000,0.029866667
1543455300,0.029866667
1543455600,0.029866667
1543455900,0.029866667
1543456200,0.029866667
1543456500,0.029866667
1543456800,0.029866667
1543457100,0.029866667
1543457400,0.029866667
1543457700,0.029866667
1543458000,0.029866667
1543458300,0.029866667
1543458600,0.029866667
1543458900,0.029866667
1543459200,0.029866667
1543459500,0.029866667
1543459800,0.029866667
1543460100,0.029866667
1543460400,0.029866667
1543460700,0.029866667
1543461000,0.029866667
1543461300,0.029866667
1543461600,0.029866667
1543461900,0.029866667
1543462200,0.029866667
1543462500,0.029866667
1543462800,0.029866667
1543463100,0.029866667
1543463400,0.029866667
1543463700,0.029866667
1543464000,0.029866667
1543464300,0.029866667
1543464600,0.029866667
1543464900,0.029866667
1543465200,0.029866667
1543465500,0.029866667
1543465800,0.029866667
1543466100,0.029866667
1543466400,0.029866667
1543466700,0.029866667
1543467000,0.029866667
1543467300,0.029866667
1543467600,0.029866667
1543467900,0.029866667
1543468200,0.029866667
1543468500,0.029866667
1543468800,0.029866667
1543469100,0.029866667
1543469400,0.029866667
1543469700,0.029866667
1543470000,0.029866667
1543470300,0.029866667
1543470600,0.029866667
1543470900,0.029866667
1543471200,0.029866667
1543471500,0.029866667
1543471800,0.029866667
1543472100,0.029866667
1543472400,0.029866667
1543472700,0.029866667
1543473000,0.029866667
1543473300,0.029866667
1543473600,0.029866667
1543473900,0.029866667
1543474200,0.029866667
1543474500,0.029866667
1543474800,0.029866667
1543475100,0.029866667
1543475400,0.029866667
1543475700,0.029866667
1543476000,0.029866667
1543476300,0.029866667
1543476600,0.029866667
1543476900,0.029866667
1543477200,0.029866667
1543477500,0.029866667
1543477800,0.029866667
1543478100,0.029866667
1543478400,0.029866667
1543478700,0.029866667
1543479000,0.029866667
1543479300,0.029866667
1543479600,0.029866667
1543479900,0.029866667
1543480200,0.029866667
1543480500,0.029866667
1543480800,0.029866667
1543481100,0.029866667
1543481400,0.029866667
1543481700,0.029866667
1543482000,0.029866667
1543482300,0.029866667
1543482600,0.029866667
1543482900,0.029866667
1543483200,0.029866667
1543483500,0.029866667
1543483800,0.029866667
1543484100,0.029866667
1543484400,0.029866667
1543484700,0.029866667
1543485000,0.029866667
1543485300,0.029866667
1543485600,0.029866667
1543485900,0.029866667
1543486200,0.029866667
1543486500,0.029866667
1543486800,0.029866667
1543487100,0.029866667
1543487400,0.029866667
1543487700,0.029866667
1543488000,0.029866667
1543488300,0.029866667
1543488600,0.029866667
1543488900,0.029866667
1543489200,0.029866667
1543489500,0.029866667
1543489800,0.029866667
1543490100,0.029866667
1543490400,0.029866667
1543490700,0.029866667
1543491000,0.029866667
1543491300,0.029866667
1543491600,0.029866667
1543491900,0.029866667
1543492200,0.029866667
1543492500,0.029866667
1543492800,0.029866667
1543493100,0.029866667
1543493400,0.029866667
1543493700,0.029866667
1543494000,0.029866667
1543494300,0.029866667
1543494600,0.029866667
1543494900,0.029866667
1543495200,0.029866667
1543495500,0.029866667
1543495800,0.029866667
1543496100,0.029866667
1543496400,0.029866667
1543496700,0.029866667
1543497000,0.029866667
1543497300,0.029866667
1543497600,0.029866667
1543497900,0.029866667
1543498200,0.029866667
1543498500,0.029866667
1543498800,0.029866667
1543499100,0.029866667
1543499400,0.029866667
1543499700,0.029866667
1543500000,0.029866667
1543500300,0.029866667
1543500600,0.029866667
1543500900,0.029866667
1543501200,0.029866667
1543501500,0.029866667
1543501800,0.029866667
1543502100,0.029866667
1543502400,0.029866667
1543502700,0.029866667
1543503000,0.029866667
1543503300,0.029866667
1543503600,0.029866667
1543503900,0.029866667
1543504200,0.029866667
1543504500,0.029866667
1543504800,0.029866667
1543505100,0.029866667
1543505400,0.029866667
1543505700,0.029866667
1543506000,0.029866667
1543506300,0.029866667
1543506600,0.029866667
1543506900,0.029866667
1543507200,0.029866667
1543507500,0.029866667
1543507800,0.029866667
1543508100,0.029866667
1543508400,0.029866667
1543508700,0.029866667
1543509000,0.029866667
1543509300,0.029866667
1543509600,0.029866667
1543509900,0.029866667
1543510200,0.029866667
1543510500,0.029866667
1543510800,0.029866667
1543511100,0.029866667
1543511400,0.029866667
1543511700,0.029866667
1543512000,0.029866667
1543512300,0.029866667
1543512600,0.029866667
1543512900,0.029866667
1543513200,0.029866667
1543513500,0.029866667
1543513800,0.029866667
1543514100,0.029866667
1543514400,0.029866667
1543514700,0.029866667
1543515000,0.029866667
1543515300,0.029866667
1543515600,0.029866667
1543515900,0.029866667
1543516200,0.029866667
1543516500,0.029866667
1543516800,0.029866667
1543517100,0.029866667
1543517400,0.029866667
1543517700,0.029866667
1543518000,0.029866667
1543518300,0.029866667
1543518600,0.029866667
1543518900,0.029866667
1543519200,0.029866667
1543519500,0.029866667
1543519800,0.029866667
1543520100,0.029866667
1543520400,0.029866667
1543520700,0.029866667
1543521000,0.029866667
1543521300,0.029866667
1543521600,0.029866667
1543521900,0.029866667
1543522200,0.029866667
1543522500,0.029866667
1543522800,0.029866667
1543523100,0.029866667
1543523400,0.029866667
1543523700,0.029866667
1543524000,0.029866667
1543524300,0.029866667
1543524600,0.029866667
1543524900,0.029866667
1543525200,0.029866667
1543525500,0.029866667
1543525800,0.029866667
1543526100,0.029866667
1543526400,0.029866667
1543526700,0.029866667
1543527000,0.029866667
1543527300,0.029866667
1543527600,0.029866667
1543527900,0.029866667
1543528200,0.029866667
1543528500,0.029866667
1543528800,0.029866667
1543529100,0.029866667
1543529400,0.029866667
1543529700,0.029866667
1543530000,0.029866667
1543530300,0.029866667
1543530600,0.029866667
1543530900,0.029866667
1543531200,0.029866667
1543531500,0.029866667
1543531800,0.029866667
1543532100,0.029866667
1543532400,0.029866667
1543532700,0.029866667
1543533000,0.029866667
1543533300,0.029866667
1543533600,0.029866667
1543533900,0.029866667
1543534200,0.029866667
1543534500,0.029866667
1543534800,0.029866667
1543535100,0.029866667
1543535400,0.029866667
1543535700,0.029866667
1543536000,0.047466667
1543536300,0.047466667
1543536600,0.047466667
1543536900,0.047466667
1543537200,0.047466667
1543537500,0.047466667
1543537800,0.047466667
1543538100,0.047466667
1543538400,0.047466667
1543538700,0.047466667
1543539000,0.047466667
1543539300,0.047466667
1543539600,0.047466667
1543539900,0.047466667
1543540200,0.047466667
1543540500,0.047466667
1543540800,0.047466667
1543541100,0.047466667
1543541400,0.047466667
1543541700,0.047466667
1543542000,0.047466667
1543542300,0.047466667
1543542600,0.047466667
1543542900,0.047466667
1543543200,0.047466667
1543543500,0.047466667
1543543800,0.047466667
1543544100,0.047466667
1543544400,0.047466667
1543544700,0.047466667
1543545000,0.047466667
1543545300,0.047466667
1543545600,0.047466667
1543545900,0.047466667
1543546200,0.047466667
1543546500,0.047466667
1543546800,0.047466667
1543547100,0.047466667
1543547400,0.047466667
1543547700,0.047466667
1543548000,0.047466667
1543548300,0.047466667
1543548600,0.047466667
1543548900,0.047466667
1543549200,0.047466667
1543549500,0.047466667
1543549800,0.047466667
1543550100,0.047466667
1543550400,0.047466667
1543550700,0.047466667
1543551000,0.047466667
1543551300,0.047466667
1543551600,0.047466667
1543551900,0.047466667
1543552200,0.047466667
1543552500,0.047466667
1543552800,0.047466667
1543553100,0.047466667
1543553400,0.047466667
1543553700,0.047466667
1543554000,0.047466667
1543554300,0.047466667
1543554600,0.047466667
1543554900,0.047466667
1543555200,0.047466667
1543555500,0.047466667
1543555800,0.047466667
1543556100,0.047466667
1543556400,0.047466667
1543556700,0.047466667
1543557000,0.047466667
1543557300,0.047466667
1543557600,0.047466667
1543557900,0.047466667
1543558200,0.047466667
1543558500,0.047466667
1543558800,0.047466667
1543559100,0.047466667
1543559400,0.047466667
1543559700,0.047466667
1543560000,0.047466667
1543560300,0.047466667
1543560600,0.047466667
1543560900,0.047466667
1543561200,0.047466667
1543561500,0.047466667
1543561800,0.047466667
1543562100,0.047466667
1543562400,0.047466667
1543562700,0.047466667
1543563000,0.047466667
1543563300,0.047466667
1543563600,0.047466667
1543563900,0.047466667
1543564200,0.047466667
1543564500,0.047466667
1543564800,0.047466667
1543565100,0.047466667
1543565400,0.047466667
1543565700,0.047466667
1543566000,0.047466667
1543566300,0.047466667
1543566600,0.047466667
1543566900,0.047466667
1543567200,0.047466667
1543567500,0.047466667
1543567800,0.047466667
1543568100,0.047466667
1543568400,0.047466667
1543568700,0.047466667
1543569000,0.047466667
1543569300,0.047466667
1543569600,0.047466667
1543569900,0.047466667
1543570200,0.047466667
1543570500,0.047466667
1543570800,0.047466667
1543571100,0.047466667
1543571400,0.047466667
1543571700,0.047466667
1543572000,0.047466667
1543572300,0.047466667
1543572600,0.047466667
1543572900,0.047466667
1543573200,0.047466667
1543573500,0.047466667
1543573800,0.047466667
1543574100,0.047466667
1543574400,0.047466667
1543574700,0.047466667
1543575000,0.047466667
1543575300,0.047466667
1543575600,0.047466667
1543575900,0.047466667
1543576200,0.047466667
1543576500,0.047466667
1543576800,0.047466667
1543577100,0.047466667
1543577400,0.047466667
1543577700,0.047466667
1543578000,0.047466667
1543578300,0.047466667
1543578600,0.047466667
1543578900,0.047466667
1543579200,0.047466667
1543579500,0.047466667
1543579800,0.047466667
1543580100,0.047466667
1543580400,0.047466667
1543580700,0.047466667
1543581000,0.047466667
1543581300,0.047466667
1543581600,0.047466667
1543581900,0.047466667
1543582200,0.047466667
1543582500,0.047466667
1543582800,0.047466667
1543583100,0.047466667
1543583400,0.047466667
1543583700,0.047466667
1543584000,0.047466667
1543584300,0.047466667
1543584600,0.047466667
1543584900,0.047466667
1543585200,0.047466667
1543585500,0.047466667
1543585800,0.047466667
1543586100,0.047466667
1543586400,0.047466667
1543586700,0.047466667
1543587000,0.047466667
1543587300,0.047466667
1543587600,0.047466667
1543587900,0.047466667
1543588200,0.047466667
1543588500,0.047466667
1543588800,0.047466667
1543589100,0.047466667
1543589400,0.047466667
1543589700,0.047466667
1543590000,0.047466667
1543590300,0.047466667
1543590600,0.047466667
1543590900,0.047466667
1543591200,0.047466667
1543591500,0.047466667
1543591800,0.047466667
1543592100,0.047466667
1543592400,0.047466667
1543592700,0.047466667
1543593000,0.047466667
1543593300,0.047466667
1543593600,0.047466667
1543593900,0.047466667
1543594200,0.047466667
1543594500,0.047466667
1543594800,0.047466667
1543595100,0.047466667
1543595400,0.047466667
1543595700,0.047466667
1543596000,0.047466667
1543596300,0.047466667
1543596600,0.047466667
1543596900,0.047466667
1543597200,0.047466667
1543597500,0.047466667
1543597800,0.047466667
1543598100,0.047466667
1543598400,0.047466667
1543598700,0.047466667
1543599000,0.047466667
1543599300,0.047466667
1543599600,0.047466667
1543599900,0.047466667
1543600200,0.047466667
1543600500,0.047466667
1543600800,0.047466667
1543601100,0.047466667
1543601400,0.047466667
1543601700,0.047466667
1543602000,0.047466667
1543602300,0.047466667
1543602600,0.047466667
1543602900,0.047466667
1543603200,0.047466667
1543603500,0.047466667
1543603800,0.047466667
1543604100,0.047466667
1543604400,0.047466667
1543604700,0.047466667
1543605000,0.047466667
1543605300,0.047466667
1543605600,0.047466667
1543605900,0.047466667
1543606200,0.047466667
1543606500,0.047466667
1543606800,0.047466667
1543607100,0.047466667
1543607400,0.047466667
1543607700,0.047466667
1543608000,0.047466667
1543608300,0.047466667
1543608600,0.047466667
1543608900,0.047466667
1543609200,0.047466667
1543609500,0.047466667
1543609800,0.047466667
1543610100,0.047466667
1543610400,0.047466667
1543610700,0.047466667
1543611000,0.047466667
1543611300,0.047466667
1543611600,0.047466667
1543611900,0.047466667
1543612200,0.047466667
1543612500,0.047466667
1543612800,0.047466667
1543613100,0.047466667
1543613400,0.047466667
1543613700,0.047466667
1543614000,0.047466667
1543614300,0.047466667
1543614600,0.047466667
1543614900,0.047466667
1543615200,0.047466667
1543615500,0.047466667
1543615800,0.047466667
1543616100,0.047466667
1543616400,0.047466667
1543616700,0.047466667
1543617000,0.047466667
1543617300,0.047466667
1543617600,0.047466667
1543617900,0.047466667
1543618200,0.047466667
1543618500,0.047466667
1543618800,0.047466667
1543619100,0.047466667
1543619400,0.047466667
1543619700,0.047466667
1543620000,0.047466667
1543620300,0.047466667
1543620600,0.047466667
1543620900,0.047466667
1543621200,0.047466667
1543621500,0.047466667
1543621800,0.047466667
1543622100,0.047466667
1543622400,0.027733334
1543622700,0.027733334
1543623000,0.027733334
1543623300,0.027733334
1543623600,0.027733334
1543623900,0.027733334
1543624200,0.027733334
1543624500,0.027733334
1543624800,0.027733334
1543625100,0.027733334
1543625400,0.027733334
1543625700,0.027733334
1543626000,0.027733334
1543626300,0.027733334
1543626600,0.027733334
1543626900,0.027733334
1543627200,0.027733334
1543627500,0.027733334
1543627800,0.027733334
1543628100,0.027733334
1543628400,0.027733334
1543628700,0.027733334
1543629000,0.027733334
1543629300,0.027733334
1543629600,0.027733334
1543629900,0.027733334
1543630200,0.027733334
1543630500,0.027733334
1543630800,0.027733334
1543631100,0.027733334
1543631400,0.027733334
1543631700,0.027733334
1543632000,0.027733334
1543632300,0.027733334
1543632600,0.027733334
1543632900,0.027733334
1543633200,0.027733334
1543633500,0.027733334
1543633800,0.027733334
1543634100,0.027733334
1543634400,0.027733334
1543634700,0.027733334
1543635000,0.027733334
1543635300,0.027733334
1543635600,0.027733334
1543635900,0.027733334
1543636200,0.027733334
1543636500,0.027733334
1543636800,0.027733334
1543637100,0.027733334
1543637400,0.027733334
1543637700,0.027733334
1543638000,0.027733334
1543638300,0.027733334
1543638600,0.027733334
1543638900,0.027733334
1543639200,0.027733334
1543639500,0.027733334
1543639800,0.027733334
1543640100,0.027733334
1543640400,0.027733334
1543640700,0.027733334
1543641000,0.027733334
1543641300,0.027733334
1543641600,0.027733334
1543641900,0.027733334
1543642200,0.027733334
1543642500,0.027733334
1543642800,0.027733334
1543643100,0.027733334
1543643400,0.027733334
1543643700,0.027733334
1543644000,0.027733334
1543644300,0.027733334
1543644600,0.027733334
1543644900,0.027733334
1543645200,0.027733334
1543645500,0.027733334
1543645800,0.027733334
1543646100,0.027733334
1543646400,0.027733334
1543646700,0.027733334
1543647000,0.027733334
1543647300,0.027733334
1543647600,0.027733334
1543647900,0.027733334
1543648200,0.027733334
1543648500,0.027733334
1543648800,0.027733334
1543649100,0.027733334
1543649400,0.027733334
1543649700,0.027733334
1543650000,0.027733334
1543650300,0.027733334
1543650600,0.027733334
1543650900,0.027733334
1543651200,0.027733334
1543651500,0.027733334
1543651800,0.027733334
1543652100,0.027733334
1543652400,0.027733334
1543652700,0.027733334
1543653000,0.027733334
1543653300,0.027733334
1543653600,0.027733334
1543653900,0.027733334
1543654200,0.027733334
1543654500,0.027733334
1543654800,0.027733334
1543655100,0.027733334
1543655400,0.027733334
1543655700,0.027733334
1543656000,0.027733334
1543656300,0.027733334
1543656600,0.027733334
1543656900,0.027733334
1543657200,0.027733334
1543657500,0.027733334
1543657800,0.027733334
1543658100,0.027733334
1543658400,0.027733334
1543658700,0.027733334
1543659000,0.027733334
1543659300,0.027733334
1543659600,0.027733334
1543659900,0.027733334
1543660200,0.027733334
1543660500,0.027733334
1543660800,0.027733334
1543661100,0.027733334
1543661400,0.027733334
1543661700,0.027733334
1543662000,0.027733334
1543662300,0.027733334
1543662600,0.027733334
1543662900,0.027733334
1543663200,0.027733334
1543663500,0.027733334
1543663800,0.027733334
1543664100,0.027733334
1543664400,0.027733334
1543664700,0.027733334
1543665000,0.027733334
1543665300,0.027733334
1543665600,0.027733334
1543665900,0.027733334
1543666200,0.027733334
1543666500,0.027733334
1543666800,0.027733334
1543667100,0.027733334
1543667400,0.027733334
1543667700,0.027733334
1543668000,0.027733334
1543668300,0.027733334
1543668600,0.027733334
1543668900,0.027733334
1543669200,0.027733334
1543669500,0.027733334
1543669800,0.027733334
1543670100,0.027733334
1543670400,0.027733334
1543670700,0.027733334
1543671000,0.027733334
1543671300,0.027733334
1543671600,0.027733334
1543671900,0.027733334
1543672200,0.027733334
1543672500,0.027733334
1543672800,0.027733334
1543673100,0.027733334
1543673400,0.027733334
1543673700,0.027733334
1543674000,0.027733334
1543674300,0.027733334
1543674600,0.027733334
1543674900,0.027733334
1543675200,0.027733334
1543675500,0.027733334
1543675800,0.027733334
1543676100,0.027733334
1543676400,0.027733334
1543676700,0.027733334
1543677000,0.027733334
1543677300,0.027733334
1543677600,0.027733334
1543677900,0.027733334
1543678200,0.027733334
1543678500,0.027733334
1543678800,0.027733334
1543679100,0.027733334
1543679400,0.027733334
1543679700,0.027733334
1543680000,0.027733334
1543680300,0.027733334
1543680600,0.027733334
1543680900,0.027733334
1543681200,0.027733334
1543681500,0.027733334
1543681800,0.027733334
1543682100,0.027733334
1543682400,0.027733334
1543682700,0.027733334
1543683000,0.027733334
1543683300,0.027733334
1543683600,0.027733334
1543683900,0.027733334
1543684200,0.027733334
1543684500,0.027733334
1543684800,0.027733334
1543685100,0.027733334
1543685400,0.027733334
1543685700,0.027733334
1543686000,0.027733334
1543686300,0.027733334
1543686600,0.027733334
1543686900,0.027733334
1543687200,0.027733334
1543687500,0.027733334
1543687800,0.027733334
1543688100,0.027733334
1543688400,0.027733334
1543688700,0.027733334
1543689000,0.027733334
1543689300,0.027733334
1543689600,0.027733334
1543689900,0.027733334
1543690200,0.027733334
1543690500,0.027733334
1543690800,0.027733334
1543691100,0.027733334
1543691400,0.027733334
1543691700,0.027733334
1543692000,0.027733334
1543692300,0.027733334
1543692600,0.027733334
1543692900,0.027733334
1543693200,0.027733334
1543693500,0.027733334
1543693800,0.027733334
1543694100,0.027733334
1543694400,0.027733334
1543694700,0.027733334
1543695000,0.027733334
1543695300,0.027733334
1543695600,0.027733334
1543695900,0.027733334
1543696200,0.027733334
1543696500,0.027733334
1543696800,0.027733334
1543697100,0.027733334
1543697400,0.027733334
1543697700,0.027733334
1543698000,0.027733334
1543698300,0.027733334
1543698600,0.027733334
1543698900,0.027733334
1543699200,0.027733334
1543699500,0.027733334
1543699800,0.027733334
1543700100,0.027733334
1543700400,0.027733334
1543700700,0.027733334
1543701000,0.027733334
1543701300,0.027733334
1543701600,0.027733334
1543701900,0.027733334
1543702200,0.027733334
1543702500,0.027733334
1543702800,0.027733334
1543703100,0.027733334
1543703400,0.027733334
1543703700,0.027733334
1543704000,0.027733334
1543704300,0.027733334
1543704600,0.027733334
1543704900,0.027733334
1543705200,0.027733334
1543705500,0.027733334
1543705800,0.027733334
1543706100,0.027733334
1543706400,0.027733334
1543706700,0.027733334
1543707000,0.027733334
1543707300,0.027733334
1543707600,0.027733334
1543707900,0.027733334
1543708200,0.027733334
1543708500,0.027733334
1543708800,0.032533333
1543709100,0.032533333
1543709400,0.032533333
1543709700,0.032533333
1543710000,0.032533333
1543710300,0.032533333
1543710600,0.032533333
1543710900,0.032533333
1543711200,0.032533333
1543711500,0.032533333
1543711800,0.032533333
1543712100,0.032533333
1543712400,0.032533333
1543712700,0.032533333
1543713000,0.032533333
1543713300,0.032533333
1543713600,0.032533333
1543713900,0.032533333
1543714200,0.032533333
1543714500,0.032533333
1543714800,0.032533333
1543715100,0.032533333
1543715400,0.032533333
1543715700,0.032533333
1543716000,0.032533333
1543716300,0.032533333
1543716600,0.032533333
1543716900,0.032533333
1543717200,0.032533333
1543717500,0.032533333
1543717800,0.032533333
1543718100,0.032533333
1543718400,0.032533333
1543718700,0.032533333
1543719000,0.032533333
1543719300,0.032533333
1543719600,0.032533333
1543719900,0.032533333
1543720200,0.032533333
1543720500,0.032533333
1543720800,0.032533333
1543721100,0.032533333
1543721400,0.032533333
1543721700,0.032533333
1543722000,0.032533333
1543722300,0.032533333
1543722600,0.032533333
1543722900,0.032533333
1543723200,0.032533333
1543723500,0.032533333
1543723800,0.032533333
1543724100,0.032533333
1543724400,0.032533333
1543724700,0.032533333
1543725000,0.032533333
1543725300,0.032533333
1543725600,0.032533333
1543725900,0.032533333
1543726200,0.032533333
1543726500,0.032533333
1543726800,0.032533333
1543727100,0.032533333
1543727400,0.032533333
1543727700,0.032533333
1543728000,0.032533333
1543728300,0.032533333
1543728600,0.032533333
1543728900,0.032533333
1543729200,0.032533333
1543729500,0.032533333
1543729800,0.032533333
1543730100,0.032533333
1543730400,0.032533333
1543730700,0.032533333
1543731000,0.032533333
1543731300,0.032533333
1543731600,0.032533333
1543731900,0.032533333
1543732200,0.032533333
1543732500,0.032533333
1543732800,0.032533333
1543733100,0.032533333
1543733400,0.032533333
1543733700,0.032533333
1543734000,0.032533333
1543734300,0.032533333
1543734600,0.032533333
1543734900,0.032533333
1543735200,0.032533333
1543735500,0.032533333
1543735800,0.032533333
1543736100,0.032533333
1543736400,0.032533333
1543736700,0.032533333
1543737000,0.032533333
1543737300,0.032533333
1543737600,0.032533333
1543737900,0.032533333
1543738200,0.032533333
1543738500,0.032533333
1543738800,0.032533333
1543739100,0.032533333
1543739400,0.032533333
1543739700,0.032533333
1543740000,0.032533333
1543740300,0.032533333
1543740600,0.032533333
1543740900,0.032533333
1543741200,0.032533333
1543741500,0.032533333
1543741800,0.032533333
1543742100,0.032533333
1543742400,0.032533333
1543742700,0.032533333
1543743000,0.032533333
1543743300,0.032533333
1543743600,0.032533333
1543743900,0.032533333
1543744200,0.032533333
1543744500,0.032533333
1543744800,0.032533333
1543745100,0.032533333
1543745400,0.032533333
1543745700,0.032533333
1543746000,0.032533333
1543746300,0.032533333
1543746600,0.032533333
1543746900,0.032533333
1543747200,0.032533333
1543747500,0.032533333
1543747800,0.032533333
1543748100,0.032533333
1543748400,0.032533333
1543748700,0.032533333
1543749000,0.032533333
1543749300,0.032533333
1543749600,0.032533333
1543749900,0.032533333
1543750200,0.032533333
1543750500,0.032533333
1543750800,0.032533333
1543751100,0.032533333
1543751400,0.032533333
1543751700,0.032533333
1543752000,0.032533333
1543752300,0.032533333
1543752600,0.032533333
1543752900,0.032533333
1543753200,0.032533333
1543753500,0.032533333
1543753800,0.032533333
1543754100,0.032533333
1543754400,0.032533333
1543754700,0.032533333
1543755000,0.032533333
1543755300,0.032533333
1543755600,0.032533333
1543755900,0.032533333
1543756200,0.032533333
1543756500,0.032533333
1543756800,0.032533333
1543757100,0.032533333
1543757400,0.032533333
1543757700,0.032533333
1543758000,0.032533333
1543758300,0.032533333
1543758600,0.032533333
1543758900,0.032533333
1543759200,0.032533333
1543759500,0.032533333
1543759800,0.032533333
1543760100,0.032533333
1543760400,0.032533333
1543760700,0.032533333
1543761000,0.032533333
1543761300,0.032533333
1543761600,0.032533333
1543761900,0.032533333
1543762200,0.032533333
1543762500,0.032533333
1543762800,0.032533333
1543763100,0.032533333
1543763400,0.032533333
1543763700,0.032533333
1543764000,0.032533333
1543764300,0.032533333
1543764600,0.032533333
1543764900,0.032533333
1543765200,0.032533333
1543765500,0.032533333
1543765800,0.032533333
1543766100,0.032533333
1543766400,0.032533333
1543766700,0.032533333
1543767000,0.032533333
1543767300,0.032533333
1543767600,0.032533333
1543767900,0.032533333
1543768200,0.032533333
1543768500,0.032533333
1543768800,0.032533333
1543769100,0.032533333
1543769400,0.032533333
1543769700,0.032533333
1543770000,0.032533333
1543770300,0.032533333
1543770600,0.032533333
1543770900,0.032533333
1543771200,0.032533333
1543771500,0.032533333
1543771800,0.032533333
1543772100,0.032533333
1543772400,0.032533333
1543772700,0.032533333
1543773000,0.032533333
1543773300,0.032533333
1543773600,0.032533333
1543773900,0.032533333
1543774200,0.032533333
1543774500,0.032533333
1543774800,0.032533333
1543775100,0.032533333
1543775400,0.032533333
1543775700,0.032533333
1543776000,0.032533333
1543776300,0.032533333
1543776600,0.032533333
1543776900,0.032533333
1543777200,0.032533333
1543777500,0.032533333
1543777800,0.032533333
1543778100,0.032533333
1543778400,0.032533333
1543778700,0.032533333
1543779000,0.032533333
1543779300,0.032533333
1543779600,0.032533333
1543779900,0.032533333
1543780200,0.032533333
1543780500,0.032533333
1543780800,0.032533333
1543781100,0.032533333
1543781400,0.032533333
1543781700,0.032533333
1543782000,0.032533333
1543782300,0.032533333
1543782600,0.032533333
1543782900,0.032533333
1543783200,0.032533333
1543783500,0.032533333
1543783800,0.032533333
1543784100,0.032533333
1543784400,0.032533333
1543784700,0.032533333
1543785000,0.032533333
1543785300,0.032533333
1543785600,0.032533333
1543785900,0.032533333
1543786200,0.032533333
1543786500,0.032533333
1543786800,0.032533333
1543787100,0.032533333
1543787400,0.032533333
1543787700,0.032533333
1543788000,0.032533333
1543788300,0.032533333
1543788600,0.032533333
1543788900,0.032533333
1543789200,0.032533333
1543789500,0.032533333
1543789800,0.032533333
1543790100,0.032533333
1543790400,0.032533333
1543790700,0.032533333
1543791000,0.032533333
1543791300,0.032533333
1543791600,0.032533333
1543791900,0.032533333
1543792200,0.032533333
1543792500,0.032533333
1543792800,0.032533333
1543793100,0.032533333
1543793400,0.032533333
1543793700,0.032533333
1543794000,0.032533333
1543794300,0.032533333
1543794600,0.032533333
1543794900,0.032533333
1543795200,0.039466667
1543795500,0.039466667
1543795800,0.039466667
1543796100,0.039466667
1543796400,0.039466667
1543796700,0.039466667
1543797000,0.039466667
1543797300,0.039466667
1543797600,0.039466667
1543797900,0.039466667
1543798200,0.039466667
1543798500,0.039466667
1543798800,0.039466667
1543799100,0.039466667
1543799400,0.039466667
1543799700,0.039466667
1543800000,0.039466667
1543800300,0.039466667
1543800600,0.039466667
1543800900,0.039466667
1543801200,0.039466667
1543801500,0.039466667
1543801800,0.039466667
1543802100,0.039466667
1543802400,0.039466667
1543802700,0.039466667
1543803000,0.039466667
1543803300,0.039466667
1543803600,0.039466667
1543803900,0.039466667
1543804200,0.039466667
1543804500,0.039466667
1543804800,0.039466667
1543805100,0.039466667
1543805400,0.039466667
1543805700,0.039466667
1543806000,0.039466667
1543806300,0.039466667
1543806600,0.039466667
1543806900,0.039466667
1543807200,0.039466667
1543807500,0.039466667
1543807800,0.039466667
1543808100,0.039466667
1543808400,0.039466667
1543808700,0.039466667
1543809000,0.039466667
1543809300,0.039466667
1543809600,0.039466667
1543809900,0.039466667
1543810200,0.039466667
1543810500,0.039466667
1543810800,0.039466667
1543811100,0.039466667
1543811400,0.039466667
1543811700,0.039466667
1543812000,0.039466667
1543812300,0.039466667
1543812600,0.039466667
1543812900,0.039466667
1543813200,0.039466667
1543813500,0.039466667
1543813800,0.039466667
1543814100,0.039466667
1543814400,0.039466667
1543814700,0.039466667
1543815000,0.039466667
1543815300,0.039466667
1543815600,0.039466667
1543815900,0.039466667
1543816200,0.039466667
1543816500,0.039466667
1543816800,0.039466667
1543817100,0.039466667
1543817400,0.039466667
1543817700,0.039466667
1543818000,0.039466667
1543818300,0.039466667
1543818600,0.039466667
1543818900,0.039466667
1543819200,0.039466667
1543819500,0.039466667
1543819800,0.039466667
1543820100,0.039466667
1543820400,0.039466667
1543820700,0.039466667
1543821000,0.039466667
1543821300,0.039466667
1543821600,0.039466667
1543821900,0.039466667
1543822200,0.039466667
1543822500,0.039466667
1543822800,0.039466667
1543823100,0.039466667
1543823400,0.039466667
1543823700,0.039466667
1543824000,0.039466667
1543824300,0.039466667
1543824600,0.039466667
1543824900,0.039466667
1543825200,0.039466667
1543825500,0.039466667
1543825800,0.039466667
1543826100,0.039466667
1543826400,0.039466667
1543826700,0.039466667
1543827000,0.039466667
1543827300,0.039466667
1543827600,0.039466667
1543827900,0.039466667
1543828200,0.039466667
1543828500,0.039466667
1543828800,0.039466667
1543829100,0.039466667
1543829400,0.039466667
1543829700,0.039466667
1543830000,0.039466667
1543830300,0.039466667
1543830600,0.039466667
1543830900,0.039466667
1543831200,0.039466667
1543831500,0.039466667
1543831800,0.039466667
1543832100,0.039466667
1543832400,0.039466667
1543832700,0.039466667
1543833000,0.039466667
1543833300,0.039466667
1543833600,0.039466667
1543833900,0.039466667
1543834200,0.039466667
1543834500,0.039466667
1543834800,0.039466667
1543835100,0.039466667
1543835400,0.039466667
1543835700,0.039466667
1543836000,0.039466667
1543836300,0.039466667
1543836600,0.039466667
1543836900,0.039466667
1543837200,0.039466667
1543837500,0.039466667
1543837800,0.039466667
1543838100,0.039466667
1543838400,0.039466667
1543838700,0.039466667
1543839000,0.039466667
1543839300,0.039466667
1543839600,0.039466667
1543839900,0.039466667
1543840200,0.039466667
1543840500,0.039466667
1543840800,0.039466667
1543841100,0.039466667
1543841400,0.039466667
1543841700,0.039466667
1543842000,0.039466667
1543842300,0.039466667
1543842600,0.039466667
1543842900,0.039466667
1543843200,0.039466667
1543843500,0.039466667
1543843800,0.039466667
1543844100,0.039466667
1543844400,0.039466667
1543844700,0.039466667
1543845000,0.039466667
1543845300,0.039466667
1543845600,0.039466667
1543845900,0.039466667
1543846200,0.039466667
1543846500,0.039466667
1543846800,0.039466667
1543847100,0.039466667
1543847400,0.039466667
1543847700,0.039466667
1543848000,0.039466667
1543848300,0.039466667
1543848600,0.039466667
1543848900,0.039466667
1543849200,0.039466667
1543849500,0.039466667
1543849800,0.039466667
1543850100,0.039466667
1543850400,0.039466667
1543850700,0.039466667
1543851000,0.039466667
1543851300,0.039466667
1543851600,0.039466667
1543851900,0.039466667
1543852200,0.039466667
1543852500,0.039466667
1543852800,0.039466667
1543853100,0.039466667
1543853400,0.039466667
1543853700,0.039466667
1543854000,0.039466667
1543854300,0.039466667
1543854600,0.039466667
1543854900,0.039466667
1543855200,0.039466667
1543855500,0.039466667
1543855800,0.039466667
1543856100,0.039466667
1543856400,0.039466667
1543856700,0.039466667
1543857000,0.039466667
1543857300,0.039466667
1543857600,0.039466667
1543857900,0.039466667
1543858200,0.039466667
1543858500,0.039466667
1543858800,0.039466667
1543859100,0.039466667
1543859400,0.039466667
1543859700,0.039466667
1543860000,0.039466667
1543860300,0.039466667
1543860600,0.039466667
1543860900,0.039466667
1543861200,0.039466667
1543861500,0.039466667
1543861800,0.039466667
1543862100,0.039466667
1543862400,0.039466667
1543862700,0.039466667
1543863000,0.039466667
1543863300,0.039466667
1543863600,0.039466667
1543863900,0.039466667
1543864200,0.039466667
1543864500,0.039466667
1543864800,0.039466667
1543865100,0.039466667
1543865400,0.039466667
1543865700,0.039466667
1543866000,0.039466667
1543866300,0.039466667
1543866600,0.039466667
1543866900,0.039466667
1543867200,0.039466667
1543867500,0.039466667
1543867800,0.039466667
1543868100,0.039466667
1543868400,0.039466667
1543868700,0.039466667
1543869000,0.039466667
1543869300,0.039466667
1543869600,0.039466667
1543869900,0.039466667
1543870200,0.039466667
1543870500,0.039466667
1543870800,0.039466667
1543871100,0.039466667
1543871400,0.039466667
1543871700,0.039466667
1543872000,0.039466667
1543872300,0.039466667
1543872600,0.039466667
1543872900,0.039466667
1543873200,0.039466667
1543873500,0.039466667
1543873800,0.039466667
1543874100,0.039466667
1543874400,0.039466667
1543874700,0.039466667
1543875000,0.039466667
1543875300,0.039466667
1543875600,0.039466667
1543875900,0.039466667
1543876200,0.039466667
1543876500,0.039466667
1543876800,0.039466667
1543877100,0.039466667
1543877400,0.039466667
1543877700,0.039466667
1543878000,0.039466667
1543878300,0.039466667
1543878600,0.039466667
1543878900,0.039466667
1543879200,0.039466667
1543879500,0.039466667
1543879800,0.039466667
1543880100,0.039466667
1543880400,0.039466667
1543880700,0.039466667
1543881000,0.039466667
1543881300,0.039466667
1543881600,0.0288
1543881900,0.0288
1543882200,0.0288
1543882500,0.0288
1543882800,0.0288
1543883100,0.0288
1543883400,0.0288
1543883700,0.0288
1543884000,0.0288
1543884300,0.0288
1543884600,0.0288
1543884900,0.0288
1543885200,0.0288
1543885500,0.0288
1543885800,0.0288
1543886100,0.0288
1543886400,0.0288
1543886700,0.0288
1543887000,0.0288
1543887300,0.0288
1543887600,0.0288
1543887900,0.0288
1543888200,0.0288
1543888500,0.0288
1543888800,0.0288
1543889100,0.0288
1543889400,0.0288
1543889700,0.0288
1543890000,0.0288
1543890300,0.0288
1543890600,0.0288
1543890900,0.0288
1543891200,0.0288
1543891500,0.0288
1543891800,0.0288
1543892100,0.0288
1543892400,0.0288
1543892700,0.0288
1543893000,0.0288
1543893300,0.0288
1543893600,0.0288
1543893900,0.0288
1543894200,0.0288
1543894500,0.0288
1543894800,0.0288
1543895100,0.0288
1543895400,0.0288
1543895700,0.0288
1543896000,0.0288
1543896300,0.0288
1543896600,0.0288
1543896900,0.0288
1543897200,0.0288
1543897500,0.0288
1543897800,0.0288
1543898100,0.0288
1543898400,0.0288
1543898700,0.0288
1543899000,0.0288
1543899300,0.0288
1543899600,0.0288
1543899900,0.0288
1543900200,0.0288
1543900500,0.0288
1543900800,0.0288
1543901100,0.0288
1543901400,0.0288
1543901700,0.0288
1543902000,0.0288
1543902300,0.0288
1543902600,0.0288
1543902900,0.0288
1543903200,0.0288
1543903500,0.0288
1543903800,0.0288
1543904100,0.0288
1543904400,0.0288
1543904700,0.0288
1543905000,0.0288
1543905300,0.0288
1543905600,0.0288
1543905900,0.0288
1543906200,0.0288
1543906500,0.0288
1543906800,0.0288
1543907100,0.0288
1543907400,0.0288
1543907700,0.0288
1543908000,0.0288
1543908300,0.0288
1543908600,0.0288
1543908900,0.0288
1543909200,0.0288
1543909500,0.0288
1543909800,0.0288
1543910100,0.0288
1543910400,0.0288
1543910700,0.0288
1543911000,0.0288
1543911300,0.0288
1543911600,0.0288
1543911900,0.0288
1543912200,0.0288
1543912500,0.0288
1543912800,0.0288
1543913100,0.0288
1543913400,0.0288
1543913700,0.0288
1543914000,0.0288
1543914300,0.0288
1543914600,0.0288
1543914900,0.0288
1543915200,0.0288
1543915500,0.0288
1543915800,0.0288
1543916100,0.0288
1543916400,0.0288
1543916700,0.0288
1543917000,0.0288
1543917300,0.0288
1543917600,0.0288
1543917900,0.0288
1543918200,0.0288
1543918500,0.0288
1543918800,0.0288
1543919100,0.0288
1543919400,0.0288
1543919700,0.0288
1543920000,0.0288
1543920300,0.0288
1543920600,0.0288
1543920900,0.0288
1543921200,0.0288
1543921500,0.0288
1543921800,0.0288
1543922100,0.0288
1543922400,0.0288
1543922700,0.0288
1543923000,0.0288
1543923300,0.0288
1543923600,0.0288
1543923900,0.0288
1543924200,0.0288
1543924500,0.0288
1543924800,0.0288
1543925100,0.0288
1543925400,0.0288
1543925700,0.0288
1543926000,0.0288
1543926300,0.0288
1543926600,0.0288
1543926900,0.0288
1543927200,0.0288
1543927500,0.0288
1543927800,0.0288
1543928100,0.0288
1543928400,0.0288
1543928700,0.0288
1543929000,0.0288
1543929300,0.0288
1543929600,0.0288
1543929900,0.0288
1543930200,0.0288
1543930500,0.0288
1543930800,0.0288
1543931100,0.0288
1543931400,0.0288
1543931700,0.0288
1543932000,0.0288
1543932300,0.0288
1543932600,0.0288
1543932900,0.0288
1543933200,0.0288
1543933500,0.0288
1543933800,0.0288
1543934100,0.0288
1543934400,0.0288
1543934700,0.0288
1543935000,0.0288
1543935300,0.0288
1543935600,0.0288
1543935900,0.0288
1543936200,0.0288
1543936500,0.0288
1543936800,0.0288
1543937100,0.0288
1543937400,0.0288
1543937700,0.0288
1543938000,0.0288
1543938300,0.0288
1543938600,0.0288
1543938900,0.0288
1543939200,0.0288
1543939500,0.0288
1543939800,0.0288
1543940100,0.0288
1543940400,0.0288
1543940700,0.0288
1543941000,0.0288
1543941300,0.0288
1543941600,0.0288
1543941900,0.0288
1543942200,0.0288
1543942500,0.0288
1543942800,0.0288
1543943100,0.0288
1543943400,0.0288
1543943700,0.0288
1543944000,0.0288
1543944300,0.0288
1543944600,0.0288
1543944900,0.0288
1543945200,0.0288
1543945500,0.0288
1543945800,0.0288
1543946100,0.0288
1543946400,0.0288
1543946700,0.0288
1543947000,0.0288
1543947300,0.0288
1543947600,0.0288
1543947900,0.0288
1543948200,0.0288
1543948500,0.0288
1543948800,0.0288
1543949100,0.0288
1543949400,0.0288
1543949700,0.0288
1543950000,0.0288
1543950300,0.0288
1543950600,0.0288
1543950900,0.0288
1543951200,0.0288
1543951500,0.0288
1543951800,0.0288
1543952100,0.0288
1543952400,0.0288
1543952700,0.0288
1543953000,0.0288
1543953300,0.0288
1543953600,0.0288
1543953900,0.0288
1543954200,0.0288
1543954500,0.0288
1543954800,0.0288
1543955100,0.0288
1543955400,0.0288
1543955700,0.0288
1543956000,0.0288
1543956300,0.0288
1543956600,0.0288
1543956900,0.0288
1543957200,0.0288
1543957500,0.0288
1543957800,0.0288
1543958100,0.0288
1543958400,0.0288
1543958700,0.0288
1543959000,0.0288
1543959300,0.0288
1543959600,0.0288
1543959900,0.0288
1543960200,0.0288
1543960500,0.0288
1543960800,0.0288
1543961100,0.0288
1543961400,0.0288
1543961700,0.0288
1543962000,0.0288
1543962300,0.0288
1543962600,0.0288
1543962900,0.0288
1543963200,0.0288
1543963500,0.0288
1543963800,0.0288
1543964100,0.0288
1543964400,0.0288
1543964700,0.0288
1543965000,0.0288
1543965300,0.0288
1543965600,0.0288
1543965900,0.0288
1543966200,0.0288
1543966500,0.0288
1543966800,0.0288
1543967100,0.0288
1543967400,0.0288
1543967700,0.0288
1543968000,0.026666667
1543968300,0.026666667
1543968600,0.026666667
1543968900,0.026666667
1543969200,0.026666667
1543969500,0.026666667
1543969800,0.026666667
1543970100,0.026666667
1543970400,0.026666667
1543970700,0.026666667
1543971000,0.026666667
1543971300,0.026666667
1543971600,0.026666667
1543971900,0.026666667
1543972200,0.026666667
1543972500,0.026666667
1543972800,0.026666667
1543973100,0.026666667
1543973400,0.026666667
1543973700,0.026666667
1543974000,0.026666667
1543974300,0.026666667
1543974600,0.026666667
1543974900,0.026666667
1543975200,0.026666667
1543975500,0.026666667
1543975800,0.026666667
1543976100,0.026666667
1543976400,0.026666667
1543976700,0.026666667
1543977000,0.026666667
1543977300,0.026666667
1543977600,0.026666667
1543977900,0.026666667
1543978200,0.026666667
1543978500,0.026666667
1543978800,0.026666667
1543979100,0.026666667
1543979400,0.026666667
1543979700,0.026666667
1543980000,0.026666667
1543980300,0.026666667
1543980600,0.026666667
1543980900,0.026666667
1543981200,0.026666667
1543981500,0.026666667
1543981800,0.026666667
1543982100,0.026666667
1543982400,0.026666667
1543982700,0.026666667
1543983000,0.026666667
1543983300,0.026666667
1543983600,0.026666667
1543983900,0.026666667
1543984200,0.026666667
1543984500,0.026666667
1543984800,0.026666667
1543985100,0.026666667
1543985400,0.026666667
1543985700,0.026666667
1543986000,0.026666667
1543986300,0.026666667
1543986600,0.026666667
1543986900,0.026666667
1543987200,0.026666667
1543987500,0.026666667
1543987800,0.026666667
1543988100,0.026666667
1543988400,0.026666667
1543988700,0.026666667
1543989000,0.026666667
1543989300,0.026666667
1543989600,0.026666667
1543989900,0.026666667
1543990200,0.026666667
1543990500,0.026666667
1543990800,0.026666667
1543991100,0.026666667
1543991400,0.026666667
1543991700,0.026666667
1543992000,0.026666667
1543992300,0.026666667
1543992600,0.026666667
1543992900,0.026666667
1543993200,0.026666667
1543993500,0.026666667
1543993800,0.026666667
1543994100,0.026666667
1543994400,0.026666667
1543994700,0.026666667
1543995000,0.026666667
1543995300,0.026666667
1543995600,0.026666667
1543995900,0.026666667
1543996200,0.026666667
1543996500,0.026666667
1543996800,0.026666667
1543997100,0.026666667
1543997400,0.026666667
1543997700,0.026666667
1543998000,0.026666667
1543998300,0.026666667
1543998600,0.026666667
1543998900,0.026666667
1543999200,0.026666667
1543999500,0.026666667
1543999800,0.026666667
1544000100,0.026666667
1544000400,0.026666667
1544000700,0.026666667
1544001000,0.026666667
1544001300,0.026666667
1544001600,0.026666667
1544001900,0.026666667
1544002200,0.026666667
1544002500,0.026666667
1544002800,0.026666667
1544003100,0.026666667
1544003400,0.026666667
1544003700,0.026666667
1544004000,0.026666667
1544004300,0.026666667
1544004600,0.026666667
1544004900,0.026666667
1544005200,0.026666667
1544005500,0.026666667
1544005800,0.026666667
1544006100,0.026666667
1544006400,0.026666667
1544006700,0.026666667
1544007000,0.026666667
1544007300,0.026666667
1544007600,0.026666667
1544007900,0.026666667
1544008200,0.026666667
1544008500,0.026666667
1544008800,0.026666667
1544009100,0.026666667
1544009400,0.026666667
1544009700,0.026666667
1544010000,0.026666667
1544010300,0.026666667
1544010600,0.026666667
1544010900,0.026666667
1544011200,0.026666667
1544011500,0.026666667
1544011800,0.026666667
1544012100,0.026666667
1544012400,0.026666667
1544012700,0.026666667
1544013000,0.026666667
1544013300,0.026666667
1544013600,0.026666667
1544013900,0.026666667
1544014200,0.026666667
1544014500,0.026666667
1544014800,0.026666667
1544015100,0.026666667
1544015400,0.026666667
1544015700,0.026666667
1544016000,0.026666667
1544016300,0.026666667
1544016600,0.026666667
1544016900,0.026666667
1544017200,0.026666667
1544017500,0.026666667
1544017800,0.026666667
1544018100,0.026666667
1544018400,0.026666667
1544018700,0.026666667
1544019000,0.026666667
1544019300,0.026666667
1544019600,0.026666667
1544019900,0.026666667
1544020200,0.026666667
1544020500,0.026666667
1544020800,0.026666667
1544021100,0.026666667
1544021400,0.026666667
1544021700,0.026666667
1544022000,0.026666667
1544022300,0.026666667
1544022600,0.026666667
1544022900,0.026666667
1544023200,0.026666667
1544023500,0.026666667
1544023800,0.026666667
1544024100,0.026666667
1544024400,0.026666667
1544024700,0.026666667
1544025000,0.026666667
1544025300,0.026666667
1544025600,0.026666667
1544025900,0.026666667
1544026200,0.026666667
1544026500,0.026666667
1544026800,0.026666667
1544027100,0.026666667
1544027400,0.026666667
1544027700,0.026666667
1544028000,0.026666667
1544028300,0.026666667
1544028600,0.026666667
1544028900,0.026666667
1544029200,0.026666667
1544029500,0.026666667
1544029800,0.026666667
1544030100,0.026666667
1544030400,0.026666667
1544030700,0.026666667
1544031000,0.026666667
1544031300,0.026666667
1544031600,0.026666667
1544031900,0.026666667
1544032200,0.026666667
1544032500,0.026666667
1544032800,0.026666667
1544033100,0.026666667
1544033400,0.026666667
1544033700,0.026666667
1544034000,0.026666667
1544034300,0.026666667
1544034600,0.026666667
1544034900,0.026666667
1544035200,0.026666667
1544035500,0.026666667
1544035800,0.026666667
1544036100,0.026666667
1544036400,0.026666667
1544036700,0.026666667
1544037000,0.026666667
1544037300,0.026666667
1544037600,0.026666667
1544037900,0.026666667
1544038200,0.026666667
1544038500,0.026666667
1544038800,0.026666667
1544039100,0.026666667
1544039400,0.026666667
1544039700,0.026666667
1544040000,0.026666667
1544040300,0.026666667
1544040600,0.026666667
1544040900,0.026666667
1544041200,0.026666667
1544041500,0.026666667
1544041800,0.026666667
1544042100,0.026666667
1544042400,0.026666667
1544042700,0.026666667
1544043000,0.026666667
1544043300,0.026666667
1544043600,0.026666667
1544043900,0.026666667
1544044200,0.026666667
1544044500,0.026666667
1544044800,0.026666667
1544045100,0.026666667
1544045400,0.026666667
1544045700,0.026666667
1544046000,0.026666667
1544046300,0.026666667
1544046600,0.026666667
1544046900,0.026666667
1544047200,0.026666667
1544047500,0.026666667
1544047800,0.026666667
1544048100,0.026666667
1544048400,0.026666667
1544048700,0.026666667
1544049000,0.026666667
1544049300,0.026666667
1544049600,0.026666667
1544049900,0.026666667
1544050200,0.026666667
1544050500,0.026666667
1544050800,0.026666667
1544051100,0.026666667
1544051400,0.026666667
1544051700,0.026666667
1544052000,0.026666667
1544052300,0.026666667
1544052600,0.026666667
1544052900,0.026666667
1544053200,0.026666667
1544053500,0.026666667
1544053800,0.026666667
1544054100,0.026666667
1544054400,0.037333333
1544054700,0.037333333
1544055000,0.037333333
1544055300,0.037333333
1544055600,0.037333333
1544055900,0.037333333
1544056200,0.037333333
1544056500,0.037333333
1544056800,0.037333333
1544057100,0.037333333
1544057400,0.037333333
1544057700,0.037333333
1544058000,0.037333333
1544058300,0.037333333
1544058600,0.037333333
1544058900,0.037333333
1544059200,0.037333333
1544059500,0.037333333
1544059800,0.037333333
1544060100,0.037333333
1544060400,0.037333333
1544060700,0.037333333
1544061000,0.037333333
1544061300,0.037333333
1544061600,0.037333333
1544061900,0.037333333
1544062200,0.037333333
1544062500,0.037333333
1544062800,0.037333333
1544063100,0.037333333
1544063400,0.037333333
1544063700,0.037333333
1544064000,0.037333333
1544064300,0.037333333
1544064600,0.037333333
1544064900,0.037333333
1544065200,0.037333333
1544065500,0.037333333
1544065800,0.037333333
1544066100,0.037333333
1544066400,0.037333333
1544066700,0.037333333
1544067000,0.037333333
1544067300,0.037333333
1544067600,0.037333333
1544067900,0.037333333
1544068200,0.037333333
1544068500,0.037333333
1544068800,0.037333333
1544069100,0.037333333
1544069400,0.037333333
1544069700,0.037333333
1544070000,0.037333333
1544070300,0.037333333
1544070600,0.037333333
1544070900,0.037333333
1544071200,0.037333333
1544071500,0.037333333
1544071800,0.037333333
1544072100,0.037333333
1544072400,0.037333333
1544072700,0.037333333
1544073000,0.037333333
1544073300,0.037333333
1544073600,0.037333333
1544073900,0.037333333
1544074200,0.037333333
1544074500,0.037333333
1544074800,0.037333333
1544075100,0.037333333
1544075400,0.037333333
1544075700,0.037333333
1544076000,0.037333333
1544076300,0.037333333
1544076600,0.037333333
1544076900,0.037333333
1544077200,0.037333333
1544077500,0.037333333
1544077800,0.037333333
1544078100,0.037333333
1544078400,0.037333333
1544078700,0.037333333
1544079000,0.037333333
1544079300,0.037333333
1544079600,0.037333333
1544079900,0.037333333
1544080200,0.037333333
1544080500,0.037333333
1544080800,0.037333333
1544081100,0.037333333
1544081400,0.037333333
1544081700,0.037333333
1544082000,0.037333333
1544082300,0.037333333
1544082600,0.037333333
1544082900,0.037333333
1544083200,0.037333333
1544083500,0.037333333
1544083800,0.037333333
1544084100,0.037333333
1544084400,0.037333333
1544084700,0.037333333
1544085000,0.037333333
1544085300,0.037333333
1544085600,0.037333333
1544085900,0.037333333
1544086200,0.037333333
1544086500,0.037333333
1544086800,0.037333333
1544087100,0.037333333
1544087400,0.037333333
1544087700,0.037333333
1544088000,0.037333333
1544088300,0.037333333
1544088600,0.037333333
1544088900,0.037333333
1544089200,0.037333333
1544089500,0.037333333
1544089800,0.037333333
1544090100,0.037333333
1544090400,0.037333333
1544090700,0.037333333
1544091000,0.037333333
1544091300,0.037333333
1544091600,0.037333333
1544091900,0.037333333
1544092200,0.037333333
1544092500,0.037333333
1544092800,0.037333333
1544093100,0.037333333
1544093400,0.037333333
1544093700,0.037333333
1544094000,0.037333333
1544094300,0.037333333
1544094600,0.037333333
1544094900,0.037333333
1544095200,0.037333333
1544095500,0.037333333
1544095800,0.037333333
1544096100,0.037333333
1544096400,0.037333333
1544096700,0.037333333
1544097000,0.037333333
1544097300,0.037333333
1544097600,0.037333333
1544097900,0.037333333
1544098200,0.037333333
1544098500,0.037333333
1544098800,0.037333333
1544099100,0.037333333
1544099400,0.037333333
1544099700,0.037333333
1544100000,0.037333333
1544100300,0.037333333
1544100600,0.037333333
1544100900,0.037333333
1544101200,0.037333333
1544101500,0.037333333
1544101800,0.037333333
1544102100,0.037333333
1544102400,0.037333333
1544102700,0.037333333
1544103000,0.037333333
1544103300,0.037333333
1544103600,0.037333333
1544103900,0.037333333
1544104200,0.037333333
1544104500,0.037333333
1544104800,0.037333333
1544105100,0.037333333
1544105400,0.037333333
1544105700,0.037333333
1544106000,0.037333333
1544106300,0.037333333
1544106600,0.037333333
1544106900,0.037333333
1544107200,0.037333333
1544107500,0.037333333
1544107800,0.037333333
1544108100,0.037333333
1544108400,0.037333333
1544108700,0.037333333
1544109000,0.037333333
1544109300,0.037333333
1544109600,0.037333333
1544109900,0.037333333
1544110200,0.037333333
1544110500,0.037333333
1544110800,0.037333333
1544111100,0.037333333
1544111400,0.037333333
1544111700,0.037333333
1544112000,0.037333333
1544112300,0.037333333
1544112600,0.037333333
1544112900,0.037333333
1544113200,0.037333333
1544113500,0.037333333
1544113800,0.037333333
1544114100,0.037333333
1544114400,0.037333333
1544114700,0.037333333
1544115000,0.037333333
1544115300,0.037333333
1544115600,0.037333333
1544115900,0.037333333
1544116200,0.037333333
1544116500,0.037333333
1544116800,0.037333333
1544117100,0.037333333
1544117400,0.037333333
1544117700,0.037333333
1544118000,0.037333333
1544118300,0.037333333
1544118600,0.037333333
1544118900,0.037333333
1544119200,0.037333333
1544119500,0.037333333
1544119800,0.037333333
1544120100,0.037333333
1544120400,0.037333333
1544120700,0.037333333
1544121000,0.037333333
1544121300,0.037333333
1544121600,0.037333333
1544121900,0.037333333
1544122200,0.037333333
1544122500,0.037333333
1544122800,0.037333333
1544123100,0.037333333
1544123400,0.037333333
1544123700,0.037333333
1544124000,0.037333333
1544124300,0.037333333
1544124600,0.037333333
1544124900,0.037333333
1544125200,0.037333333
1544125500,0.037333333
1544125800,0.037333333
1544126100,0.037333333
1544126400,0.037333333
1544126700,0.037333333
1544127000,0.037333333
1544127300,0.037333333
1544127600,0.037333333
1544127900,0.037333333
1544128200,0.037333333
1544128500,0.037333333
1544128800,0.037333333
1544129100,0.037333333
1544129400,0.037333333
1544129700,0.037333333
1544130000,0.037333333
1544130300,0.037333333
1544130600,0.037333333
1544130900,0.037333333
1544131200,0.037333333
1544131500,0.037333333
1544131800,0.037333333
1544132100,0.037333333
1544132400,0.037333333
1544132700,0.037333333
1544133000,0.037333333
1544133300,0.037333333
1544133600,0.037333333
1544133900,0.037333333
1544134200,0.037333333
1544134500,0.037333333
1544134800,0.037333333
1544135100,0.037333333
1544135400,0.037333333
1544135700,0.037333333
1544136000,0.037333333
1544136300,0.037333333
1544136600,0.037333333
1544136900,0.037333333
1544137200,0.037333333
1544137500,0.037333333
1544137800,0.037333333
1544138100,0.037333333
1544138400,0.037333333
1544138700,0.037333333
1544139000,0.037333333
1544139300,0.037333333
1544139600,0.037333333
1544139900,0.037333333
1544140200,0.037333333
1544140500,0.037333333
1544140800,0.0384
1544141100,0.0384
1544141400,0.0384
1544141700,0.0384
1544142000,0.0384
1544142300,0.0384
1544142600,0.0384
1544142900,0.0384
1544143200,0.0384
1544143500,0.0384
1544143800,0.0384
1544144100,0.0384
1544144400,0.0384
